study_id,category,intervention,control,n_intervention,n_control,events_intervention,events_control,risk_intervention,risk_control,rr,log_rr,se_log_rr,year,mean_age,pct_male,mean_followup_months,notes
DANAMI-2,STEMI Management,Primary PCI,Fibrinolysis,790,782,63,85,0.0797468354430379,0.108695652173913,0.7336708860759493,-0.3096947350145399,0.15840810140912,2003,63.0,76.0,36.0,"Danish trial, transfer for primary PCI"
PRAGUE-2,STEMI Management,Primary PCI,Fibrinolysis,429,421,59,78,0.1375291375291375,0.1852731591448931,0.7423047038431654,-0.2979954680295078,0.1583141374602071,2003,61.0,74.0,12.0,Primary PCI with transfer vs fibrinolysis
CAPTIM,STEMI Management,Primary PCI,Pre-hospital fibrinolysis,419,421,36,38,0.0859188544152744,0.0902612826603325,0.9518904660218566,-0.049305307510032,0.2221072612376264,2002,59.0,84.0,12.0,Early presentation (<2 hours)
PAMI,STEMI Management,Primary PCI,t-PA,195,200,9,13,0.0461538461538461,0.065,0.7100591715976331,-0.3424069721410275,0.4217890265357586,1993,58.0,77.0,6.0,First major trial of primary PCI
Zijlstra 1993,STEMI Management,Primary PCI,Streptokinase,152,149,7,13,0.0460526315789473,0.087248322147651,0.527834008097166,-0.6389734233070408,0.4544115568686888,1993,60.0,79.0,6.0,Dutch trial
Grines 1993,STEMI Management,Primary PCI,t-PA,200,205,12,20,0.06,0.0975609756097561,0.615,-0.4861330111756192,0.3513620419920819,1993,59.0,75.0,6.0,Multi-center US trial
GUSTO-IIb angioplasty,STEMI Management,Primary PCI,t-PA,565,573,31,41,0.0548672566371681,0.0715532286212914,0.7668033671487158,-0.2655248766508629,0.2305063908356187,1997,62.0,72.0,12.0,GUSTO-IIb substudy
SHOCK,STEMI Management,Early revascularization,Initial medical stabilization,152,150,69,85,0.4539473684210526,0.5666666666666667,0.8010835913312694,-0.2217899786430776,0.1140694765064415,1999,66.0,67.0,6.0,Cardiogenic shock complicating AMI
STREAM,STEMI Management,Primary PCI,Pre-hospital fibrinolysis,939,943,51,55,0.0543130990415335,0.0583244962884411,0.9312227708393844,-0.0712567490829505,0.1888498165360664,2013,60.0,76.0,12.0,Cannot reach cath lab within 1 hour
PRAGUE-1,STEMI Management,Primary PCI,Streptokinase,101,99,14,17,0.1386138613861386,0.1717171717171717,0.8072218986604544,-0.2141566811476269,0.3320393058665135,2000,62.0,70.0,12.0,Community hospital transfer
AIR-PAMI,STEMI Management,Primary PCI,t-PA,71,67,4,6,0.056338028169014,0.0895522388059701,0.6291079812206574,-0.4634523657585136,0.6226209011028178,2000,57.0,80.0,1.0,Air transport for primary PCI
WEST,STEMI Management,Primary PCI,TNK,31,33,2,4,0.064516129032258,0.1212121212121212,0.532258064516129,-0.6306268235786113,0.8291193552081876,2006,61.0,71.0,12.0,Rural areas
TAPAS,STEMI Management,Thrombus aspiration + PCI,PCI alone,535,536,25,40,0.0467289719626168,0.0746268656716417,0.6261682242990655,-0.46813621507094,0.2475180184950265,2008,61.0,77.0,12.0,Thrombus aspiration during primary PCI
TASTE,STEMI Management,Thrombus aspiration + PCI,PCI alone,3621,3623,198,203,0.0546810273405136,0.0560309136075075,0.975908187461483,-0.0243867672178159,0.0970795151790164,2013,65.0,74.0,12.0,Largest thrombus aspiration trial
TOTAL,STEMI Management,Routine aspiration + PCI,PCI alone,5033,5030,207,198,0.0411285515597059,0.0393638170974155,1.0448313855824287,0.0438555188882587,0.0973854563729396,2015,60.0,79.0,12.0,"Showed no benefit, increased stroke"
FRISC-II,NSTEMI/Unstable Angina,Early invasive,Conservative,1222,1235,127,159,0.1039279869067103,0.128744939271255,0.8072393951558946,-0.2141350064311032,0.1119610500101584,1999,66.0,66.0,24.0,Fast Revascularisation during InStability in Coronary artery disease
TACTICS-TIMI 18,NSTEMI/Unstable Angina,Early invasive,Conservative,1114,1106,95,118,0.085278276481149,0.1066907775768535,0.7993031676961933,-0.2240149712700732,0.1311452128765296,2001,62.0,65.0,6.0,Treat Angina with Aggrastat and determine Cost of Therapy
RITA-3,NSTEMI/Unstable Angina,Early invasive,Conservative,895,915,76,94,0.0849162011173184,0.1027322404371584,0.8265779151313444,-0.1904610949830068,0.146921673004921,2002,62.0,69.0,12.0,Randomised Intervention Trial of unstable Angina
ICTUS,NSTEMI/Unstable Angina,Early invasive,Selective invasive,604,604,67,64,0.1109271523178807,0.1059602649006622,1.046875,0.0458095360312942,0.165042766749054,2005,62.0,73.0,12.0,Invasive versus Conservative Treatment in Unstable coronary Syndromes
VINO,NSTEMI/Unstable Angina,Early invasive,Conservative,69,68,4,10,0.0579710144927536,0.1470588235294117,0.3942028985507246,-0.9308895312953076,0.5663932944729047,2002,58.0,79.0,6.0,Value of first day angiography
TRUCS,NSTEMI/Unstable Angina,Early invasive,Conservative,150,150,12,18,0.08,0.12,0.6666666666666667,-0.4054651081081643,0.3543381937578216,2000,60.0,70.0,6.0,Treatment of Refractory Unstable angina in geographically isolated areas
ISAR-COOL,NSTEMI/Unstable Angina,Immediate invasive,Delayed invasive,205,205,24,19,0.1170731707317073,0.0926829268292682,1.2631578947368425,0.2336148511815052,0.2907613248921862,2003,66.0,71.0,1.0,Intracoronary Stenting with Antithrombotic Regimen Cooling Off
TIMACS,NSTEMI/Unstable Angina,Early invasive (<24h),Delayed invasive,1593,1586,148,152,0.0929064657878217,0.0958385876418663,0.9694056232860871,-0.0310721547974165,0.1098974099365399,2009,65.0,68.0,6.0,Timing of Intervention in Acute Coronary Syndromes
ELISA,NSTEMI/Unstable Angina,Immediate invasive,Delayed invasive (>24h),68,74,5,8,0.0735294117647058,0.1081081081081081,0.6801470588235294,-0.3854462412176724,0.5447757374677633,2003,65.0,72.0,1.0,Early or Late Intervention in unStable Angina
OPTIMA,NSTEMI/Unstable Angina,Immediate invasive,Delayed invasive (25h),71,71,4,6,0.056338028169014,0.0845070422535211,0.6666666666666667,-0.4054651081081643,0.6232957986238633,2003,63.0,74.0,6.0,Optimal Timing of PCI in Unstable Angina
CURE,NSTEMI/Unstable Angina,Clopidogrel + ASA,Placebo + ASA,6259,6303,582,719,0.092986100015977,0.1140726638108837,0.815147967177612,-0.2043856274012002,0.0528262160517727,2001,64.0,62.0,9.0,Clopidogrel in Unstable angina to prevent Recurrent Events
CREDO,NSTEMI/Unstable Angina,Clopidogrel pretreatment,No pretreatment,1053,1063,109,129,0.1035137701804368,0.1213546566321731,0.8529855635798789,-0.1590126559245559,0.1226207507823407,2002,61.0,70.0,12.0,Clopidogrel for Reduction of Events During Observation
TRILOGY ACS,NSTEMI/Unstable Angina,Prasugrel,Clopidogrel,3555,3564,557,571,0.1566807313642756,0.1602132435465768,0.977951184907668,-0.0222955233753675,0.0546330308097775,2012,75.0,47.0,17.0,Medically managed NSTE-ACS
PLATO,NSTEMI/Unstable Angina,Ticagrelor,Clopidogrel,9333,9291,822,929,0.0880745740919318,0.0999892368959207,0.8808405467041323,-0.1268786606820928,0.0455872082098038,2009,62.0,72.0,12.0,ACS with or without ST elevation
TRACER,NSTEMI/Unstable Angina,Vorapaxar,Placebo,6473,6502,977,1004,0.150934651629847,0.1544140264533989,0.9774672359534518,-0.0227905058905513,0.0413675076098738,2012,62.0,71.0,18.0,PAR-1 antagonist in NSTE-ACS
PROVE-IT TIMI 22,Post-MI Management,Atorvastatin 80mg,Pravastatin 40mg,2099,2063,449,537,0.213911386374464,0.2603005332040717,0.8217862012858831,-0.1962750135159917,0.0559304976665509,2004,58.0,78.0,24.0,Intensive vs standard statin therapy post-ACS
A to Z,Post-MI Management,Early simvastatin 80mg,Delayed simvastatin 20mg,2265,2232,309,343,0.1364238410596026,0.153673835125448,0.8877493097522832,-0.1190658846841272,0.072540802808822,2004,61.0,75.0,24.0,Aggrastat to Zocor - intensive therapy post-ACS
MIRACL,Post-MI Management,Atorvastatin 80mg,Placebo,1538,1548,228,269,0.1482444733420026,0.1737726098191214,0.8530945900870632,-0.1588848465633152,0.0825060430555296,2001,65.0,65.0,4.0,Myocardial Ischemia Reduction with Aggressive Cholesterol Lowering
LIPID,Post-MI Management,Pravastatin 40mg,Placebo,4512,4502,498,633,0.1103723404255319,0.1406041759218125,0.7849862189506235,-0.2420891168307405,0.0560718846940032,1998,62.0,83.0,72.0,Long-term Intervention with Pravastatin in Ischaemic Disease
DAPT,Post-MI Management,30 months DAPT,12 months DAPT,4941,4916,180,222,0.0364298724954462,0.0451586655817737,0.8067083476919544,-0.2147930791418934,0.0982560658025716,2014,61.0,75.0,30.0,Duration of dual antiplatelet therapy after DES
PRODIGY,Post-MI Management,24 months DAPT,6 months DAPT,1002,1001,107,102,0.1067864271457085,0.1018981018981019,1.0479726820868067,0.0468575188480455,0.1309683586601506,2012,68.0,77.0,24.0,Prolonging Dual antiplatelet treatment after Grading stent-induced Intimal hyperplasia studY
EXCELLENT,Post-MI Management,12 months DAPT,6 months DAPT,722,721,28,32,0.038781163434903,0.044382801664355,0.8737880886426592,-0.1349173942323998,0.2533619577028644,2012,62.0,68.0,12.0,Efficacy of Xience/Promus versus Cypher to reduce Late Loss after stenting
RESET,Post-MI Management,3 months DAPT,12 months DAPT,1059,1058,47,46,0.0443814919735599,0.0434782608695652,1.0207743153918791,0.0205614720378018,0.2027961033453928,2012,63.0,71.0,12.0,Real Safety and Efficacy of 3-month dual antiplatelet Therapy
SECURITY,Post-MI Management,6 months DAPT,12 months DAPT,682,717,47,52,0.0689149560117302,0.0725244072524407,0.9502312203925108,-0.0510499341152104,0.1940267743796098,2014,64.0,79.0,12.0,Second generation drug-eluting stent implantation
ISAR-SAFE,Post-MI Management,6 months DAPT,12 months DAPT,2003,1997,112,131,0.055916125811283,0.0655983975963945,0.8524007881307809,-0.15969845415606,0.1247483745979317,2015,68.0,75.0,15.0,Safety and efficacy of 6 vs 12 months DAPT after DES
AFFIRM,AF Rate vs Rhythm Control,Rhythm control,Rate control,2027,2033,356,310,0.1756290083867785,0.1524840137727496,1.15178636790426,0.141314100549185,0.0710603362577399,2002,70.0,61.0,42.0,Atrial Fibrillation Follow-up Investigation of Rhythm Management
RACE,AF Rate vs Rhythm Control,Rhythm control,Rate control,266,256,23,18,0.0864661654135338,0.0703125,1.2297410192147034,0.2068035937308483,0.3022716790056259,2002,68.0,63.0,34.0,Rate Control versus Electrical cardioversion for persistent atrial fibrillation
PIAF,AF Rate vs Rhythm Control,Rhythm control,Rate control,125,127,2,1,0.016,0.0078740157480314,2.032,0.7090205297162355,1.2182470949080768,2000,61.0,70.0,12.0,Pharmacological Intervention in Atrial Fibrillation
STAF,AF Rate vs Rhythm Control,Rhythm control,Rate control,100,100,7,5,0.07,0.05,1.4,0.336472236621213,0.568205194324324,2003,66.0,71.0,36.0,Strategies of Treatment of Atrial Fibrillation
HOT CAFE,AF Rate vs Rhythm Control,Rhythm control,Rate control,101,104,3,5,0.0297029702970297,0.048076923076923,0.6178217821782177,-0.4815552414658776,0.7168102668202645,2004,61.0,77.0,20.0,How to Treat Chronic Atrial Fibrillation
AF-CHF,AF Rate vs Rhythm Control,Rhythm control,Rate control,682,694,206,220,0.3020527859237537,0.3170028818443804,0.9528392428685684,-0.048309074899438,0.0805768305871334,2008,66.0,86.0,37.0,Atrial Fibrillation and Congestive Heart Failure
RACE II,AF Rate vs Rhythm Control,Strict rate control,Lenient rate control,303,311,38,43,0.1254125412541254,0.1382636655948553,0.907053496047279,-0.0975538492973118,0.2074990103845509,2010,68.0,63.0,36.0,Rate Control Efficacy in Permanent Atrial Fibrillation II
EAST-AFNET 4,AF Rate vs Rhythm Control,Early rhythm control,Usual care,1395,1394,231,287,0.1655913978494623,0.2058823529411764,0.8043010752688172,-0.2177816081728243,0.0798693864605319,2020,70.0,54.0,64.0,Early treatment of Atrial Fibrillation for Stroke Prevention
CABANA,AF Catheter Ablation,Catheter ablation,Drug therapy,1108,1096,113,135,0.101985559566787,0.1231751824817518,0.8279716539644337,-0.1887763595253571,0.1201749936325978,2019,68.0,63.0,48.0,Catheter ABlation versus ANtiarrhythmic drug therapy for Atrial fibrillation
CASTLE-AF,AF Catheter Ablation,Catheter ablation,Medical therapy,179,184,51,82,0.2849162011173184,0.4456521739130434,0.6393241586047145,-0.4473436627716968,0.144158212742139,2018,63.0,87.0,38.0,Catheter Ablation versus Standard conventional Treatment in patients with LEft ventricular dysfunction and AF
AATAC,AF Catheter Ablation,Catheter ablation,Amiodarone,102,101,9,28,0.088235294117647,0.2772277227722772,0.3182773109243697,-1.144832229281996,0.3565395983025721,2016,60.0,82.0,24.0,Ablation vs Amiodarone for Treatment of Atrial Fibrillation in patients with CHF
MANTRA-PAF,AF Catheter Ablation,Ablation first-line,Antiarrhythmic drugs,146,148,73,80,0.5,0.5405405405405406,0.925,-0.0779615414697119,0.1122165687932775,2012,56.0,72.0,24.0,Medical ANtiarrhythmic Treatment or Radiofrequency Ablation in Paroxysmal AF
RAAFT-2,AF Catheter Ablation,Catheter ablation,Antiarrhythmic drugs,66,61,15,43,0.2272727272727272,0.7049180327868853,0.3224101479915433,-1.1319307924444666,0.2416144094330656,2010,56.0,79.0,12.0,Radiofrequency Ablation vs Antiarrhythmic drugs as First-line Treatment
APAF,AF Catheter Ablation,Catheter ablation,Amiodarone,101,97,34,58,0.3366336633663366,0.5979381443298969,0.5629907818368044,-0.5744920242681345,0.1626126550016997,2006,59.0,76.0,12.0,Ablation for Paroxysmal Atrial Fibrillation
SARA,AF Catheter Ablation,Catheter ablation,Antiarrhythmic drugs,72,74,23,42,0.3194444444444444,0.5675675675675675,0.5628306878306878,-0.5747764281661042,0.1997132501279938,2010,54.0,78.0,12.0,Substrate and Trigger Ablation for Reduction of Atrial Fibrillation
CAPTAF,AF Catheter Ablation,Catheter ablation,Thoracoscopic surgical ablation,30,31,9,7,0.3,0.2258064516129032,1.3285714285714283,0.2841042511038969,0.4340240271215311,2012,58.0,71.0,12.0,Catheter ablation versus thoracoscopic surgical ablation
FIRE AND ICE,AF Catheter Ablation,Cryoballoon ablation,Radiofrequency ablation,374,376,119,135,0.3181818181818182,0.3590425531914893,0.8861952861952862,-0.1208179393515374,0.1023591592990889,2016,60.0,65.0,18.0,Comparison of cryoballoon and radiofrequency ablation
CIRCA-DOSE,AF Catheter Ablation,High-dose cryoablation,Standard-dose cryoablation,165,165,52,58,0.3151515151515151,0.3515151515151515,0.896551724137931,-0.1091992919649919,0.1560478657973313,2020,61.0,64.0,12.0,Cryoballoon dosing for pulmonary vein isolation
STOP-AF,AF Catheter Ablation,Cryoballoon ablation,Antiarrhythmic drugs,163,82,51,59,0.3128834355828221,0.7195121951219512,0.434854944369346,-0.8327427647239027,0.13500705316114,2013,60.0,68.0,12.0,Sustained Treatment Of Paroxysmal Atrial Fibrillation
FREEZE COHORT,AF Catheter Ablation,Cryoballoon ablation,Radiofrequency ablation,61,61,18,25,0.2950819672131147,0.4098360655737705,0.72,-0.3285040669720361,0.2505367643872929,2016,58.0,66.0,12.0,Cryoballoon vs RF ablation for paroxysmal AF
AVERROES,AF Anticoagulation,Apixaban,Aspirin,2808,2791,51,113,0.0181623931623931,0.0404872805446076,0.4485950381968082,-0.8016347175973942,0.1665622429758904,2011,70.0,59.0,14.0,Patients unsuitable for vitamin K antagonist
BAFTA,AF Anticoagulation,Warfarin,Aspirin,485,488,21,44,0.0432989690721649,0.0901639344262295,0.4802249297094658,-0.7335006812791742,0.2573621657282756,2007,82.0,47.0,34.0,Birmingham Atrial Fibrillation Treatment of the Aged
ACTIVE-W,AF Anticoagulation,Warfarin,Clopidogrel + ASA,3371,3335,165,234,0.0489469000296647,0.0701649175412293,0.697597912815949,-0.3601123983414575,0.098679341202605,2006,70.0,64.0,16.0,Atrial fibrillation Clopidogrel Trial with Irbesartan for prevention of Vascular Events
ACTIVE-A,AF Anticoagulation,Clopidogrel + ASA,Aspirin,3772,3782,296,408,0.0784729586426299,0.1078794288736118,0.7274135529079075,-0.3182601146150467,0.0727999798000198,2009,71.0,58.0,42.0,Patients unsuitable for vitamin K antagonist
SPAF-II,AF Anticoagulation,Warfarin,Aspirin,358,357,5,17,0.0139664804469273,0.0476190476190476,0.2932960893854748,-1.226572636243177,0.5032187525065018,1994,69.0,70.0,30.0,Stroke Prevention in Atrial Fibrillation II
SPAF-III,AF Anticoagulation,Adjusted-dose warfarin,Low-dose warfarin + aspirin,521,523,11,34,0.0211132437619961,0.0650095602294455,0.3247713672801174,-1.1246338295062348,0.3413054701133968,1996,71.0,71.0,14.0,Stroke Prevention in Atrial Fibrillation III
PROTECT-AF,AF Anticoagulation,Watchman device,Warfarin,463,244,39,26,0.0842332613390928,0.1065573770491803,0.7904967602591793,-0.2350937206848678,0.2405085782940049,2013,72.0,70.0,45.0,Left atrial appendage closure
PREVAIL,AF Anticoagulation,Watchman device,Warfarin,269,138,18,11,0.0669144981412639,0.0797101449275362,0.8394727948631294,-0.1749812093468402,0.3681043296866978,2014,74.0,65.0,18.0,Prospective Randomized Evaluation of the Watchman LAA Closure Device
PRAGUE-17,AF Anticoagulation,LAAO + antiplatelet,DOACs,201,201,17,22,0.0845771144278607,0.1094527363184079,0.7727272727272727,-0.2578291093020998,0.3071283544547641,2020,73.0,62.0,20.0,Left atrial appendage closure vs NOACs in high-risk patients
PARTNER 1A,TAVI vs Surgical AVR,TAVI,Surgical AVR,348,351,93,93,0.2672413793103448,0.2649572649572649,1.0086206896551724,0.0085837436913914,0.1256296552438649,2011,84.0,57.0,24.0,High-risk patients with severe aortic stenosis
PARTNER 2A,TAVI vs Surgical AVR,TAVI (SAPIEN XT),Surgical AVR,1011,1021,244,265,0.2413452027695351,0.2595494613124388,0.9298620831233788,-0.0727190015488261,0.0768335470249518,2016,82.0,54.0,24.0,Intermediate-risk patients
PARTNER 3,TAVI vs Surgical AVR,TAVI (SAPIEN 3),Surgical AVR,496,454,42,68,0.0846774193548387,0.1497797356828193,0.5653462998102466,-0.570316815576318,0.1851935040934232,2019,73.0,68.0,24.0,Low-risk patients
CoreValve US Pivotal High Risk,TAVI vs Surgical AVR,TAVI (CoreValve),Surgical AVR,390,357,86,102,0.2205128205128205,0.2857142857142857,0.7717948717948718,-0.2590364743748163,0.1267541144621735,2014,83.0,53.0,24.0,Self-expanding TAVI in high-risk patients
SURTAVI,TAVI vs Surgical AVR,TAVI (CoreValve/Evolut R),Surgical AVR,864,796,146,152,0.1689814814814814,0.1909547738693467,0.8849293372319689,-0.1222474820976124,0.1049503388392415,2017,80.0,58.0,24.0,Intermediate-risk patients
SPRINT,BP Targets,Intensive (<120 mmHg),Standard (<140 mmHg),4678,4683,243,319,0.0519452757588713,0.0681187273115524,0.7625696751686343,-0.2710613974048788,0.0825997438171201,2015,68.0,65.0,39.0,"Non-diabetic, high CV risk, SBP target <120 vs <140"
ACCORD-BP,BP Targets,Intensive (<120 mmHg),Standard (<140 mmHg),2362,2371,208,237,0.0880609652836579,0.0999578237030788,0.8809812180909407,-0.1267189721257152,0.0904542348139611,2010,62.0,53.0,56.0,"Type 2 diabetes, intensive BP lowering"
SPS3,BP Targets,Lower target (130/80),Higher target (130-149/80-89),1519,1500,125,138,0.0822909809084924,0.092,0.8944671837879613,-0.1115270633603748,0.1179889075195613,2013,63.0,63.0,42.0,Recent lacunar stroke
JATOS,BP Targets,Strict (<140 mmHg),Mild (140-160 mmHg),2063,2045,154,165,0.0746485700436257,0.0806845965770171,0.9251898529649376,-0.0777563160813012,0.1076121927329383,2008,74.0,44.0,24.0,"Japanese elderly, aged 65-85"
VALISH,BP Targets,Strict (<140 mmHg),Moderate (140-150 mmHg),1589,1590,77,75,0.0484581497797356,0.0471698113207547,1.0273127753303963,0.0269464369949345,0.158310103538025,2010,76.0,37.0,36.0,"Japanese elderly, valsartan"
CARDIO-SIS,BP Targets,Intensive (<130 mmHg),Standard (130-140 mmHg),573,573,23,28,0.0401396160558464,0.0488656195462478,0.8214285714285714,-0.1967102942460542,0.2751402282249732,2016,67.0,60.0,24.0,Elderly Italian patients
FEVER,BP Targets,Felodipine + standard,Placebo + standard,4695,4654,211,246,0.0449414270500532,0.0528577567683712,0.8502333393940967,-0.1622444502364226,0.0915233066933437,2005,60.0,53.0,42.0,"Chinese patients, HTN with felodipine"
HOT,BP Targets,Diastolic <80 mmHg,Diastolic <90 mmHg,6264,6264,232,251,0.037037037037037,0.0400702426564495,0.9243027888446216,-0.0787155674654739,0.0893035484768813,1998,62.0,53.0,45.0,Hypertension Optimal Treatment study
PAST-BP,BP Targets,Strict control,Usual control,1111,1108,58,64,0.0522052205220522,0.0577617328519855,0.9038028802880288,-0.1011439951456534,0.176249148155478,2013,66.0,61.0,36.0,Post-stroke BP management
ADVANCE-BP,BP Targets,Perindopril-indapamide,Placebo,5569,5571,590,663,0.1059436164481953,0.11900915455035,0.8902140078927548,-0.1162933868549503,0.0533305207298544,2007,66.0,58.0,52.0,"Type 2 diabetes, BP lowering"
PROGRESS,BP Targets,Perindopril ± indapamide,Placebo,3051,3054,307,420,0.1006227466404457,0.137524557956778,0.7316711148569555,-0.3124241626283088,0.0705909382128151,2001,64.0,70.0,46.0,Post-stroke/TIA BP lowering
HOPE,BP Targets,Ramipril,Placebo,4645,4652,651,826,0.1401506996770721,0.1775580395528805,0.7893233110142124,-0.2365792689217928,0.0481300893765384,2000,66.0,73.0,56.0,"High CV risk, ACE inhibitor"
HYVET,BP Targets,Indapamide ± perindopril,Placebo,1687,1912,206,269,0.1221102548903378,0.1406903765690376,0.867936086804186,-0.1416371997468797,0.086348481579433,2008,84.0,39.0,24.0,"Very elderly (≥80 years), target <150/80"
SHEP,BP Targets,Chlorthalidone-based,Placebo,2365,2371,96,149,0.0405919661733615,0.0628426824124841,0.6459298778324843,-0.4370643293382508,0.1276067400745587,1991,72.0,43.0,54.0,Isolated systolic HTN in elderly
Syst-Eur,BP Targets,Nitrendipine-based,Placebo,2398,2297,186,254,0.0775646371976647,0.1105790161079669,0.7014408332402987,-0.3546187262036966,0.0919836253060141,1997,70.0,33.0,24.0,European elderly with isolated systolic HTN
ALLHAT,Antihypertensive Drug Classes,Chlorthalidone (diuretic),Lisinopril (ACE-I),15255,9048,2315,1413,0.1517535234349393,0.1561671087533156,0.9717380608912464,-0.0286689955190066,0.031041997134324,2002,67.0,47.0,58.0,"Largest HTN outcomes trial, also compared with amlodipine"
ACCOMPLISH,Antihypertensive Drug Classes,Benazepril-amlodipine,Benazepril-HCTZ,5744,5762,552,679,0.096100278551532,0.1178410274210343,0.8155078129807476,-0.203944276365187,0.0541913525855567,2008,68.0,60.0,36.0,ACE-I + CCB superior to ACE-I + diuretic
ASCOT-BPLA,Antihypertensive Drug Classes,Amlodipine ± perindopril,Atenolol ± bendroflumethiazide,9639,9618,429,474,0.044506691565515,0.0492825951341235,0.9030914756901356,-0.1019314287134196,0.0650614328990369,2005,63.0,81.0,66.0,CCB-based superior to beta-blocker-based
LIFE,Antihypertensive Drug Classes,Losartan-based,Atenolol-based,4605,4588,508,588,0.110314875135722,0.1281604184829991,0.8607562025896134,-0.149943970760291,0.0568688759140029,2002,67.0,54.0,58.0,"ARB vs beta-blocker, LVH at baseline"
VALUE,Antihypertensive Drug Classes,Valsartan-based,Amlodipine-based,7649,7596,810,789,0.1058961955811217,0.1038704581358609,1.019502536925476,0.0193147994309206,0.0473245258226012,2004,67.0,56.0,52.0,"ARB vs CCB, similar outcomes"
CONVINCE,Antihypertensive Drug Classes,Verapamil SR,Atenolol or HCTZ,8241,8235,364,365,0.0441693969178497,0.0443230115361262,0.996534201694501,-0.0034718180973937,0.0724168583225259,2003,66.0,53.0,36.0,CCB vs conventional therapy
ONTARGET,Antihypertensive Drug Classes,Ramipril,Telmisartan,8576,8542,1412,1423,0.1646455223880597,0.166588620931866,0.9883359467595264,-0.0117326119458363,0.0343115564543998,2008,66.0,73.0,56.0,"ACE-I vs ARB, equivalent outcomes"
TRANSCEND,Antihypertensive Drug Classes,Telmisartan,Placebo,2954,2972,465,504,0.1574136763710223,0.1695827725437416,0.9282409646322984,-0.0744639197376876,0.0588189325666658,2008,67.0,71.0,56.0,ACE-I intolerant patients
PRoFESS,Antihypertensive Drug Classes,Telmisartan,Placebo,10146,10186,880,934,0.0867336881529666,0.0916944826232083,0.9458986590215402,-0.0556198414386759,0.0448362852430639,2008,66.0,63.0,30.0,"Post-stroke, ARB vs placebo"
CAPPP,Antihypertensive Drug Classes,Captopril,Diuretic or beta-blocker,5492,5493,363,335,0.0660961398397669,0.0609867103586382,1.0837793914622085,0.080454368894543,0.0733195925518929,1999,53.0,53.0,74.0,ACE-I vs conventional therapy
STOP-2,Antihypertensive Drug Classes,ACE-I,Diuretic or beta-blocker,2205,2213,221,236,0.1002267573696145,0.1066425666516041,0.9398381951650716,-0.0620475513377539,0.0886385073868586,1999,76.0,40.0,60.0,Swedish Trial in Old Patients with hypertension-2
UKPDS 39,Antihypertensive Drug Classes,Atenolol,Captopril,358,400,103,122,0.2877094972067039,0.305,0.943309826907226,-0.058360495796339,0.1123038872264339,1998,56.0,60.0,104.0,"Type 2 diabetes, beta-blocker vs ACE-I"
AASK,Antihypertensive Drug Classes,Ramipril,Metoprolol,436,441,58,73,0.1330275229357798,0.1655328798185941,0.8036320221188891,-0.21861379850416,0.1624156943448958,2002,55.0,61.0,50.0,African Americans with CKD
IDNT,Antihypertensive Drug Classes,Irbesartan,Amlodipine,579,567,103,100,0.1778929188255613,0.1763668430335097,1.0086528497409328,0.0086156283963014,0.127349729944706,2001,59.0,66.0,31.0,"Diabetic nephropathy, ARB vs CCB"
RENAAL,Antihypertensive Drug Classes,Losartan,Placebo,751,762,163,198,0.2170439414114514,0.2598425196850393,0.8352903199774039,-0.1799759259652613,0.0924206713613547,2001,60.0,63.0,40.0,Type 2 diabetes with nephropathy
MOSES,Antihypertensive Drug Classes,Eprosartan,Nitrendipine,700,711,93,134,0.1328571428571428,0.1884669479606188,0.7049360341151386,-0.3496482120378192,0.1240174727598318,2005,68.0,58.0,30.0,"Post-stroke, ARB vs CCB"
INVEST,Antihypertensive Drug Classes,Verapamil SR ± trandolapril,Atenolol ± HCTZ,11267,11309,1340,1372,0.1189313925623502,0.1213193032098328,0.9803171417548242,-0.0198791456337123,0.0360270969104687,2003,66.0,39.0,30.0,"CAD + HTN, CCB vs beta-blocker"
INSIGHT,Antihypertensive Drug Classes,Nifedipine GITS,Co-amilozide,3157,3164,200,182,0.0633512828634779,0.0575221238938053,1.1013376867035405,0.0965255198007942,0.0993060595049363,2000,65.0,51.0,42.0,CCB vs diuretic
NORDIL,Antihypertensive Drug Classes,Diltiazem,Diuretic or beta-blocker,5410,5471,403,400,0.0744916820702402,0.0731127764576859,1.0188599815157116,0.0186843370619996,0.0679246991415536,2000,60.0,51.0,58.0,Nordic Diltiazem study
ELSA,Antihypertensive Drug Classes,Lacidipine,Atenolol,1157,1158,120,135,0.1037165082108902,0.116580310880829,0.8896571593200807,-0.1169191047171194,0.1183760053696418,2002,55.0,61.0,48.0,"Carotid atherosclerosis, CCB vs beta-blocker"
PARADIGM-HF,HF Novel Therapies,Sacubitril-valsartan,Enalapril,4187,4212,914,1117,0.2182947217578218,0.2651946818613485,0.8231489418477579,-0.1946181203803278,0.0388985303019717,2014,64.0,78.0,27.0,"HFrEF, ARNI superior to ACE-I by 20%"
PIONEER-HF,HF Novel Therapies,Sacubitril-valsartan,Enalapril,440,441,80,91,0.1818181818181818,0.2063492063492063,0.8811188811188811,-0.1265627233084292,0.1376543134817743,2019,61.0,73.0,2.0,"Hospitalized HF, ARNI safe and effective"
SHIFT,HF Novel Therapies,Ivabradine,Placebo,3241,3264,793,937,0.2446775686516507,0.2870710784313725,0.8523239958153553,-0.1597885476611239,0.0413926396016575,2010,60.0,76.0,23.0,"HFrEF with HR ≥70, reduces CV death/HF hosp by 18%"
SIGNIFY,HF Novel Therapies,Ivabradine,Placebo,9550,9552,606,571,0.0634554973821989,0.0597780569514237,1.0615182329155244,0.0597001785709116,0.0564984631868667,2014,65.0,77.0,28.0,"CAD without HF - NO BENEFIT, possible harm"
DIG,HF Novel Therapies,Digoxin,Placebo,3889,3882,1181,1194,0.30367703779892,0.3075734157650695,0.9873318766628204,-0.0127490481819766,0.0341983377188311,1997,64.0,78.0,37.0,"HFrEF, no mortality benefit but reduced hospitalization"
RADIANCE,HF Novel Therapies,Digoxin continued,Digoxin withdrawn,85,93,14,39,0.1647058823529411,0.4193548387096774,0.3927601809954751,-0.9345560798514484,0.2730424930577677,1993,60.0,84.0,3.0,"HFrEF on ACE-I, withdrawal worsens HF"
VICTORIA,HF Novel Therapies,Vericiguat,Placebo,2526,2524,897,972,0.3551068883610451,0.3851030110935023,0.9221088335630432,-0.0810920216509755,0.0367634934954434,2020,67.0,76.0,11.0,"Worsening HFrEF, soluble guanylate cyclase stimulator, 10% benefit"
GALACTIC-HF,HF Novel Therapies,Omecamtiv mecarbil,Placebo,4120,4112,1523,1607,0.3696601941747572,0.3908073929961089,0.9458884371167404,-0.0556306480509218,0.0281596741071793,2020,65.0,77.0,22.0,"HFrEF, cardiac myosin activator, modest 8% benefit"
V-HeFT I,HF Novel Therapies,Hydralazine-nitrate,Placebo,273,273,88,112,0.3223443223443223,0.4102564102564102,0.7857142857142858,-0.2411620568168879,0.1138692252814625,1986,58.0,100.0,29.0,"HFrEF, early mortality benefit with vasodilators"
A-HeFT,HF Novel Therapies,Hydralazine-nitrate,Placebo,518,532,43,73,0.083011583011583,0.1372180451127819,0.6049611255090707,-0.5025910783726675,0.1820556039012599,2004,57.0,61.0,10.0,"African Americans with HFrEF, significant benefit"
I-PRESERVE,HFpEF,Irbesartan,Placebo,2067,2061,742,763,0.358974358974359,0.3702086365841824,0.9696541990119972,-0.0308157669083858,0.0411014669958001,2008,72.0,40.0,50.0,"HFpEF, ARB no benefit"
PEP-CHF,HFpEF,Perindopril,Placebo,427,423,87,100,0.2037470725995316,0.2364066193853428,0.8618501170960188,-0.1486739015158542,0.1295695423508261,2006,75.0,45.0,26.0,"HFpEF, ACE-I no mortality benefit"
CHARM-Preserved,HFpEF,Candesartan,Placebo,1514,1509,333,366,0.2199471598414795,0.2425447316103379,0.9068313229529852,-0.0977988186504675,0.0664232710360609,2003,67.0,60.0,37.0,"HFpEF (EF >40%), ARB modest benefit"
DIG-PEF,HFpEF,Digoxin,Placebo,492,496,156,164,0.3170731707317073,0.3306451612903225,0.958953004164188,-0.0419132103420419,0.0919737355357759,2006,67.0,72.0,37.0,"HFpEF, digoxin no benefit"
TOPCAT,HFpEF,Spironolactone,Placebo,1722,1723,320,351,0.1858304297328687,0.2037144515380151,0.912210343104652,-0.0918846761318401,0.0693750654289621,2014,69.0,49.0,42.0,"HFpEF, MRA no mortality benefit, reduced HF hosp"
EMPEROR-Preserved,HFpEF,Empagliflozin,Placebo,2997,2991,415,511,0.1384718051384718,0.1708458709461718,0.810507180370194,-0.2100950786597214,0.0608159713722423,2021,72.0,55.0,26.0,"HFpEF (EF >40%), SGLT2i reduces events by 21%"
PARAGON-HF,HFpEF,Sacubitril-valsartan,Valsartan,2419,2389,526,557,0.2174452252997106,0.2331519464210966,0.9326331117432832,-0.0697433904737917,0.053520964811214,2019,73.0,48.0,35.0,"HFpEF, ARNI no overall benefit, possible benefit in women"
RELAX,HFpEF,Sildenafil,Placebo,108,108,12,14,0.1111111111111111,0.1296296296296296,0.8571428571428571,-0.1541506798272583,0.3691116175947138,2013,69.0,51.0,6.0,"HFpEF, PDE5 inhibitor no benefit"
ALDO-DHF,HFpEF,Spironolactone,Placebo,213,209,8,12,0.0375586854460093,0.0574162679425837,0.6541471048513302,-0.4244230218527784,0.4459302733134036,2013,67.0,48.0,12.0,"HFpEF, MRA improved diastolic function, no clinical benefit"
SENIORS,HFpEF,Nebivolol,Placebo,1061,1061,332,375,0.3129123468426013,0.353440150801131,0.8853333333333334,-0.1217910570539221,0.0615930249446454,2005,76.0,63.0,21.0,"Elderly HF (mixed EF), beta-blocker 14% benefit"
NEAT-HFpEF,HFpEF,Isosorbide mononitrate,Placebo,55,55,2,3,0.0363636363636363,0.0545454545454545,0.6666666666666666,-0.4054651081081644,0.892731592904439,2015,69.0,44.0,1.5,"HFpEF, nitrate no benefit on exercise capacity"
INDIE-HFpEF,HFpEF,Inorganic nitrite,Placebo,42,43,1,2,0.0238095238095238,0.0465116279069767,0.5119047619047619,-0.6696166831497513,1.205377394112312,2018,69.0,53.0,1.0,"HFpEF, nitrite no benefit"
Hong Kong DHF,HFpEF,Irbesartan,Ramipril,75,75,8,12,0.1066666666666666,0.16,0.6666666666666667,-0.4054651081081643,0.4262237284181474,2008,71.0,49.0,12.0,"HFpEF, ARB vs ACE-I, similar outcomes"
J-DHF,HFpEF,Carvedilol,Standard care,120,125,18,22,0.15,0.176,0.8522727272727273,-0.159848700941896,0.2909927278760891,2016,70.0,45.0,36.0,"Japanese HFpEF, beta-blocker no benefit"
OPTIMIZE-HFpEF,HFpEF,Phosphodiesterase-5 inhibitor,Placebo,88,88,7,9,0.0795454545454545,0.1022727272727272,0.7777777777777777,-0.2513144282809062,0.4808752241912462,2012,68.0,56.0,3.0,"HFpEF, PDE5 inhibitor no clinical benefit"
WOSCOPS,Primary Prevention Statins,Pravastatin 40mg,Placebo,3302,3293,174,248,0.052695336159903,0.0753112663225022,0.699700572478068,-0.3571027890541621,0.0957750660703516,1995,55.0,100.0,58.0,"West of Scotland, men 45-64 with hypercholesterolemia"
AFCAPS/TexCAPS,Primary Prevention Statins,Lovastatin 20-40mg,Placebo,3304,3301,116,183,0.0351089588377723,0.055437746137534,0.6333042247185064,-0.456804364522732,0.1161015442952801,1998,58.0,85.0,63.0,"Air Force/Texas, average cholesterol, low HDL"
ASCOT-LLA,Primary Prevention Statins,Atorvastatin 10mg,Placebo,5168,5137,154,195,0.0297987616099071,0.0379598987736032,0.7850063507184251,-0.2420634711452875,0.1059884287181496,2003,63.0,81.0,40.0,"HTN + ≥3 CV risk factors, stopped early for benefit"
JUPITER,Primary Prevention Statins,Rosuvastatin 20mg,Placebo,8901,8901,142,251,0.0159532636782384,0.028199078755196,0.5657370517928287,-0.5696258815305231,0.1039308588029734,2008,66.0,62.0,24.0,"LDL <130 but hsCRP ≥2, dramatic 44% reduction"
MEGA,Primary Prevention Statins,Pravastatin 10-20mg,Diet alone,3866,3966,111,157,0.02871184687015,0.0395864851235501,0.7252941699809873,-0.3211779547245088,0.1219328801272874,2006,58.0,32.0,63.0,"Japanese primary prevention, low-dose statin effective"
ALLHAT-LLT,Primary Prevention Statins,Pravastatin 40mg,Usual care,5170,5185,587,616,0.1135396518375241,0.1188042430086788,0.9556868421713683,-0.0453249905442703,0.0542279126245542,2002,66.0,51.0,58.0,"Hypertensive, age ≥55, no benefit (contamination)"
PROSPER,Primary Prevention Statins,Pravastatin 40mg,Placebo,2891,2913,408,473,0.1411276374956762,0.1623755578441469,0.869143357346522,-0.1402471991446826,0.0622571724295646,2002,75.0,48.0,40.0,"Elderly (70-82 years), primary + secondary prevention"
CARDS,Primary Prevention Statins,Atorvastatin 10mg,Placebo,1428,1410,61,95,0.0427170868347338,0.0673758865248227,0.6340114993365767,-0.4556881869545453,0.1597193114254618,2004,62.0,68.0,47.0,"Type 2 diabetes without high LDL, 37% reduction"
ASPEN,Primary Prevention Statins,Atorvastatin 10mg,Placebo,959,960,116,121,0.1209593326381647,0.1260416666666666,0.959677349856514,-0.0411581449119326,0.1216582628959197,2006,61.0,58.0,48.0,"Type 2 diabetes, primary prevention, neutral"
HPS,Primary Prevention Statins,Simvastatin 40mg,Placebo,10269,10267,1212,1437,0.1180251241600934,0.1399629882146683,0.8432595335780654,-0.1704804993490953,0.0364169854843432,2002,64.0,75.0,60.0,"Mixed primary/secondary, vascular disease or diabetes"
IMPROVE-IT,Non-Statin Lipid Lowering,Simvastatin-ezetimibe,Simvastatin alone,9067,9077,2742,2960,0.3024153523767509,0.3260989313649884,0.9273730248391108,-0.075399394315275,0.0219562409879035,2015,64.0,76.0,72.0,"Post-ACS, ezetimibe adds 6.4% relative benefit"
SHARP,Non-Statin Lipid Lowering,Simvastatin-ezetimibe,Placebo,4650,4620,526,619,0.1131182795698924,0.1339826839826839,0.8442753660951586,-0.1692765744525037,0.0555440869023736,2011,62.0,63.0,58.0,"Chronic kidney disease, 17% reduction"
FIELD,Non-Statin Lipid Lowering,Fenofibrate 200mg,Placebo,4895,4900,668,713,0.1364657814096016,0.1455102040816326,0.9378433785512597,-0.0641723177435429,0.0499115097709924,2005,62.0,63.0,60.0,"Type 2 diabetes, neutral primary outcome, benefit for microvascular"
ACCORD-Lipid,Non-Statin Lipid Lowering,Simvastatin + fenofibrate,Simvastatin + placebo,2765,2753,288,310,0.1041591320072332,0.1126044315292408,0.925000291664236,-0.0779612261570738,0.077285994328371,2010,62.0,69.0,58.0,"Type 2 diabetes, fibrate adds no benefit to statin"
BIP,Non-Statin Lipid Lowering,Bezafibrate 400mg,Placebo,1548,1542,211,236,0.1363049095607235,0.1530479896238651,0.890602417553541,-0.1158571715759411,0.0876477116976437,2000,60.0,91.0,75.0,"CAD with low HDL, neutral but benefit in high TG subgroup"
VA-HIT,Non-Statin Lipid Lowering,Gemfibrozil 1200mg,Placebo,1264,1267,219,275,0.173259493670886,0.2170481452249408,0.7982537399309552,-0.2253287622357341,0.0813767071027284,1999,64.0,100.0,62.0,"CAD with low HDL, 22% reduction"
AIM-HIGH,Non-Statin Lipid Lowering,Niacin + statin,Placebo + statin,1718,1696,282,274,0.1641443538998835,0.1615566037735849,1.0160176066211772,0.015890678357691,0.077614686167098,2011,64.0,85.0,36.0,"CAD with low HDL on statin, niacin adds no benefit"
HPS2-THRIVE,Non-Statin Lipid Lowering,Niacin-laropiprant + statin,Placebo + statin,12838,12835,1579,1563,0.1229942358622838,0.1217763926762758,1.0100006508588697,0.0099509752676829,0.0334260643216359,2013,65.0,84.0,46.0,"Vascular disease, niacin no benefit, increased adverse events"
REDUCE-IT,Non-Statin Lipid Lowering,Icosapent ethyl 4g,Placebo,4089,4090,705,901,0.1724137931034483,0.2202933985330073,0.7826552872287498,-0.245062926123864,0.0451581695871026,2019,64.0,71.0,58.0,"High TG on statin, EPA reduces events by 25%"
STRENGTH,Non-Statin Lipid Lowering,Omega-3 carboxylic acid,Corn oil,6539,6534,785,795,0.1200489371463526,0.1216712580348944,0.986666358885872,-0.0134233322721839,0.0471780965660495,2020,63.0,70.0,42.0,"High TG on statin, omega-3 no benefit"
EVEREST II,Mitral Regurgitation,MitraClip,Surgical repair/replacement,184,95,55,26,0.2989130434782608,0.2736842105263158,1.0921822742474916,0.088177781202544,0.2016984339185292,2011,67.0,65.0,48.0,"Severe MR, percutaneous vs surgery - less effective but safer"
COAPT,Mitral Regurgitation,MitraClip + GDMT,GDMT alone,302,312,114,167,0.3774834437086092,0.5352564102564102,0.7052385295633897,-0.349219193587647,0.0907940928330875,2018,72.0,57.0,24.0,HF with secondary MR - dramatic 47% reduction in death/HF hosp
MITRA-FR,Mitral Regurgitation,MitraClip + medical therapy,Medical therapy alone,152,160,83,97,0.5460526315789473,0.60625,0.9007053716766142,-0.1045770763192343,0.0976141575447883,2018,70.0,65.0,12.0,HF with secondary MR - NO BENEFIT (different from COAPT)
RESHAPE-HF2,Mitral Regurgitation,MitraClip + GDMT,GDMT alone,176,176,68,82,0.3863636363636363,0.4659090909090909,0.8292682926829269,-0.1872115420881463,0.1246489788988434,2022,71.0,71.0,24.0,HFrEF with moderate-to-severe secondary MR
MATTERHORN,Mitral Regurgitation,Transcatheter valve repair,Medical therapy,98,93,31,39,0.3163265306122449,0.4193548387096774,0.7543171114599686,-0.2819424271618161,0.1922038510344124,2023,75.0,61.0,12.0,Inoperable severe MR
RIME,Mitral Regurgitation,MV repair + CABG,CABG alone,73,73,22,31,0.3013698630136986,0.4246575342465753,0.7096774193548387,-0.3429447511268303,0.2243108327671713,2009,66.0,79.0,12.0,"Moderate ischemic MR, repair improves outcomes"
Mihaljevic 2007,Mitral Regurgitation,MV repair,MV replacement,150,150,18,27,0.12,0.18,0.6666666666666666,-0.4054651081081644,0.2815302102071095,2007,64.0,68.0,60.0,"Rheumatic MR, repair preferred over replacement"
Fattouch 2009,Mitral Regurgitation,MV repair + ring,MV repair alone,54,56,8,15,0.1481481481481481,0.2678571428571428,0.5530864197530864,-0.5922410152514994,0.3940697974864419,2009,62.0,64.0,48.0,"Ischemic MR, annuloplasty ring reduces recurrence"
Chan 2012,Mitral Regurgitation,Restrictive annuloplasty,Standard annuloplasty,61,61,12,18,0.1967213114754098,0.2950819672131147,0.6666666666666666,-0.4054651081081644,0.3257330251033616,2012,68.0,72.0,24.0,"Ischemic MR, restrictive technique reduces recurrent MR"
Deja 2010,Mitral Regurgitation,MV repair + revascularization,Revascularization alone,53,51,11,16,0.2075471698113207,0.3137254901960784,0.6615566037735849,-0.4131597302692067,0.3390181753881849,2010,64.0,75.0,36.0,Moderate ischemic MR undergoing CABG
TRILUMINATE,Other Valvular Disease,TriClip edge-to-edge repair,Medical therapy,115,115,28,45,0.2434782608695652,0.391304347826087,0.6222222222222222,-0.4744579795951158,0.2013583958733329,2021,78.0,48.0,12.0,"Severe TR, transcatheter repair reduces TR and improves QOL"
CLASP TR,Other Valvular Disease,PASCAL transcatheter repair,Medical therapy alone,87,87,21,32,0.2413793103448276,0.367816091954023,0.65625,-0.4212134650763035,0.2363906552127667,2022,77.0,44.0,12.0,"Severe TR, PASCAL device safe and effective"
Ben Farhat 1998,Other Valvular Disease,Balloon valvuloplasty,Open commissurotomy,226,234,31,36,0.1371681415929203,0.1538461538461538,0.8915929203539822,-0.1147456178855483,0.2265779319778088,1998,31.0,28.0,84.0,"Rheumatic MS, balloon as effective as surgery"
Reyes 1994,Other Valvular Disease,Balloon valvuloplasty,Closed commissurotomy,30,30,4,6,0.1333333333333333,0.2,0.6666666666666666,-0.4054651081081644,0.5916079783099616,1994,35.0,25.0,24.0,"Rheumatic MS, percutaneous approach preferred"
NOTION,Other Valvular Disease,TAVI (CoreValve),Surgical AVR,145,135,35,38,0.2413793103448276,0.2814814814814815,0.8575317604355717,-0.153697062219117,0.2014528702043419,2015,79.0,54.0,24.0,"Lower-risk AS, all-comers design, non-inferior"
UK-TAVI,Other Valvular Disease,TAVI,Surgical AVR,178,173,42,47,0.2359550561797752,0.2716763005780346,0.8685154195553431,-0.1409699392209965,0.1835423526200575,2013,78.0,56.0,12.0,"High-risk AS, UK multicenter trial"
Evolut Low Risk,Other Valvular Disease,TAVI (Evolut),Surgical AVR,734,734,42,60,0.0572207084468664,0.0817438692098092,0.7,-0.3566749439387324,0.1942971817496679,2019,74.0,67.0,24.0,"Low-risk AS, TAVI superior to surgery"
Klodas 1997,Other Valvular Disease,Early AVR,Delayed AVR,86,88,12,21,0.1395348837209302,0.2386363636363636,0.5847176079734219,-0.536626269710724,0.328573945424771,1997,53.0,78.0,60.0,"Severe AR, early surgery improves outcomes"
EASE,Other Valvular Disease,Early surgery (<48h),Conventional treatment,37,39,4,11,0.1081081081081081,0.282051282051282,0.3832923832923833,-0.958957178193058,0.5368808417526539,2012,47.0,68.0,6.0,"Left-sided IE with embolic risk, early surgery beneficial"
Kang 2012,Other Valvular Disease,Early surgery,Conventional treatment,38,38,3,9,0.0789473684210526,0.2368421052631578,0.3333333333333333,-1.0986122886681098,0.6259495710495183,2012,48.0,63.0,6.0,"IE with large vegetation, early surgery reduces embolic events"
SAVOR-TIMI 53,DPP-4 Inhibitors,Saxagliptin,Placebo,8280,8212,613,609,0.0740338164251207,0.074159766195811,0.9983016428293788,-0.0016998010141668,0.0550528067690007,2013,65.0,67.0,25.0,Type 2 DM + CVD or high CV risk. Neutral for MACE but increased HF hospitalization
EXAMINE,DPP-4 Inhibitors,Alogliptin,Placebo,2701,2679,305,316,0.1129211403184005,0.1179544606196341,0.957328275041124,-0.0436089212275074,0.0754966133685087,2013,61.0,68.0,18.0,Recent ACS. CV safety confirmed (non-inferior)
TECOS,DPP-4 Inhibitors,Sitagliptin,Placebo,7332,7339,839,851,0.1144298963447899,0.1159558522959531,0.9868401989123544,-0.0132471585207006,0.0457639209941133,2015,66.0,71.0,36.0,Established CVD. Neutral - CV safe without HF signal
CARMELINA,DPP-4 Inhibitors,Linagliptin,Placebo,3494,3485,434,420,0.1242129364625071,0.1205164992826398,1.0306716275519938,0.0302106553236131,0.0641244951461955,2019,66.0,63.0,28.0,High CV risk + CKD. CV safe
CAROLINA,DPP-4 Inhibitors,Linagliptin,Glimepiride,3023,3010,356,362,0.1177638107839894,0.120265780730897,0.979196327237039,-0.0210231180102773,0.0700599498169022,2019,64.0,63.0,76.0,Head-to-head vs sulfonylurea. Non-inferior for CV safety
ORIGIN,Insulin Therapy,Insulin glargine,Standard care,6264,6273,574,592,0.0916347381864623,0.0943727084329666,0.9709876902764836,-0.0294414881383349,0.0557879351479659,2012,64.0,65.0,76.0,Impaired glucose tolerance or early T2DM. Neutral for CV
DEVOTE,Insulin Therapy,Insulin degludec,Insulin glargine,3818,3819,325,356,0.0851231011000523,0.0932181199266823,0.9131604581491576,-0.0908436655824695,0.0732266751623653,2017,65.0,61.0,24.0,"High CV risk. Degludec non-inferior, less severe hypoglycemia"
DIGAMI,Insulin Therapy,Insulin-glucose infusion,Standard care,306,314,102,138,0.3333333333333333,0.4394904458598726,0.7584541062801932,-0.2764729879170611,0.1029446994663461,1995,68.0,65.0,42.0,Diabetes + AMI. Intensive insulin reduced mortality by 29%
DIGAMI-2,Insulin Therapy,Acute insulin + long-term,Standard glucose control,474,473,93,92,0.1962025316455696,0.1945031712473573,1.0087369290038524,0.0086989829010719,0.1319029334140129,2005,68.0,66.0,26.0,Diabetes + ACS. No benefit (different design from DIGAMI)
HI-5,Insulin Therapy,Intensive insulin (glucose 72-108),Moderate (glucose 108-180),240,242,38,42,0.1583333333333333,0.1735537190082644,0.9123015873015872,-0.0917846557422874,0.2045150733114375,2009,63.0,76.0,6.0,"STEMI. Intensive control no benefit, more hypoglycemia"
UKPDS 34,Other Glucose-Lowering Agents,Metformin,Conventional diet,342,411,78,114,0.2280701754385964,0.2773722627737226,0.822253000923361,-0.1957071442712743,0.1274181149309476,1998,53.0,59.0,120.0,Overweight newly diagnosed T2DM. 32% mortality reduction
SPREAD-DIMCAD,Other Glucose-Lowering Agents,Metformin + insulin,Insulin alone,126,128,18,28,0.1428571428571428,0.21875,0.6530612244897959,-0.4260843953109001,0.2748105407973524,2009,61.0,74.0,60.0,T2DM + CAD. Metformin addition beneficial
PROactive,Other Glucose-Lowering Agents,Pioglitazone,Placebo,2605,2633,514,572,0.1973128598848368,0.2172426889479681,0.9082600700642928,-0.0962245206157907,0.0541304440220411,2005,62.0,66.0,35.0,T2DM + macrovascular disease. 10% MACE reduction (secondary endpoint)
IRIS,Other Glucose-Lowering Agents,Pioglitazone,Placebo,1939,1937,175,228,0.0902527075812274,0.1177077955601445,0.7667521692317436,-0.2655916468665826,0.0952274047096249,2016,64.0,63.0,56.0,Stroke/TIA + insulin resistance. 24% reduction in stroke/MI
RECORD,Other Glucose-Lowering Agents,Rosiglitazone,Metformin or sulfonylurea,2220,2227,154,165,0.0693693693693693,0.0740907049842837,0.9362762762762764,-0.0658446790959089,0.1079566002058224,2009,58.0,60.0,66.0,T2DM on metformin/SU. CV safety confirmed despite earlier concerns
ACE,Other Glucose-Lowering Agents,Acarbose,Placebo,714,715,47,59,0.0658263305322128,0.0825174825174825,0.7977258700090206,-0.2259902618412375,0.1882195172248688,2017,64.0,74.0,60.0,CHD + impaired glucose tolerance. 18% MACE reduction
ACCORD-Glucose,Other Glucose-Lowering Agents,Intensive (HbA1c <6%),Standard (HbA1c 7-7.9%),5128,5123,371,356,0.0723478939157566,0.0694905328908842,1.0411187093551155,0.0402958170941009,0.0715136394500542,2008,62.0,62.0,42.0,High CV risk. STOPPED EARLY - increased mortality with intensive control
ADVANCE-Glucose,Other Glucose-Lowering Agents,Intensive (HbA1c <6.5%),Standard,5571,5569,498,533,0.089391491653204,0.09570838570659,0.933998530988168,-0.0682804135723386,0.059372875099084,2008,66.0,58.0,60.0,"High CV risk. Microvascular benefit, no macrovascular benefit"
VADT,Other Glucose-Lowering Agents,Intensive (HbA1c 6.9%),Standard (HbA1c 8.4%),892,899,235,264,0.2634529147982062,0.2936596218020022,0.8971370091044978,-0.1085466871105464,0.0762218777737126,2009,60.0,97.0,67.0,"Veterans with T2DM. No CV benefit, more hypoglycemia"
UKPDS 33,Other Glucose-Lowering Agents,Intensive glucose control,Conventional,2729,1138,450,213,0.1648955661414437,0.1871704745166959,0.8809913345960703,-0.126707488967122,0.0753119425416968,1998,54.0,60.0,120.0,"Newly diagnosed T2DM. Microvascular benefit, trend for macrovascular"
UGDP,Other Glucose-Lowering Agents,Tolbutamide,Placebo,204,205,30,21,0.1470588235294117,0.1024390243902439,1.435574229691877,0.3615649292329243,0.2667815049578576,1970,55.0,45.0,96.0,Historical trial - raised CV safety concerns for sulfonylureas
TOSCA.IT,Other Glucose-Lowering Agents,Pioglitazone,Sulfonylurea,1535,1493,105,127,0.0684039087947882,0.0850636302746148,0.80414988843007,-0.2179695987831751,0.1267934032567482,2017,63.0,68.0,57.0,T2DM on metformin. TZD vs SU - similar CV outcomes
NAVIGATOR,Other Glucose-Lowering Agents,Nateglinide,Placebo,4645,4661,658,694,0.1416576964477933,0.148895086891225,0.9513926846443296,-0.0498283840566851,0.0503075296693621,2010,64.0,51.0,60.0,Impaired glucose tolerance + CVD. No CV benefit
STENO-2,Other Glucose-Lowering Agents,Intensive multifactorial,Conventional,80,80,24,44,0.3,0.55,0.5454545454545454,-0.6061358035703156,0.1984790653795493,2003,55.0,81.0,95.0,T2DM + microalbuminuria. Intensive multifactorial reduced CV events by 53%
Look AHEAD,Other Glucose-Lowering Agents,Intensive lifestyle,Standard education,2570,2575,403,418,0.1568093385214007,0.1623300970873786,0.965990542326811,-0.0346012353695022,0.0640021835787073,2013,59.0,41.0,120.0,Overweight/obese T2DM. Weight loss no CV benefit (but many other benefits)
CHANCE,Antiplatelet for Stroke,Clopidogrel + aspirin,Aspirin alone,2584,2586,212,303,0.0820433436532507,0.1171693735498839,0.7002115072188334,-0.3563728364080463,0.085109439303635,2013,62.0,69.0,3.0,Minor stroke/TIA. DAPT for 21 days reduces stroke by 32%
POINT,Antiplatelet for Stroke,Clopidogrel + aspirin,Aspirin alone,2525,2499,121,160,0.0479207920792079,0.0640256102440976,0.7484628712871287,-0.2897336805115936,0.1171249893999199,2018,65.0,59.0,3.0,"Minor stroke/TIA. DAPT for 90 days, benefit but increased bleeding"
FASTER,Antiplatelet for Stroke,Clopidogrel + aspirin,Aspirin alone,196,196,21,28,0.1071428571428571,0.1428571428571428,0.75,-0.2876820724517809,0.2704242069428701,2007,68.0,60.0,3.0,"TIA or minor stroke within 24h. Small trial, trend favoring DAPT"
MATCH,Antiplatelet for Stroke,Clopidogrel + aspirin,Clopidogrel alone,3797,3802,596,587,0.1569660258098499,0.1543924250394529,1.0166692165741895,0.0165318100538254,0.0534326172221858,2004,66.0,71.0,18.0,"High CV risk. No benefit of adding aspirin to clopidogrel, more bleeding"
WARSS,Antiplatelet for Stroke,Warfarin (INR 1.4-2.8),Aspirin 325mg,1103,1103,196,176,0.1776971894832275,0.1595648232094288,1.1136363636363638,0.1076306641923655,0.0947133695460405,2001,63.0,63.0,25.0,Non-cardioembolic stroke. Warfarin no better than aspirin
ESPRIT,Antiplatelet for Stroke,Aspirin + dipyridamole,Aspirin alone,1376,1363,173,216,0.1257267441860465,0.1584739545121056,0.7933590385443584,-0.2314793999831423,0.0946020959020387,2006,63.0,64.0,42.0,TIA or minor stroke. Combination reduces events by 20%
CAPRIE-Stroke,Antiplatelet for Stroke,Clopidogrel 75mg,Aspirin 325mg,6431,6455,939,1021,0.1460115067641113,0.1581719597211464,0.9231187817456796,-0.0799973618105228,0.0416410755837391,1996,63.0,70.0,23.0,"Recent stroke, MI, or PAD. Clopidogrel 8.7% better (subset: stroke patients)"
PRoFESS,Antiplatelet for Stroke,Aspirin + dipyridamole,Clopidogrel,10181,10151,916,898,0.0899715155682153,0.0884641907201261,1.017038813511084,0.0168952810491658,0.0448168959487007,2008,66.0,63.0,30.0,Recent stroke. Aspirin-ER-dipyridamole vs clopidogrel - equivalent
CSPS 2,Antiplatelet for Stroke,Cilostazol + aspirin,Aspirin alone,1337,1336,121,163,0.0905011219147344,0.1220059880239521,0.7417760667367195,-0.2987078782153733,0.1135913112202629,2010,65.0,70.0,29.0,"Japanese post-stroke. Cilostazol+aspirin superior, less bleeding"
SOCRATES,Antiplatelet for Stroke,"Ticagrelor 180mg load, 90mg bid","Aspirin 300mg load, 100mg daily",6589,6604,442,497,0.0670814994688116,0.0752574197456087,0.8913606086358797,-0.1150062098927317,0.0630184448824795,2016,65.0,64.0,3.0,Minor stroke/TIA. Ticagrelor not superior to aspirin (p=0.07)
NINDS,Acute Stroke Treatment,t-PA within 3h,Placebo,312,312,125,163,0.4006410256410256,0.5224358974358975,0.7668711656441718,-0.2654364635044612,0.0878903459709709,1995,67.0,54.0,3.0,Landmark trial - established t-PA for acute ischemic stroke <3h
ECASS III,Acute Stroke Treatment,t-PA 3-4.5h,Placebo,418,403,185,219,0.4425837320574162,0.543424317617866,0.8144349041969805,-0.2052607753162494,0.0713994494047123,2008,65.0,57.0,3.0,"Extended window to 4.5 hours, 16% absolute benefit"
IST-3,Acute Stroke Treatment,t-PA within 6h,Control,1515,1520,554,534,0.3656765676567656,0.3513157894736842,1.0408771214200072,0.0400637436839415,0.0485772846525178,2012,77.0,47.0,6.0,"Elderly patients, extended window. Benefit less clear in extended window"
WAKE-UP,Acute Stroke Treatment,t-PA (MRI-guided),Placebo,254,249,126,149,0.4960629921259842,0.5983935742971888,0.828991174760873,-0.1875457695478101,0.0818220337160916,2018,65.0,62.0,3.0,"Wake-up stroke, MRI selection. Thrombolysis beneficial"
MR CLEAN,Acute Stroke Treatment,Thrombectomy + usual care,Usual care alone,233,267,103,163,0.4420600858369098,0.6104868913857678,0.7241106927512572,-0.3228110077425777,0.088354645285966,2015,65.0,58.0,3.0,First positive thrombectomy trial - game changer
ESCAPE,Acute Stroke Treatment,Thrombectomy + t-PA,t-PA alone,165,150,83,110,0.503030303030303,0.7333333333333333,0.6859504132231405,-0.3769499378001431,0.091716024416242,2015,71.0,49.0,3.0,"Rapid imaging, fast treatment. 31% absolute benefit!"
EXTEND-IA,Acute Stroke Treatment,Thrombectomy + t-PA,t-PA alone,35,35,15,28,0.4285714285714285,0.8,0.5357142857142857,-0.6241543090729939,0.2126924898488313,2015,69.0,57.0,3.0,Stopped early - dramatic benefit of thrombectomy
SWIFT PRIME,Acute Stroke Treatment,Thrombectomy + t-PA,t-PA alone,98,98,36,61,0.3673469387755102,0.6224489795918368,0.5901639344262295,-0.5273549257172012,0.1541527071945948,2015,67.0,51.0,3.0,Solitaire device. 25% absolute improvement in functional outcome
DAWN,Acute Stroke Treatment,Thrombectomy 6-24h,Medical therapy,107,99,49,79,0.4579439252336448,0.797979797979798,0.5738790961788713,-0.5553365386837112,0.1167029846228189,2018,70.0,52.0,3.0,Extended window with perfusion imaging. 27% absolute benefit
DEFUSE-3,Acute Stroke Treatment,Thrombectomy 6-16h,Medical therapy,92,90,31,58,0.3369565217391304,0.6444444444444445,0.522863568215892,-0.6484347127800485,0.1658878160021749,2018,70.0,57.0,3.0,Extended window. 28% absolute improvement with thrombectomy
SPARCL,Stroke Secondary Prevention,Atorvastatin 80mg,Placebo,2365,2366,265,311,0.1120507399577167,0.1314454775993237,0.8524503239226936,-0.1596403425807132,0.0783806847347038,2006,63.0,60.0,58.0,Stroke/TIA without CHD. Statin reduces stroke by 16%
SPS3,Stroke Secondary Prevention,Aspirin + clopidogrel,Aspirin alone,1517,1516,125,138,0.082399472643375,0.0910290237467018,0.9052000038214248,-0.0995993610011189,0.1180150432088513,2012,63.0,63.0,42.0,"Lacunar stroke. DAPT no benefit, more bleeding"
PATS,Stroke Secondary Prevention,Indapamide 2.5mg,Placebo,2841,2861,183,246,0.0644139387539598,0.0859839217056973,0.749139344614143,-0.2888302718950196,0.0939574619247879,1995,60.0,67.0,24.0,Chinese post-stroke. BP lowering reduces recurrent stroke by 29%
HOPE-Stroke,Stroke Secondary Prevention,Ramipril,Placebo,1013,1015,156,226,0.1539980256663376,0.2226600985221674,0.6916283011120915,-0.3687066047955444,0.0941416308826601,2000,66.0,70.0,56.0,Subset with prior stroke from HOPE. ACE-I beneficial
PICSS,Stroke Secondary Prevention,Warfarin,Aspirin,265,266,52,46,0.1962264150943396,0.1729323308270676,1.1347005742411815,0.1263688048878094,0.1828576393363177,2004,63.0,62.0,24.0,Patent foramen ovale. Warfarin no better than aspirin
CAPRIE-PAD,PAD Antiplatelet Therapy,Clopidogrel 75mg,Aspirin 325mg,6431,6455,939,1021,0.1460115067641113,0.1581719597211464,0.9231187817456796,-0.0799973618105228,0.0416410755837391,1996,63.0,72.0,23.0,PAD subset. Clopidogrel 23.8% better than aspirin in PAD
EUCLID,PAD Antiplatelet Therapy,Ticagrelor 90mg bid,Clopidogrel 75mg,6930,6942,751,740,0.1083694083694083,0.1065975223278594,1.0166222066222066,0.0164855698037019,0.0489342254865895,2017,66.0,74.0,30.0,Symptomatic PAD. Ticagrelor non-inferior to clopidogrel
TRA 2°P-TIMI 50,PAD Antiplatelet Therapy,Vorapaxar,Placebo,13225,13224,1028,1176,0.0777315689981096,0.0889292196007259,0.8740835615909879,-0.1345792996691019,0.0408884865279291,2012,60.0,72.0,30.0,"MI, stroke, or PAD. PAR-1 antagonist reduces events but increases bleeding"
COMPASS-PAD,PAD Antiplatelet Therapy,Rivaroxaban 2.5mg + aspirin,Aspirin alone,3787,3801,251,350,0.0662793768154211,0.0920810313075506,0.719794032215474,-0.3287901742642215,0.0794610387490072,2018,68.0,72.0,21.0,CAD or PAD. Low-dose rivaroxaban + aspirin reduces limb events by 46%
VOYAGER PAD,PAD Antiplatelet Therapy,Rivaroxaban 2.5mg + aspirin,Aspirin alone,3286,3278,508,584,0.1545952525867316,0.1781574130567419,0.8677452705125106,-0.1418570745431834,0.055420639452447,2020,67.0,71.0,28.0,Post-revascularization for PAD. Rivaroxaban reduces limb/CV events by 15%
CASPAR,PAD Antiplatelet Therapy,Clopidogrel + aspirin,Aspirin alone,424,427,79,81,0.1863207547169811,0.189695550351288,0.9822094106685302,-0.0179507442087504,0.1424903362326791,2010,63.0,76.0,36.0,"Post-revascularization. DAPT no overall benefit, possible benefit in prosthetic grafts"
BOA,PAD Antiplatelet Therapy,Oral anticoagulation,Aspirin,1339,1340,178,163,0.1329350261389096,0.1216417910447761,1.0928400921849015,0.0887798967391075,0.1012909285522766,2000,70.0,69.0,26.0,"Infrainguinal bypass. Anticoagulation no better than aspirin, more bleeding"
DUTCH BOA,PAD Antiplatelet Therapy,Oral anticoagulation,Aspirin,1226,1244,156,168,0.1272430668841762,0.135048231511254,0.9422046143090188,-0.0595328153507537,0.1036490142576477,2004,69.0,68.0,21.0,Prosthetic infrapopliteal bypass. OAC no better than aspirin
CASTLE,PAD Antiplatelet Therapy,Cilostazol,Placebo,279,278,38,52,0.1362007168458781,0.1870503597122302,0.7281499862145023,-0.3172482269857701,0.1958703831915743,2003,66.0,68.0,24.0,Claudication. Cilostazol improves walking distance
PACE,PAD Antiplatelet Therapy,Pentoxifylline,Placebo,212,211,28,34,0.1320754716981132,0.1611374407582938,0.8196448390677026,-0.1988841556369034,0.2359443425793498,2004,68.0,67.0,12.0,Claudication. Modest improvement in walking distance
BASIL,PAD Revascularization,Surgery-first,Angioplasty-first,228,224,108,111,0.4736842105263157,0.4955357142857143,0.9559032716927452,-0.0450985512875155,0.097046471557197,2005,72.0,66.0,37.0,Severe limb ischemia. Comparable amputation-free survival
BASIL-2,PAD Revascularization,Vein bypass,Best endovascular,345,345,132,138,0.3826086956521739,0.4,0.9565217391304348,-0.0444517625708338,0.0950001733581387,2023,70.0,70.0,24.0,Chronic limb-threatening ischemia. Surgery non-inferior to endovascular
BEST-CLI,PAD Revascularization,Surgery-first,Endovascular-first,889,897,287,325,0.3228346456692913,0.3623188405797101,0.8910236220472441,-0.1153843400252248,0.065738550638531,2022,68.0,65.0,18.0,"CLTI. Surgery better with adequate vein, endovascular if no vein"
CLEVER,PAD Revascularization,Supervised exercise,Stenting,41,40,12,18,0.2926829268292683,0.45,0.6504065040650406,-0.4301577206985359,0.2991632413690723,2011,64.0,61.0,6.0,Aortoiliac disease. Exercise superior to stenting for walking distance
SUPERB,PAD Revascularization,Supervised exercise + optimal therapy,Optimal therapy alone,99,99,18,28,0.1818181818181818,0.2828282828282828,0.6428571428571429,-0.4418327522790392,0.2665854854785254,2017,68.0,69.0,12.0,Claudication. Exercise improves outcomes
EVAR-1,PAD Revascularization,Endovascular repair,Open repair,626,626,226,233,0.3610223642172524,0.3722044728434505,0.9699570815450644,-0.0305034542934146,0.0743083849623341,2005,74.0,92.0,48.0,AAA. EVAR lower perioperative mortality but similar long-term
DREAM,PAD Revascularization,Endovascular repair,Open repair,178,173,37,42,0.2078651685393258,0.2427745664739884,0.8562065275548423,-0.1552436614334499,0.1985906001996361,2005,70.0,91.0,25.0,"AAA. EVAR lower perioperative risk, similar long-term survival"
OVER,PAD Revascularization,Endovascular repair,Open repair,444,437,141,137,0.3175675675675675,0.3135011441647597,1.0129710001972776,0.0128875972134087,0.0992516341570753,2009,70.0,99.0,70.0,Veterans with AAA. No long-term survival difference
ACE,PAD Revascularization,Endovascular repair,Open repair,150,150,38,45,0.2533333333333333,0.3,0.8444444444444446,-0.1690763300439338,0.1876290978568439,2014,70.0,90.0,36.0,AAA in younger patients. Similar outcomes
IMPROVE,PAD Revascularization,Emergency EVAR strategy,Open repair strategy,316,297,112,126,0.3544303797468354,0.4242424242424242,0.8354430379746836,-0.1797931104405959,0.1016539179572075,2014,77.0,85.0,3.0,Ruptured AAA. EVAR strategy reduces mortality by 14%
CREST,Carotid Interventions,Carotid stenting,Carotid endarterectomy,1262,1240,90,86,0.0713153724247226,0.0693548387096774,1.0282681605425128,0.0278759895746814,0.1453966074157534,2010,69.0,65.0,48.0,Symptomatic or high-grade asymptomatic stenosis. Similar outcomes
ACT-1,Carotid Interventions,Carotid stenting,Carotid endarterectomy,720,725,48,51,0.0666666666666666,0.0703448275862069,0.9477124183006536,-0.0537041789718611,0.1940952787598703,2016,70.0,64.0,60.0,Asymptomatic stenosis. Stenting non-inferior to surgery
ICSS,Carotid Interventions,Carotid stenting,Carotid endarterectomy,855,853,96,60,0.1122807017543859,0.0703399765533411,1.5962573099415205,0.4676617078006544,0.1572940232415167,2010,70.0,71.0,12.0,Symptomatic stenosis. Surgery superior in perioperative period
EVA-3S,Carotid Interventions,Carotid stenting,Carotid endarterectomy,265,259,29,11,0.1094339622641509,0.0424710424710424,2.5766723842195542,0.9464987929014193,0.3431577782349051,2006,72.0,71.0,4.0,Symptomatic stenosis. STOPPED EARLY - stenting higher risk
SPACE,Carotid Interventions,Carotid stenting,Carotid endarterectomy,605,595,53,45,0.0876033057851239,0.0756302521008403,1.158310376492195,0.1469623712965906,0.1943105296159553,2006,68.0,70.0,24.0,Symptomatic stenosis. Non-inferiority not demonstrated
REMATCH,LVAD,LVAD,Medical therapy,68,61,44,48,0.6470588235294118,0.7868852459016393,0.8223039215686275,-0.1956452179924251,0.1116301083252814,2001,67.0,89.0,13.0,Advanced HF. LVAD improved survival by 48% at 1 year
HeartMate II,LVAD,Continuous-flow LVAD,Pulsatile LVAD,200,130,71,65,0.355,0.5,0.71,-0.342490308946776,0.1295253439854966,2009,57.0,81.0,24.0,Bridge to transplant. Continuous-flow superior
MOMENTUM 3,LVAD,HeartMate 3 LVAD,HeartMate II LVAD,515,516,118,151,0.229126213592233,0.2926356589147287,0.782974345785379,-0.2446553475314331,0.1059120425567284,2017,60.0,78.0,24.0,Advanced HF. HM3 superior (less thrombosis)
ENDURANCE,LVAD,HVAD,HeartMate II,297,148,89,42,0.2996632996632997,0.2837837837837837,1.0559563892897228,0.0544468864101871,0.1578661418479069,2017,59.0,79.0,24.0,Bridge to transplant. Non-inferior for primary endpoint
REVIVE-IT,LVAD,Partial LVAD support,Full LVAD support,50,50,12,15,0.24,0.3,0.8,-0.2231435513142097,0.3316624790355399,2018,58.0,82.0,12.0,Partial vs full support - pilot trial
AVID,ICD Secondary Prevention,ICD,Antiarrhythmic drugs,507,509,80,122,0.1577909270216962,0.2396856581532416,0.6583244414265852,-0.4180573971000353,0.1294592529773925,1997,65.0,79.0,18.0,VF/VT arrest survivors. ICD reduces mortality by 31%
CIDS,ICD Secondary Prevention,ICD,Amiodarone,328,331,83,93,0.2530487804878049,0.2809667673716012,0.9006359821662733,-0.1046541183637388,0.1293481828982096,2000,64.0,85.0,36.0,Canadian trial. 20% mortality reduction with ICD
CASH,ICD Secondary Prevention,ICD,Amiodarone or metoprolol,99,92,36,44,0.3636363636363636,0.4782608695652174,0.7603305785123967,-0.2740019685477007,0.1718559722169965,2000,58.0,88.0,68.0,Cardiac arrest survivors. 23% mortality reduction
CABG-Patch,ICD Secondary Prevention,ICD,No ICD,446,454,101,95,0.226457399103139,0.2092511013215859,1.0822279915034223,0.0790218712620026,0.1264219531976535,1997,64.0,89.0,32.0,CABG with low EF. ICD no benefit (prophylactic at CABG)
DINAMIT,ICD Secondary Prevention,ICD,No ICD,332,342,62,58,0.1867469879518072,0.1695906432748538,1.1011632737847945,0.0963671426447887,0.1656332900338912,2004,62.0,76.0,30.0,Recent MI with low EF. ICD no overall benefit (too early post-MI)
DAVID,Pacemaker Modes,Backup VVI pacing,Dual-chamber DDDR,256,250,83,108,0.32421875,0.432,0.7505063657407407,-0.2870071459449378,0.1157635608917745,2002,66.0,76.0,12.0,ICD patients. Less RV pacing better (VVI backup superior)
MOST,Pacemaker Modes,Dual-chamber DDDR,Ventricular VVI,1014,996,189,202,0.1863905325443787,0.2028112449799196,0.919034507000996,-0.0844316089080925,0.0908366169689713,2002,74.0,53.0,33.0,"Sinus node dysfunction. DDDR reduces AF, no mortality benefit"
CTOPP,Pacemaker Modes,Physiologic pacing (AAI/DDD),Ventricular VVI,1094,1094,148,156,0.1352833638025594,0.1425959780621572,0.9487179487179488,-0.0526437334854217,0.1064840814493589,2000,73.0,55.0,37.0,First pacemaker. Physiologic pacing reduces AF by 18%
UKPACE,Pacemaker Modes,Dual-chamber DDD,Ventricular VVI,1012,1009,183,192,0.1808300395256917,0.1902874132804757,0.9502995306324112,-0.0509780486801624,0.0932394317746396,2005,80.0,50.0,54.0,"AV block, age ≥70. No difference in mortality or QOL"
DANPACE,Pacemaker Modes,Atrial AAI,Dual-chamber DDD,707,710,140,147,0.198019801980198,0.2070422535211267,0.956422172829528,-0.0445558600306435,0.1054642136938675,2011,73.0,58.0,62.0,Sick sinus syndrome. AAI vs DDD - no mortality difference
PASE,Pacemaker Modes,Dual-chamber DDD,Ventricular VVI,204,203,28,31,0.1372549019607843,0.1527093596059113,0.898798228969007,-0.1066967091123713,0.2411312527892574,1998,76.0,57.0,30.0,AV block. DDD improves QOL but not mortality
AFFIRM Pacing,Pacemaker Modes,Rate-responsive pacing,Fixed-rate pacing,91,89,18,21,0.1978021978021978,0.2359550561797752,0.8383045525902668,-0.1763738166119685,0.2845164971129308,2003,71.0,61.0,24.0,Rate response vs fixed rate - minimal difference
AAIR vs DDDR,Pacemaker Modes,AAIR,DDDR,177,160,32,35,0.1807909604519774,0.21875,0.8264729620661824,-0.1905880760296893,0.2189102808396724,2004,70.0,62.0,36.0,Sinus node disease. Similar outcomes
His-SYNC,Pacemaker Modes,His bundle pacing,Conventional RV pacing,24,17,3,4,0.125,0.2352941176470588,0.53125,-0.6325225587435105,0.6948691511751705,2018,68.0,65.0,12.0,His pacing pilot - more physiologic
BLOCK HF,Pacemaker Modes,Biventricular pacing,RV pacing,342,346,45,60,0.131578947368421,0.1734104046242774,0.7587719298245614,-0.2760540344566617,0.1818646168728187,2013,73.0,67.0,37.0,AV block with EF <50%. BiV better than RV pacing
COMPANION,CRT Additional,CRT-D,Optimal medical therapy,595,308,131,92,0.2201680672268907,0.2987012987012987,0.7370843989769821,-0.3050528764199441,0.116514923885269,2004,67.0,68.0,16.0,Advanced HF. CRT-D reduces mortality by 36%
CARE-HF,CRT Additional,CRT-P,Medical therapy,409,404,82,120,0.2004889975550122,0.297029702970297,0.6749796251018746,-0.3930727735994444,0.1249328619088638,2005,67.0,73.0,29.0,HF with dyssynchrony. CRT reduces mortality by 36%
MADIT-CRT,CRT Additional,CRT-D,ICD,1089,731,187,185,0.1717171717171717,0.253077975376197,0.6785148785148786,-0.3878488714069201,0.0920148699214381,2009,65.0,75.0,29.0,Mild HF (NYHA I-II). CRT reduces HF events by 41%
RAFT,CRT Additional,CRT-D,ICD,894,904,229,281,0.256152125279642,0.3108407079646018,0.8240623532127985,-0.1935090805608439,0.0755034314806719,2010,66.0,83.0,40.0,Mild-moderate HF. CRT reduces death/HF hospitalization by 25%
REVERSE,CRT Additional,CRT-ON,CRT-OFF,191,419,28,38,0.1465968586387434,0.0906921241050119,1.6164232570956183,0.4802158423243259,0.233254878295954,2008,62.0,73.0,12.0,Asymptomatic/mild HF. CRT prevents LV remodeling
MIRACLE,CRT Additional,CRT,Control (device off),228,225,32,45,0.1403508771929824,0.2,0.7017543859649122,-0.3541718137206139,0.2112860924564063,2002,67.0,68.0,6.0,Moderate-severe HF. CRT improves symptoms and function
MUSTIC,CRT Additional,CRT,No CRT (crossover),48,48,6,9,0.125,0.1875,0.6666666666666666,-0.4054651081081644,0.485912657903775,2001,66.0,88.0,12.0,Sinus rhythm with HF. CRT improves exercise capacity
CONTAK-CD,CRT Additional,CRT-D,ICD,245,245,38,42,0.1551020408163265,0.1714285714285714,0.9047619047619048,-0.1000834585569825,0.2048464009375941,2003,66.0,73.0,18.0,Moderate HF. CRT trend toward benefit
MIRACLE ICD,CRT Additional,CRT-D,ICD,187,182,24,31,0.1283422459893048,0.1703296703296703,0.7534931861307573,-0.2830353039149918,0.2511625611141169,2003,67.0,72.0,6.0,ICD indication + HF. CRT improves function
ECHO-CRT,CRT Additional,CRT,Medical therapy,809,813,116,93,0.1433868974042027,0.1143911439114391,1.2534790063399657,0.2259228904424275,0.1300279646228177,2013,63.0,78.0,19.0,Narrow QRS. CRT harmful - increased mortality
FIX-HF-5,Other Devices,Cardiac contractility modulation,Optimal medical therapy,160,158,22,28,0.1375,0.1772151898734177,0.7758928571428572,-0.2537408390237481,0.2618963864675886,2016,61.0,78.0,12.0,"HFrEF with narrow QRS. CCM improves QOL, exercise capacity"
FIX-HF-5C,Other Devices,CCM,Medical therapy,85,86,12,15,0.1411764705882353,0.1744186046511628,0.8094117647058823,-0.2114475115510185,0.3558193181108958,2019,64.0,76.0,12.0,"Extension of FIX-HF-5, confirmed benefit"
ANTHEM-HF,Other Devices,Vagal nerve stimulation,Medical therapy,30,30,4,6,0.1333333333333333,0.2,0.6666666666666666,-0.4054651081081644,0.5916079783099616,2016,59.0,80.0,12.0,HFrEF. VNS pilot showed improved function
NECTAR-HF,Other Devices,Vagal nerve stimulation,Sham,43,43,6,5,0.1395348837209302,0.1162790697674418,1.2,0.1823215567939546,0.5658224445527854,2014,57.0,88.0,6.0,HF. No benefit from VNS
HOPE4HF,Other Devices,Baroreflex activation,Medical therapy,146,146,31,38,0.2123287671232876,0.2602739726027397,0.8157894736842105,-0.2035989552412395,0.2118377300030071,2023,63.0,80.0,12.0,HFrEF. Baroreflex activation improves QOL
SYMPLICITY HTN-3,Other Devices,Renal denervation,Sham procedure,364,171,48,23,0.1318681318681318,0.1345029239766081,0.9804108934543718,-0.0197835161553394,0.2360431914698484,2014,57.0,68.0,6.0,Resistant HTN. No BP benefit (negative trial)
SPYRAL HTN-OFF MED,Other Devices,Renal denervation,Sham,38,42,5,6,0.131578947368421,0.1428571428571428,0.9210526315789472,-0.0822380982369721,0.5626200790795318,2017,51.0,52.0,3.0,Off medications. Renal denervation reduced BP
MUST-EECP,Other Devices,Enhanced external counterpulsation,Sham EECP,72,67,15,18,0.2083333333333333,0.2686567164179104,0.775462962962963,-0.2542950564190438,0.3056271588046536,1999,62.0,87.0,12.0,Refractory angina. EECP reduces angina
RESPECT,Other Devices,PFO closure,Medical therapy,499,481,18,28,0.0360721442885771,0.0582120582120582,0.6196679072430575,-0.4785715779247967,0.2952741627281451,2017,46.0,54.0,66.0,Cryptogenic stroke + PFO. Closure reduces recurrent stroke by 46%
RAVEL,BMS vs DES,Sirolimus-eluting stent (Cypher),Bare-metal stent,120,118,5,28,0.0416666666666666,0.2372881355932203,0.175595238095238,-1.739573716057485,0.4678743165741906,2002,61.0,75.0,12.0,FIRST DES trial. Randomised study with the sirolimus-coated Bx Velocity balloon-expandable stent in the treatment of patients with de novo native coronary artery Lesions. Showed 0% restenosis with DES vs 26.6% with BMS - revolutionary!
SIRIUS,BMS vs DES,Sirolimus-eluting stent,Bare-metal stent,533,525,36,87,0.0675422138836773,0.1657142857142857,0.4075823251601216,-0.8975123417726945,0.188390806937863,2003,62.0,71.0,9.0,SIRolImUS-coated Bx Velocity stent. US pivotal trial that led to FDA approval. TVR reduced from 16.6% to 4.1% - landmark achievement
E-SIRIUS,BMS vs DES,Sirolimus-eluting stent,Bare-metal stent,175,177,11,34,0.0628571428571428,0.192090395480226,0.3272268907563025,-1.117101493167476,0.3300861287400051,2003,62.0,76.0,8.0,European SIRIUS trial. Confirmed benefit of DES in European population
C-SIRIUS,BMS vs DES,Sirolimus-eluting stent,Bare-metal stent,50,50,3,12,0.06,0.24,0.25,-1.3862943611198906,0.6137317546507323,2004,63.0,78.0,9.0,Canadian SIRIUS. Smaller trial confirming DES benefit
TAXUS-I,BMS vs DES,Paclitaxel-eluting stent,Bare-metal stent,31,30,0,3,0.0161290322580645,0.1166666666666666,0.1382488479262672,-1.9786999718783045,1.4900076804717564,2003,59.0,79.0,6.0,TAXUS Slow-Release. First paclitaxel DES trial. Showed feasibility of alternative drug
TAXUS-II,BMS vs DES,Paclitaxel-eluting stent,Bare-metal stent,268,267,18,40,0.0671641791044776,0.149812734082397,0.448320895522388,-0.8022460183283788,0.270331082045542,2003,62.0,74.0,6.0,TAXUS II Slow-Release and Moderate-Release. Tested two formulations vs BMS
TAXUS-IV,BMS vs DES,Paclitaxel-eluting stent,Bare-metal stent,662,652,48,101,0.0725075528700906,0.1549079754601227,0.4680685591217732,-0.7591404999437237,0.1664031462530922,2004,63.0,74.0,9.0,Large US pivotal trial. Led to FDA approval of TAXUS stent. TLR 4.7% vs 12.0%
TAXUS-V,BMS vs DES,Paclitaxel-eluting stent,Bare-metal stent,577,579,51,79,0.0883882149046793,0.1364421416234887,0.6478072965798654,-0.4341620086777999,0.1697228712212064,2005,64.0,74.0,9.0,"Complex lesions (long, small vessels). DES superior even in complex anatomy"
TAXUS-VI,BMS vs DES,Paclitaxel-eluting stent,Bare-metal stent,219,227,22,38,0.1004566210045662,0.1674008810572687,0.6000961307378034,-0.5106654187031681,0.2505969643450519,2006,63.0,77.0,9.0,Bifurcation lesions. DES benefit extends to bifurcations
SPIRIT-II,BMS vs DES,Everolimus-eluting stent (Xience),Paclitaxel-eluting stent,223,77,15,10,0.0672645739910313,0.1298701298701298,0.5179372197309418,-0.6579012414982705,0.3862581374507445,2006,62.0,72.0,6.0,FIRST second-generation DES trial. Everolimus vs paclitaxel - new era begins
SPIRIT-III,BMS vs DES,Everolimus-eluting stent,Paclitaxel-eluting stent,669,332,43,44,0.0642750373692077,0.1325301204819277,0.4849843728767495,-0.7236386094364388,0.2036572369867523,2008,64.0,75.0,12.0,Clinical equivalence of EES vs PES. Non-inferior for clinical endpoint
SPIRIT-IV,BMS vs DES,Everolimus-eluting stent,Paclitaxel-eluting stent,2458,1229,104,82,0.0423108218063466,0.0667209113100081,0.6341463414634145,-0.4554755286828259,0.1434921673521626,2010,64.0,74.0,12.0,Largest SPIRIT trial. Confirmed EES superiority - became gold standard
COMPARE,BMS vs DES,Everolimus-eluting stent,Paclitaxel-eluting stent,897,903,48,72,0.0535117056856187,0.0797342192691029,0.6711259754738016,-0.398798416749975,0.1802774952909198,2010,64.0,77.0,12.0,All-comers trial. EES reduced MACE by 31% vs PES in real-world population
LEADERS,BMS vs DES,Biolimus-eluting stent (BES),Sirolimus-eluting stent,857,850,74,92,0.0863477246207701,0.108235294117647,0.797777890517985,-0.225925052958288,0.1484578963852903,2008,65.0,77.0,9.0,"BES with biodegradable polymer vs durable polymer SES. Similar efficacy, potentially safer"
BASKET-PROVE,BMS vs DES,DES (various),Bare-metal stent,1406,594,106,62,0.0753911806543385,0.1043771043771043,0.7222961501399532,-0.3253200439409897,0.1522112193150392,2010,67.0,77.0,24.0,Large-vessel PCI (≥3mm). DES benefit less clear in large vessels at 2 years
ENDEAVOR II,DES Generation Comparisons,Zotarolimus-eluting stent (Endeavor),Bare-metal stent,598,597,49,84,0.0819397993311036,0.1407035175879397,0.5823578595317725,-0.5406701412907167,0.1701929566443498,2006,63.0,69.0,9.0,Zotarolimus (ENDEAVOR) vs BMS. Less efficacy than sirolimus but faster endothelialization
ENDEAVOR III,DES Generation Comparisons,Zotarolimus-eluting stent,Sirolimus-eluting stent (Cypher),323,113,21,5,0.0650154798761609,0.0442477876106194,1.4693498452012383,0.3848200207790066,0.4854621662547202,2006,63.0,72.0,8.0,ZES vs SES. ZES had higher restenosis but potentially better safety
ENDEAVOR IV,DES Generation Comparisons,Zotarolimus-eluting stent,Paclitaxel-eluting stent (Taxus),773,775,48,60,0.0620957309184993,0.0774193548387096,0.8020698576972833,-0.2205595705482846,0.1868582788065671,2008,63.0,73.0,8.0,ZES non-inferior to PES for clinical endpoint. Similar efficacy
RESOLUTE All Comers,DES Generation Comparisons,Zotarolimus-eluting stent (Resolute),Everolimus-eluting stent (Xience),1140,1152,101,106,0.0885964912280701,0.0920138888888889,0.9628599801390268,-0.0378472774035123,0.1326261807681618,2010,64.0,73.0,12.0,Resolute (improved ZES) vs Xience. Non-inferior - both excellent second-gen DES
TWENTE,DES Generation Comparisons,Resolute ZES,Xience V EES,697,697,56,56,0.0803443328550932,0.0803443328550932,1.0,0.0,0.1812314687221158,2011,64.0,74.0,12.0,"All-comers, real-world. Confirmed equivalence of two second-gen DES"
SORT OUT IV,DES Generation Comparisons,Sirolimus-eluting stent (Cypher),Everolimus-eluting stent (Xience),1229,1223,104,78,0.0846216436126932,0.0637775960752248,1.3268239761323568,0.2827880985729183,0.1442378809385089,2011,63.0,76.0,9.0,Danish all-comers. EES superior to SES - second-gen better than first-gen
SORT OUT V,DES Generation Comparisons,Biolimus-eluting stent (Nobori),Sirolimus-eluting stent (Cypher),1229,1239,90,95,0.0732302685109845,0.0766747376916868,0.9550768703695772,-0.0459634492071681,0.1414802274116245,2012,64.0,76.0,12.0,BES with biodegradable polymer non-inferior to SES
BIOSCIENCE,DES Generation Comparisons,Biolimus-eluting stent (biodegradable),Everolimus-eluting stent (durable),1003,997,82,83,0.0817547357926221,0.0832497492477432,0.9820418263282442,-0.0181213785324419,0.1491418677707298,2014,66.0,76.0,12.0,Biodegradable vs durable polymer. Similar safety and efficacy
BIOFLOW-II,DES Generation Comparisons,Orsiro sirolimus-eluting stent,Xience V everolimus-eluting stent,327,165,15,12,0.0458715596330275,0.0727272727272727,0.6307339449541285,-0.4608711456824629,0.3753415643968287,2013,67.0,75.0,9.0,Ultra-thin strut Orsiro vs Xience. Non-inferior for late lumen loss
HOST-ASSURE,DES Generation Comparisons,Zotarolimus-eluting stent (Resolute Integrity),Everolimus-eluting stent (Xience/Promus),1820,1828,87,89,0.0478021978021978,0.0486870897155361,0.9818249166563772,-0.0183422791343018,0.1470840284613951,2016,62.0,75.0,12.0,All-comers ACS. ZES non-inferior to EES in ACS setting
SYNTAX,PCI vs CABG,PCI (drug-eluting stents),CABG,903,897,152,112,0.1683277962347729,0.124860646599777,1.34812529663028,0.2987149581929925,0.1152617537743456,2009,65.0,78.0,12.0,LANDMARK: Synergy between PCI with TAXUS and Cardiac Surgery. 3-vessel or left main CAD. CABG superior in complex disease (high SYNTAX score >32). Introduced SYNTAX score to guide revascularization choice
FREEDOM,PCI vs CABG,PCI (drug-eluting stents),CABG,953,947,176,131,0.1846799580272822,0.1383315733896515,1.3350528263498955,0.2889708613688764,0.1058778627271044,2012,63.0,71.0,45.0,Future REvascularization Evaluation in patients with Diabetes mellitus. Diabetes + multivessel CAD. CABG superior - 26% reduction in death/MI/stroke. Changed practice for diabetic patients
EXCEL,PCI vs CABG,PCI (everolimus-eluting stent),CABG,948,957,125,111,0.1318565400843881,0.115987460815047,1.1368171969437793,0.1282324251878994,0.1221033357812925,2016,66.0,77.0,36.0,"Evaluation of XIENCE versus Coronary Artery Bypass Surgery for Effectiveness of Left Main Revascularization. Left main CAD, low-intermediate SYNTAX. PCI non-inferior at 3 years (controversial at 5 years)"
NOBLE,PCI vs CABG,PCI (biolimus-eluting stent),CABG,592,603,93,66,0.1570945945945946,0.1094527363184079,1.4352733415233416,0.3613553129700102,0.1501886791394938,2016,66.0,80.0,49.0,Nordic-Baltic-British left main revascularization study. Left main CAD. CABG superior to PCI - lower MACE. Contrasts with EXCEL findings
ISCHEMIA,PCI vs CABG,Initial invasive strategy,Initial conservative strategy,2588,2591,318,352,0.1228748068006182,0.1358548822848321,0.9044563193761416,-0.1004212678766014,0.0722025833700435,2020,64.0,77.0,42.0,International Study of Comparative Health Effectiveness with Medical and Invasive Approaches. Stable CAD with ischemia. NO BENEFIT of routine invasive strategy over optimal medical therapy for death/MI. Paradigm-shifting for stable CAD management
COURAGE,PCI vs CABG,PCI + optimal medical therapy,Optimal medical therapy alone,1149,1138,211,202,0.1836379460400348,0.1775043936731107,1.0345543692750476,0.0339707729123823,0.0891110256988704,2007,62.0,85.0,54.0,Clinical Outcomes Utilizing Revascularization and Aggressive Drug Evaluation. Stable CAD. PCI did not reduce death/MI vs medical therapy - challenged dogma
BARI,PCI vs CABG,PTCA (balloon angioplasty),CABG,915,914,131,121,0.1431693989071038,0.1323851203501094,1.0814614099263875,0.078313283783039,0.1170942463043919,1996,61.0,74.0,63.0,Bypass Angioplasty Revascularization Investigation. Multivessel CAD in pre-stent era. Similar survival except in diabetics (CABG better)
CABRI,PCI vs CABG,PTCA,CABG,513,541,42,37,0.0818713450292397,0.0683918669131238,1.197091828670776,0.1798951393148557,0.2168843107794327,1995,60.0,87.0,12.0,Coronary Angioplasty versus Bypass Revascularisation Investigation. Multivessel disease. Similar mortality but more repeat procedures with PTCA
ARTS-I,PCI vs CABG,PCI (bare-metal stents),CABG,600,605,126,94,0.21,0.1553719008264462,1.351595744680851,0.3012859274961692,0.1235121313078121,2001,61.0,79.0,12.0,Arterial Revascularization Therapies Study. Multivessel CAD with BMS. Similar death/stroke/MI but more repeat revascularization with PCI
MASS-II,PCI vs CABG,PCI,CABG,203,203,42,38,0.2068965517241379,0.1871921182266009,1.105263157894737,0.1000834585569826,0.2006815799580009,2004,60.0,71.0,12.0,"Medicine, Angioplasty, or Surgery Study II. Multivessel CAD + angina. Also compared to medical therapy. CABG best for angina relief"
FAME,FFR/iFR-Guided PCI,FFR-guided PCI,Angiography-guided PCI,509,496,67,91,0.1316306483300589,0.1834677419354838,0.7174593579308707,-0.3320389769514792,0.1481000288617176,2009,65.0,77.0,12.0,Fractional Flow Reserve versus Angiography for Multivessel Evaluation. LANDMARK trial. FFR-guided reduced MACE by 28% and used fewer stents. Established physiologic guidance as superior to visual assessment alone
FAME-2,FFR/iFR-Guided PCI,FFR-guided PCI + medical therapy,Medical therapy alone,447,441,28,68,0.0626398210290827,0.1541950113378684,0.406237662850375,-0.9008169141676255,0.214278925482086,2012,64.0,76.0,7.0,FFR-guided PCI in stable CAD. STOPPED EARLY for efficacy. FFR-guided PCI reduced urgent revascularization by 66% vs medical therapy alone for hemodynamically significant lesions (FFR ≤0.80)
iFR-SWEDEHEART,FFR/iFR-Guided PCI,iFR-guided PCI,FFR-guided PCI,1242,1249,89,94,0.071658615136876,0.0752602081665332,0.9521447904889164,-0.0490381649057104,0.1423673397835481,2017,67.0,75.0,12.0,"Instantaneous wave-free ratio vs FFR in Swedish registry. iFR non-inferior to FFR. Advantage: no need for adenosine (hyperemia). Faster, better tolerated"
DEFINE-FLAIR,FFR/iFR-Guided PCI,iFR-guided strategy,FFR-guided strategy,1148,1158,78,83,0.0679442508710801,0.0716753022452504,0.9479450904663952,-0.0534586998535773,0.1520988744003315,2017,65.0,75.0,12.0,Functional Lesion Assessment of Intermediate stenosis to guide Revascularisation. iFR non-inferior to FFR. Confirmed equivalence of two physiologic assessment methods
DEFER,FFR/iFR-Guided PCI,Deferral of PCI (FFR >0.75),Performance of PCI,91,90,12,18,0.1318681318681318,0.2,0.6593406593406593,-0.4165149442947494,0.3417437150684219,2001,60.0,69.0,60.0,EARLY FFR trial. Deferral of PCI in lesions with FFR >0.75 was SAFE. Established FFR threshold and concept of avoiding unnecessary PCI
IVUS-XPL,IVUS/OCT-Guided PCI,IVUS-guided PCI,Angiography-guided PCI,700,700,30,48,0.0428571428571428,0.0685714285714285,0.625,-0.4700036292457356,0.2265160564055533,2015,62.0,75.0,12.0,Impact of intravascular ultrasound guidance on outcomes of Xience Prime stents in Long lesions. IVUS-guided reduced MACE by 38% in long lesions. Showed imaging benefit for complex PCI
ULTIMATE,IVUS/OCT-Guided PCI,IVUS-guided PCI,Angiography-guided PCI,724,724,21,36,0.0290055248618784,0.0497237569060773,0.5833333333333334,-0.5389965007326869,0.2695076890509784,2018,64.0,67.0,12.0,Intravascular Ultrasound Guided Drug-Eluting Stents Implantation in All-Comers. All-comers population. IVUS reduced TVF by 44% - benefit across broad population
ADAPT-DES,IVUS/OCT-Guided PCI,IVUS-guided (post-hoc analysis),Angiography-guided,723,7200,38,496,0.0525587828492392,0.0688888888888888,0.7629500736179896,-0.2705626841531596,0.1637373010422479,2014,64.0,75.0,12.0,Assessment of Dual AntiPlatelet Therapy with drug-eluting stents. Registry showing IVUS use associated with 57% reduction in stent thrombosis
ILUMIEN III,IVUS/OCT-Guided PCI,OCT-guided PCI,IVUS or angiography-guided,158,196,18,24,0.1139240506329113,0.1224489795918367,0.930379746835443,-0.0721624462482305,0.2929011223635803,2016,65.0,73.0,12.0,Optical Coherence Tomography Compared to Intravascular Ultrasound and Angiography to Guide PCI. OCT non-inferior to IVUS for stent expansion. Both imaging superior to angio alone
OPINION,IVUS/OCT-Guided PCI,OCT-guided PCI,IVUS-guided PCI,414,415,30,37,0.072463768115942,0.0891566265060241,0.8127692910301606,-0.2073079845766851,0.235659209174913,2018,66.0,73.0,12.0,OPtical coherence tomography vs INtravascular ultrasound in Ischemia On left Anterior Descending artery. OCT non-inferior to IVUS. Establishes OCT as alternative imaging modality
NORDIC-I,Bifurcation/Complex PCI,Crush technique (2 stents),Culotte technique (2 stents),206,207,28,33,0.1359223300970873,0.1594202898550724,0.8526037069726391,-0.1594604268154882,0.2373436942724222,2006,63.0,81.0,6.0,Nordic Bifurcation Study I. Compared two 2-stent techniques. Similar outcomes - no clear winner among complex techniques
NORDIC-III,Bifurcation/Complex PCI,Culotte stenting (2 stents),Crush stenting (2 stents),206,211,23,28,0.1116504854368932,0.1327014218009478,0.8413661581137309,-0.1727283295595688,0.2638159228684294,2009,65.0,79.0,8.0,Nordic-Baltic Bifurcation Study III. Confirmed similar outcomes with different 2-stent techniques
CACTUS,Bifurcation/Complex PCI,Crush stenting (2 stents),Provisional side branch stenting,182,168,22,18,0.1208791208791208,0.1071428571428571,1.1282051282051282,0.1206279877886147,0.299271138874457,2009,62.0,79.0,6.0,Coronary Bifurcations: Application of the Crushing Technique Using Sirolimus-Eluting Stents. Simple (provisional) approach non-inferior to complex 2-stent technique
BBC ONE,Bifurcation/Complex PCI,Provisional side branch stenting,Systematic 2-stent technique,250,250,28,35,0.112,0.14,0.7999999999999999,-0.2231435513142098,0.2372461048905003,2010,64.0,79.0,9.0,British Bifurcation Coronary Study. Provisional approach non-inferior and SIMPLER than routine 2-stent technique. Established provisional as standard
DEFINITION,Bifurcation/Complex PCI,Final kissing balloon inflation,No final kissing balloon,355,355,32,42,0.0901408450704225,0.1183098591549295,0.761904761904762,-0.2719337154836416,0.2223189622875709,2015,64.0,76.0,12.0,Double kissing (DK) crush versus Provisional stenting technique for treatment of coronary bifurcation lesions with NNNN. Final kissing balloon reduced restenosis
LoDoCo,Colchicine,Colchicine 0.5mg daily,Placebo,282,250,15,40,0.0531914893617021,0.16,0.3324468085106383,-1.1012754060875931,0.2900354588251004,2013,66.0,84.0,36.0,Low-Dose Colchicine for stable CAD. First trial showing colchicine reduces CV events (67% reduction in ACS/stroke/cardiac arrest). Small Australian pilot that started the colchicine revolution.
COLCOT,Colchicine,Colchicine 0.5mg daily,Placebo,2366,2379,107,145,0.0452240067624683,0.0609499789827658,0.7419856006062903,-0.2984254421940426,0.1240941060857179,2019,61.0,81.0,23.0,"Colchicine Cardiovascular Outcomes Trial. Post-MI within 30 days. Primary endpoint (death/MI/stroke/urgent revasc) reduced 23% (HR 0.77, p=0.02). Landmark trial proving inflammation targeting post-MI."
LoDoCo2,Colchicine,Colchicine 0.5mg daily,Placebo,2762,2760,187,235,0.0677045619116582,0.0851449275362318,0.7951684718135178,-0.229201272547614,0.0942259911618506,2020,66.0,83.0,29.0,"Low-Dose Colchicine 2. Large confirmatory trial in chronic CAD. CV death/MI/stroke/coronary revasc reduced 31% (HR 0.69, p<0.001). FDA approved colchicine for ASCVD based on this."
COPS,Colchicine,Colchicine 0.5mg daily x 12 months,Placebo,396,399,70,73,0.1767676767676767,0.1829573934837092,0.9661685346616854,-0.0344169934636491,0.1515019017480891,2020,62.0,76.0,12.0,Colchicine in Patients with acute coronary Syndrome. Dutch trial in ACS patients. Neutral result (HR 0.96) - no benefit in acute setting unlike COLCOT.
COLCHICINE-PCI,Colchicine,Colchicine loading + 0.5mg daily x 1 month,Placebo,396,399,29,44,0.0732323232323232,0.1102756892230576,0.6640840220385675,-0.4093465982964042,0.2284261656609186,2020,65.0,78.0,12.0,"Peri-procedural colchicine for PCI patients. Loading dose (1.5mg) then 0.5mg daily x 30d. Periprocedural MI reduced 34%, but non-significant primary endpoint. Showed promise for peri-PCI inflammation."
CANTOS,IL-1 Inhibition,Canakinumab 150mg q3months (IL-1β mAb),Placebo,3344,3344,318,368,0.0950956937799043,0.1100478468899521,0.8641304347826086,-0.1460315553887541,0.0725531478848177,2017,61.0,74.0,45.0,"Canakinumab Anti-inflammatory Thrombosis Outcome Study. LANDMARK TRIAL proving inflammatory hypothesis. Post-MI with hsCRP>2mg/L. CV death/MI/stroke reduced 15% (HR 0.85, p=0.021) independent of LDL lowering. Changed paradigm of atherosclerosis."
CIRT,IL-1 Inhibition,Methotrexate 15-20mg weekly,Placebo,2391,2395,201,207,0.0840652446675031,0.0864300626304801,0.972638941925942,-0.0277423428196025,0.0947115128691427,2019,66.0,93.0,28.0,Cardiovascular Inflammation Reduction Trial. Low-dose MTX in stable CAD with diabetes or metabolic syndrome. NEGATIVE trial (HR 1.01) - stopped early for futility. Did not reduce inflammation or CV events.
RESCUE,IL-1 Inhibition,Anakinra 100mg daily (IL-1 receptor antagonist),Placebo,99,83,22,26,0.2222222222222222,0.3132530120481928,0.7094017094017093,-0.3433333270011583,0.2485294369767683,2021,60.0,80.0,3.0,"Pilot trial of IL-1 blockade in STEMI. Short-term anakinra started in ambulance. Showed reduction in inflammatory markers and HF hospitalization at 1 year (16% vs 31%, HR 0.48). Promising but small."
ILLUMINATE,CETP Inhibitors,Torcetrapib 60mg + atorvastatin,Atorvastatin alone,7533,7534,315,249,0.041816009557945,0.0330501725511016,1.2652281767452125,0.235252482787217,0.0832177059180815,2007,61.0,75.0,12.0,"STOPPED EARLY for increased mortality (HR 1.25, p=0.001). Torcetrapib increased HDL 72% but also increased BP and aldosterone (off-target toxicity). Major failure that nearly killed the CETP class."
dal-OUTCOMES,CETP Inhibitors,Dalcetrapib 600mg daily,Placebo,7938,7989,558,566,0.0702947845804988,0.0708474151958943,0.9921997067378188,-0.0078308746828406,0.0575130482545595,2012,61.0,79.0,31.0,Dalcetrapib in recent ACS. NEGATIVE (HR 1.04) despite 31% HDL increase. No safety concerns but no efficacy. Stopped for futility. Showed that raising HDL doesn't guarantee benefit.
ACCELERATE,CETP Inhibitors,Evacetrapib 130mg daily,Placebo,6186,6180,434,444,0.0701584222437762,0.0718446601941747,0.9765293906903996,-0.0237504311250982,0.0650609873054759,2017,65.0,76.0,26.0,"Assessment of Clinical Effects of Cholesteryl Ester Transfer Protein Inhibition. STOPPED EARLY for futility (HR 1.01). Raised HDL 130%, lowered LDL 31% - but NO clinical benefit. Another nail in HDL hypothesis coffin."
HPS3-REVEAL,CETP Inhibitors,Anacetrapib 100mg daily,Placebo,15225,15223,1640,1803,0.1077175697865353,0.1184392038363003,0.9094756322021226,-0.0948870739039168,0.0321405623567972,2017,67.0,78.0,49.0,"Randomized EValuation of the Effects of Anacetrapib through Lipid-modification. POSITIVE but modest: 9% RR reduction (HR 0.91, p=0.004). Raised HDL 104%, lowered LDL 17%. NOT developed due to tissue accumulation concerns and marginal benefit."
DEFINE,CETP Inhibitors,Anacetrapib 100mg daily,Placebo,816,411,2,5,0.0024509803921568,0.0121654501216545,0.2014705882352941,-1.6021118723420276,0.8344707423149063,2010,63.0,61.0,18.0,"Determining the Efficacy and Tolerability of CETP INhibition with AnacEtrapib. Phase 2b trial. Raised HDL 138%, lowered LDL 40%. No safety concerns in short-term. Led to HPS3-REVEAL."
MERLIN-TIMI 36,Metabolic Modulators,Ranolazine IV→oral,Placebo,3162,3158,346,343,0.1094244149272612,0.1086130462317922,1.0074702692136763,0.0074425049379544,0.0719215799292086,2007,64.0,66.0,12.0,"Metabolic Efficiency with Ranolazine for Less Ischemia in NSTEMI. Primary endpoint neutral (HR 1.02). But reduced recurrent ischemia (13.9% vs 16.1%, p=0.03) and HbA1c in diabetics. FDA approved for chronic angina."
RIVER-PCI,Metabolic Modulators,Ranolazine 1000mg bid,Placebo,1263,1297,137,158,0.1084718923198733,0.1218195836545875,0.8904306603726311,-0.1160500452328889,0.1098435630182383,2016,64.0,79.0,13.0,"Ranolazine in Patients with Incomplete Revascularization After PCI. Incomplete revascularization common. Primary endpoint neutral (HR 0.89, p=0.25) but ischemia-driven revasc reduced 21% (p=0.04)."
ERICA,Metabolic Modulators,Ivabradine (If channel inhibitor),Placebo,515,505,31,38,0.0601941747572815,0.0752475247524752,0.7999489013796628,-0.2232074266296158,0.2337774762401111,2008,63.0,81.0,3.0,"Anti-ischemic Effects and Tolerability of Ivabradine in Chronic Angina. Heart rate reduction improved angina symptoms, exercise tolerance, and QOL. CCS class improved in 43% vs 15% (p<0.001)."
BEAUTIFUL,Metabolic Modulators,Ivabradine 5-7.5mg bid,Placebo,5479,5438,703,704,0.1283080854170469,0.1294593600588451,0.9911070575254276,-0.0089327206933772,0.0497646808308936,2008,65.0,85.0,19.0,"Morbidity-mortality EvAlUaTion of the If inhibitor in CAD with LV dysfunction. Stable CAD + LV dysfunction. Primary endpoint neutral (HR 1.00). But in HR≥70 subgroup, reduced CV death/MI admission 36%."
ORION-10,Other Novel Therapies,Inclisiran 300mg q6months (siRNA),Placebo,781,780,274,339,0.3508322663252241,0.4346153846153846,0.8072246835801615,-0.2141532311484286,0.0635375993464164,2020,64.0,69.0,18.0,Inclisiran for subjects with ASCVD. siRNA targeting PCSK9 mRNA - dosed every 6 months! LDL reduced 51% sustained. Primary endpoint is TIME-3 trial (outcomes). This measured LDL lowering efficacy - dramatic success.
ORION-11,Other Novel Therapies,Inclisiran 300mg q6months,Placebo,781,779,246,301,0.3149807938540332,0.386392811296534,0.8151828518680795,-0.2043428327854506,0.069449211716249,2020,62.0,65.0,18.0,"Inclisiran for subjects with heterozygous FH. LDL reduced 50% with twice-yearly dosing - game changer for adherence. FDA approved 2021. Outcomes trial (ORION-4) ongoing with 15,000 patients."
CLEAR Outcomes,Other Novel Therapies,Bempedoic acid 180mg daily,Placebo,6992,6978,819,927,0.1171338672768878,0.1328460877042132,0.8817261336117838,-0.1258737773014377,0.0448711682444666,2023,66.0,51.0,40.0,"Cholesterol Lowering via BEmpedoic Acid, an ACL-inhibiting Regimen. Statin intolerant patients. MACE reduced 13% (HR 0.87, p=0.004). Oral non-statin option! LDL↓ 21%, hsCRP↓ 22%. FDA approved."
VITAL,Other Novel Therapies,Vitamin D3 2000IU + omega-3 1g daily,Placebo,12927,12944,386,419,0.0298599829813568,0.0323702101359703,0.92245255300879,-0.0807193374429817,0.0694456267859137,2019,67.0,49.0,62.0,"Vitamin D and Omega-3 Trial. 2x2 factorial. Vitamin D: neutral for CV (HR 0.97). Omega-3: trend but not significant (HR 0.92, p=0.24). But in subgroup analyses: black participants benefit from vitamin D, fish avoiders benefit from omega-3."
STRENGTH,Other Novel Therapies,Omega-3 carboxylic acid 4g daily,Corn oil placebo,6539,6540,785,795,0.1200489371463526,0.1215596330275229,0.987572388600184,-0.012505479981955,0.0471795846146381,2020,63.0,66.0,42.0,"Outcomes Study to Assess STatin Residual Risk Reduction with EpaNova. High-risk statin-treated patients. STOPPED EARLY for futility (HR 0.99). Unlike REDUCE-IT, this used mix of EPA+DHA (not purified EPA). Placebo also differed."
ALL-HEART,Other Novel Therapies,Allopurinol 600mg daily,Usual care,2757,2758,314,325,0.113891911498005,0.1178390137781,0.9665042828046092,-0.0340695490920337,0.0744065976773624,2022,72.0,79.0,57.0,"Allopurinol and Cardiovascular Outcomes in Ischaemic Heart Disease. NEGATIVE trial (HR 0.97, p=0.64). Allopurinol (xanthine oxidase inhibitor) lowers uric acid but doesn't reduce CV events in IHD. Definitive null result."
TRAVERSE,Other Novel Therapies,Testosterone gel 1.62%,Placebo gel,2710,2700,182,190,0.0671586715867158,0.0703703703703703,0.9543600699164888,-0.0467142469650168,0.1000914048699241,2023,63.0,100.0,33.0,Testosterone Replacement therapy for Assessment of long-term Vascular Events and efficacy ResponSE in hypogonadal men. CV safety trial in men with low testosterone. Non-inferior for CV safety (HR 0.96). Reassuring - testosterone replacement is CV safe.
PROMINENT,Other Novel Therapies,Pemafibrate 0.2mg bid (PPAR-α agonist),Placebo,5035,5030,572,560,0.113604766633565,0.1113320079522862,1.0204142431550574,0.0202086655917251,0.0560049028660127,2022,64.0,68.0,39.0,Pemafibrate to Reduce cardiovascular OutcoMes by reducing triglycerides IN diabetic patiENTs. Type 2 diabetes on statins with high TG/low HDL. NEGATIVE (HR 1.03). TG↓ 27% but no clinical benefit. Unlike REDUCE-IT.
GISSI-1,Early Thrombolysis,Streptokinase 1.5 million units IV,Standard care,5860,5852,628,758,0.1071672354948805,0.1295283663704716,0.8273649895989987,-0.1895093396052162,0.0506960322670864,1986,59.0,80.0,0.0,"Gruppo Italiano per lo Studio della Streptochinasi nell'Infarto Miocardico. FIRST mega-trial of thrombolysis. Mortality 10.7% vs 13.0% (18% reduction, p<0.0002). Launched thrombolysis era. Italy, 11,806 STEMI patients within 12h."
ISIS-2,Early Thrombolysis,Aspirin 160mg + streptokinase,Placebo,8592,8600,791,1029,0.0920623836126629,0.1196511627906976,0.7694232255285727,-0.2621141025734426,0.0447590593587856,1988,59.0,76.0,1.0,"Second International Study of Infarct Survival. LANDMARK 2x2 factorial trial. Combined aspirin + streptokinase reduced mortality 42% (9.2% vs 13.2%). Aspirin alone 23%, SK alone 25%. Most influential CV trial ever. Established ASA as essential."
GISSI-2,Early Thrombolysis,Alteplase (t-PA),Streptokinase,10396,10372,860,939,0.082724124663332,0.0905322020825298,0.9137535899979552,-0.0901943390635353,0.045112627507152,1990,60.0,78.0,0.0,"t-PA vs streptokinase. No significant difference in mortality (8.6% vs 9.2%, p=NS). t-PA more expensive but not more effective. Also tested heparin - no benefit with SK. Controversial - contradicted other trials showing t-PA benefit."
GUSTO-I,Early Thrombolysis,Accelerated t-PA,Streptokinase,10396,20162,653,1475,0.0628126202385532,0.0731574248586449,0.858595287626923,-0.1524576116449831,0.0454265404039168,1993,62.0,74.0,1.0,"Global Utilization of Streptokinase and t-PA for Occluded coronary arteries. Accelerated t-PA (90min) + IV heparin reduced mortality 14% vs SK (6.3% vs 7.3%, p<0.001). Lives saved: 10/1000 treated. Established t-PA superiority despite higher cost/ICH risk."
ISIS-3,Early Thrombolysis,t-PA or APSAC,Streptokinase,27841,13780,2843,1448,0.1021155849287022,0.1050798258345428,0.9717905803297772,-0.0286149500705068,0.0305591502301202,1992,60.0,76.0,1.0,"Third International Study of Infarct Survival. Largest thrombolytic trial: 41,299 patients. SK, t-PA, APSAC - no difference (10.6%, 10.3%, 10.5%). Contradicted GUSTO-I. Also tested heparin - no benefit. Showed aspirin essential for all."
LATE,Early Thrombolysis,t-PA 6-24h post-symptom,Placebo,2838,2842,232,270,0.0817477096546864,0.0950035186488388,0.8604703364393287,-0.1502761363950068,0.0854975018929104,1993,62.0,74.0,1.0,Late Assessment of Thrombolytic Efficacy. t-PA given 6-24h after symptom onset. Benefit in 6-12h window (8.9% vs 10.3%) but not 12-24h. Extended treatment window to 12h. Reinforced 'time is muscle' - earlier is better.
EMERAS,Early Thrombolysis,Streptokinase 6-24h,Placebo,2080,2079,248,268,0.1192307692307692,0.1289081289081289,0.9249282433983926,-0.0780391191832252,0.0824732176911299,1993,62.0,71.0,1.0,"Estudio Multicentrico Estreptoquinasa Republicas de America del Sur. Late SK (6-24h). Trend but not significant (11.9% vs 12.9%, p=0.23). Combined with LATE showed benefit up to 12h. Latin America, 4,159 patients."
ASSENT-2,Early Thrombolysis,Tenecteplase (TNK-t-PA),Alteplase (t-PA),8461,8488,519,525,0.0613402671079068,0.0618520263901979,0.9917260708798352,-0.0083083480564169,0.0599628339510652,1999,62.0,77.0,1.0,Assessment of the Safety and Efficacy of a New Thrombolytic. TNK (single bolus) equivalent to t-PA (90min infusion) for mortality (6.2% vs 6.2%). Easier dosing - single 5-sec bolus based on weight. Became preferred fibrinolytic.
Norwegian Multicenter,Early Beta-Blockers,Timolol 10mg bid,Placebo,945,939,98,152,0.1037037037037037,0.161874334398296,0.6406432748538011,-0.4452824904611844,0.1210779303447514,1981,58.0,85.0,17.0,"FIRST definitive beta-blocker post-MI trial. Timolol reduced mortality 39% (10.4% vs 16.2%, p<0.001). Sudden death reduced 45%. Norway, started 7-28 days post-MI. Landmark trial that established beta-blocker benefit."
MIAMI,Early Beta-Blockers,Metoprolol IV→oral,Placebo,2877,2901,123,142,0.0427528675703858,0.0489486384005515,0.8734230198710512,-0.135335281658987,0.1203330453849606,1985,59.0,78.0,0.0,"Metoprolol In Acute Myocardial Infarction. Early IV metoprolol within 24h of STEMI. Mortality trend (4.3% vs 4.9%, p=0.29 NS). Subgroup benefit in high-risk patients. Established safety of early beta-blockade."
ISIS-1,Early Beta-Blockers,Atenolol IV→oral,Control,8037,7990,317,367,0.0394425780763966,0.0459324155193992,0.8587089886387176,-0.1523251936296877,0.0750319184796946,1986,58.0,73.0,0.0,"First International Study of Infarct Survival. Atenolol IV 5-10mg then oral within 12h of STEMI. 7-day mortality reduced 15% (3.9% vs 4.6%, p=0.04). Vascular deaths reduced day 0-1 (121 vs 171). Early IV beta-blockade saves lives."
BHAT,Early Beta-Blockers,Propranolol 180-240mg daily,Placebo,1916,1921,138,188,0.0720250521920668,0.0978656949505465,0.7359581130902145,-0.3065820734349937,0.1073454371294942,1982,55.0,89.0,25.0,"Beta-Blocker Heart Attack Trial. US trial, started 5-21 days post-MI. Mortality reduced 26% (7.2% vs 9.8%, p<0.005). Sudden death reduced 28%. Confirmed Norwegian findings. Established long-term beta-blocker benefit."
Goteborg Metoprolol,Early Beta-Blockers,Metoprolol IV→oral,Placebo,698,697,40,62,0.0573065902578796,0.0889526542324246,0.6442369904797116,-0.4396886229330038,0.1956058467225923,1981,57.0,77.0,3.0,"Göteborg Metoprolol Trial. Early IV metoprolol <12h from symptom onset. 90-day mortality reduced 36% (5.7% vs 8.9%, p<0.03). Swedish trial. Showed benefit of very early beta-blockade in acute phase."
CAPRICORN,Early Beta-Blockers,Carvedilol 25mg bid,Placebo,975,984,116,151,0.1189743589743589,0.1534552845528455,0.775303107488538,-0.2545012196541533,0.1148969321749765,2001,63.0,73.0,16.0,"Carvedilol Post-Infarct Survival Control in LV dysfunction. Post-MI with EF≤40%. All-cause mortality reduced 23% (12% vs 15%, p=0.03). Proved third-generation beta-blocker benefit. Extended indication to LV dysfunction post-MI."
COMMIT-CCS-2,Early Beta-Blockers,Metoprolol IV→oral,Placebo,22929,22852,1774,1797,0.0773692703563173,0.0786364431997199,0.9838856795673698,-0.0162455679806748,0.032137332609904,2005,61.0,74.0,1.0,"ClOpidogrel and Metoprolol in Myocardial Infarction Trial. Largest beta-blocker trial: 45,852 STEMI patients in China. Early IV metoprolol: NO benefit (7.7% vs 7.8%, p=0.69). Increased cardiogenic shock early. Changed practice - now avoid IV beta-blockers in acute STEMI."
CONSENSUS,Early ACE Inhibitors,Enalapril,Placebo,127,126,44,68,0.3464566929133858,0.5396825396825397,0.6419638721630385,-0.4432232507649587,0.1470463579816734,1987,71.0,71.0,6.0,"Cooperative North Scandinavian Enalapril Survival Study. FIRST ACE inhibitor mortality trial. Severe HF (NYHA IV). Mortality reduced 40% at 6mo (26% vs 44%, p=0.002), 31% at 1yr. Scandinavia, stopped early for benefit. Launched ACE inhibitor era in HF."
SOLVD Treatment,Early ACE Inhibitors,Enalapril 10mg bid,Placebo,1285,1284,452,510,0.3517509727626459,0.397196261682243,0.885584802014191,-0.1215070589655538,0.0511482881252931,1991,61.0,80.0,41.0,"Studies Of Left Ventricular Dysfunction - Treatment arm. Symptomatic HF with EF≤35%. Mortality reduced 16% (35.2% vs 39.7%, p=0.0036). Death/HF hosp reduced 26%. Established ACE inhibitors for all symptomatic HF."
SOLVD Prevention,Early ACE Inhibitors,Enalapril 10mg bid,Placebo,2111,2117,334,378,0.1582188536238749,0.1785545583372697,0.8861092939728658,-0.1209149793563427,0.068508677716887,1992,59.0,89.0,37.0,"SOLVD Prevention arm. Asymptomatic LV dysfunction (EF≤35%) without HF symptoms. Mortality trend (14.8% vs 15.8%, p=0.30 NS). But HF development reduced 37%, death/HF reduced 29%. Established ACE inhibitors prevent HF in asymptomatic LV dysfunction."
SAVE,Early ACE Inhibitors,Captopril 50mg tid,Placebo,1115,1116,228,275,0.2044843049327354,0.246415770609319,0.8298344883815736,-0.1865290096650934,0.0789266128402011,1992,59.0,82.0,42.0,"Survival And Ventricular Enlargement. Post-MI with EF≤40% but no overt HF. All-cause mortality reduced 19% (20% vs 25%, p=0.019). CV mortality reduced 21%, severe HF reduced 37%. US trial. Proved ACE inhibitors prevent post-MI remodeling."
AIRE,Early ACE Inhibitors,Ramipril 5mg bid,Placebo,1014,982,170,222,0.1676528599605522,0.2260692464358452,0.7415995877534338,-0.2989458206186803,0.091555088405261,1993,65.0,68.0,15.0,"Acute Infarction Ramipril Efficacy. Post-MI with clinical HF. Mortality reduced 27% (17% vs 23%, p=0.002). UK trial, started 3-10 days post-MI. Confirmed benefit in symptomatic post-MI patients. Stopped early for benefit."
TRACE,Early ACE Inhibitors,Trandolapril 4mg daily,Placebo,876,873,304,369,0.3470319634703196,0.422680412371134,0.8210268404053903,-0.1971994777310947,0.0609300656555243,1995,67.0,68.0,26.0,"TRAndolapril Cardiac Evaluation. Post-MI with LV dysfunction (WMA on echo). Mortality reduced 22% (34.7% vs 42.3%, p=0.001). Denmark. Confirmed class effect - all ACE inhibitors work. Broad LV dysfunction definition (not just EF)."
GISSI-3,Early ACE Inhibitors,Lisinopril 10mg daily,Control,9435,9460,580,652,0.0614732379438261,0.06892177589852,0.8919276548291344,-0.1143702541429146,0.05519224289515,1994,63.0,73.0,2.0,"Gruppo Italiano per lo Studio della Sopravvivenza nell'Infarto Miocardico. Early ACE inhibitor (within 24h) for all STEMI. 6-week mortality reduced 11% (6.3% vs 7.1%, p=0.03). Italy, 19,394 patients. Established early ACE inhibitor for all STEMI."
ISIS-4,Early ACE Inhibitors,Captopril 50mg bid,Placebo,29028,29022,2088,2231,0.0719305498139727,0.0768727172489835,0.9357097340659418,-0.0664499637769925,0.029295914056604,1995,60.0,74.0,1.0,"Fourth International Study of Infarct Survival. Largest ACE inhibitor trial: 58,050 STEMI patients. Captopril started day 0-1. 5-week mortality reduced 7% (7.2% vs 7.7%, p=0.02). Confirmed early ACE inhibitor benefit. Combined with GISSI-3 established standard of care."
CDP Aspirin,Early Aspirin,Aspirin 972mg daily,Placebo,1529,3119,189,424,0.1236102027468934,0.1359410067329272,0.9092929772819824,-0.0950879294935743,0.0816998043961532,1980,52.0,100.0,60.0,"Coronary Drug Project Aspirin substudy. Post-MI men. Mortality reduced 24% (12.4% vs 16.0%, p=0.004). FIRST trial showing aspirin reduces mortality post-MI. High dose (972mg) - now know low dose (81mg) equally effective."
AMIS,Early Aspirin,Aspirin 1000mg daily,Placebo,2267,2257,246,247,0.1085134539038376,0.1094373061586176,0.9915581597609784,-0.0084776743856076,0.0850261490853625,1980,55.0,91.0,36.0,"Aspirin Myocardial Infarction Study. Post-MI patients. Total mortality neutral (10.8% vs 9.7%, p=NS). But CV mortality trended better. High dose aspirin. Inconclusive but suggested benefit. Swiss-US collaboration."
UK-TIA,Early Aspirin,Aspirin 300mg or 1200mg daily,Placebo,1621,806,161,104,0.0993214065391733,0.1290322580645161,0.7697409006785935,-0.2617013133859575,0.118190383721859,1988,60.0,71.0,48.0,"United Kingdom Transient Ischaemic Attack aspirin trial. TIA/minor stroke. Combined endpoint (stroke/MI/vascular death) reduced 15% (15% vs 22%, p=0.001). No dose difference between 300mg vs 1200mg. Established aspirin for secondary stroke prevention."
RISC,Early Aspirin,Aspirin 75mg + heparin,Placebo,399,396,11,30,0.0275689223057644,0.0757575757575757,0.3639097744360902,-1.010849314499168,0.3452693239385904,1990,59.0,74.0,3.0,"Risk of myocardial Infarction and death during treatment with low dose aspirin and intravenous heparin in men with unstable coronary artery disease. Unstable angina. MI/death reduced 63% (3% vs 8%, p<0.001). Scandinavian trial. Low-dose aspirin (75mg) effective - don't need high dose."
Paris I,Early Aspirin,Aspirin 1000mg + dipyridamole,Placebo,543,542,41,65,0.0755064456721915,0.1199261992619926,0.6296075931435048,-0.4626585216856185,0.1899689980252538,1980,54.0,100.0,30.0,"French trial post-MI. Aspirin + dipyridamole reduced mortality 37% (7.5% vs 12.0%, p=0.02). Reinforced CDP findings. Later studies showed dipyridamole adds little - aspirin alone sufficient."
LRC-CPPT,Early Lipid Lowering,Cholestyramine 24g daily,Placebo,1906,1900,155,187,0.0813221406086044,0.0984210526315789,0.826267738804002,-0.1908364189949556,0.1036736790365394,1984,48.0,100.0,87.0,"Lipid Research Clinics Coronary Primary Prevention Trial. LANDMARK - first trial proving cholesterol lowering reduces CHD. Bile acid resin, cholesterol↓19%, CHD↓19% (8.1% vs 9.8%, p<0.05). Established lipid hypothesis but drug poorly tolerated. Paved way for statins."
Helsinki Heart Study,Early Lipid Lowering,Gemfibrozil 600mg bid,Placebo,2051,2030,56,84,0.0273037542662116,0.0413793103448275,0.6598407281001137,-0.415756794144712,0.1696517812579587,1987,47.0,100.0,60.0,"Primary prevention with fibrate. Non-fatal MI+CHD death reduced 34% (2.7% vs 4.1%, p<0.02). LDL↓11%, HDL↑11%, TG↓35%. Finland, dyslipidemic men. Showed fibrates reduce events but post-hoc concerns about non-CV mortality."
Stockholm Ischemic Heart Disease,Early Lipid Lowering,Clofibrate + niacin,Usual care,279,276,36,65,0.1290322580645161,0.2355072463768115,0.5478908188585608,-0.6016792475437427,0.18961797215959,1988,56.0,100.0,60.0,"Secondary prevention trial post-MI. Combined clofibrate + niacin. Total mortality reduced 26% (13% vs 21%, p<0.05). Cholesterol↓13%. Swedish trial. Combination therapy more effective than monotherapy."
CDP Niacin,Early Lipid Lowering,Niacin 3g daily,Placebo,1119,2789,241,638,0.2153708668453976,0.2287558264610971,0.9414880056924986,-0.0602936705385712,0.0668174319410649,1986,52.0,100.0,180.0,"Coronary Drug Project Niacin arm. Post-MI men. At 15-year follow-up: mortality reduced 11% (52% vs 58%, p=0.0004). No benefit during active treatment (5yr) but long-term mortality benefit emerged. Showed lipid lowering has legacy effect."
WHO Clofibrate,Early Lipid Lowering,Clofibrate 1.6g daily,Placebo,5331,5296,174,127,0.0326392796848621,0.0239803625377643,1.3610836630789749,0.3082811935500207,0.1150857869825499,1978,48.0,100.0,64.0,World Health Organization clofibrate trial. Primary prevention. Non-fatal MI reduced 20% but TOTAL MORTALITY INCREASED 25% (p=0.05). Cholesterol↓9%. Major concern - stopped using clofibrate. Showed not all lipid-lowering is beneficial.
FATS,Early Lipid Lowering,Lovastatin + colestipol,Placebo,38,46,4,11,0.1052631578947368,0.2391304347826087,0.4401913875598086,-0.8205456749157708,0.5411600234686816,1990,50.0,100.0,30.0,"Familial Atherosclerosis Treatment Study. FIRST statin trial with outcomes! Intensive lipid lowering. LDL↓46%, HDL↑15%. Progression reduced, regression seen on angiography. Events reduced 63%. Small trial but showed statin potential."
POSCH,Early Lipid Lowering,Partial ileal bypass surgery,Usual care,417,421,125,160,0.2997601918465228,0.3800475059382422,0.7887440047961631,-0.2373134660479457,0.0973479406721775,1990,51.0,92.0,120.0,Program On the Surgical Control of the Hyperlipidemias. Post-MI with hyperlipidemia. SURGERY to lower cholesterol! LDL↓38%. CV mortality reduced 35%. Proved aggressive lipid lowering works but surgery impractical. Motivated drug development.
DAPA-CKD,SGLT2 Inhibitors in CKD,Dapagliflozin 10mg daily,Placebo,2152,2152,197,312,0.091542750929368,0.1449814126394052,0.6314102564102565,-0.4597994590714937,0.0857432347615141,2020,62.0,67.0,28.0,"Dapagliflozin And Prevention of Adverse outcomes in CKD. CKD stages 2-4 (eGFR 25-75). Primary: 50% eGFR decline/ESRD/renal or CV death reduced 39% (9.2% vs 14.5%, HR 0.61, p<0.001). STOPPED EARLY for efficacy. Landmark - SGLT2i for CKD regardless of diabetes."
EMPA-KIDNEY,SGLT2 Inhibitors in CKD,Empagliflozin 10mg daily,Placebo,3304,3305,432,558,0.1307506053268765,0.1688350983358547,0.7744278684683277,-0.2556307564922827,0.0591751147956783,2023,64.0,66.0,24.0,"Empagliflozin Outcome Trial in Patients with CKD. eGFR 20-45 or 45-90 with albuminuria. Primary composite reduced 28% (13.1% vs 16.9%, HR 0.72, p<0.001). Consistent across diabetes/non-diabetes. CV death reduced. Confirms SGLT2i class effect in CKD."
CREDENCE,SGLT2 Inhibitors in CKD,Canagliflozin 100mg daily,Placebo,2202,2199,336,420,0.1525885558583106,0.1909959072305593,0.7989100817438692,-0.2245068780420738,0.0666952628778756,2019,63.0,66.0,31.0,"Canagliflozin and Renal Events in Diabetes with Established Nephropathy. Type 2 DM + CKD (eGFR 30-90, albuminuria). Primary renal outcome reduced 30% (HR 0.70, p=0.00001), CV death/HF hosp reduced 31%. STOPPED EARLY. First SGLT2i trial with primary renal endpoint."
SCORED,SGLT2 Inhibitors in CKD,Sotagliflozin 200-400mg daily,Placebo,5292,5292,637,717,0.1203703703703703,0.1354875283446712,0.8884239888423988,-0.118306185027457,0.0508589215657228,2021,69.0,57.0,16.0,"Sotagliflozin in Patients with diabetes and CKD. Type 2 DM + CKD (eGFR 25-60). CV death/HF hosp/urgent HF visit reduced 26% (12% vs 13.5%, HR 0.74, p<0.001). Dual SGLT1/2 inhibitor. Total CV events reduced 33%."
DAPA-HF CKD subgroup,SGLT2 Inhibitors in CKD,Dapagliflozin 10mg daily,Placebo,1926,1935,386,502,0.2004153686396677,0.2594315245478036,0.7725174070074842,-0.2581007371210869,0.0595541667931118,2020,66.0,77.0,18.0,"DAPA-HF trial, CKD subgroup (eGFR<60). HFrEF with CKD. CV death/HF hosp reduced 29% (HR 0.71). Consistent benefit across eGFR categories. Showed SGLT2i safe and effective even in moderate-severe CKD (eGFR 30-60)."
CREATE,CKD Anemia Management,Target Hb 13-15 g/dL (EPO),Target Hb 10.5-11.5 g/dL,301,302,56,47,0.1860465116279069,0.1556291390728476,1.1954477981197429,0.1785208416510845,0.1802781772358079,2006,52.0,61.0,36.0,"Cardiovascular Risk reduction by Early Anemia Treatment with Epoetin beta. CKD stages 3-4 (not on dialysis). Primary composite CV events NO BENEFIT (18.6% vs 15.6%, HR 1.24, p=0.36). Higher Hb target may be harmful. Changed practice - don't normalize Hb."
CHOIR,CKD Anemia Management,Target Hb 13.5 g/dL (EPO-α),Target Hb 11.3 g/dL,715,717,125,97,0.1748251748251748,0.1352859135285913,1.2922644365943334,0.256396056704531,0.1245631438766863,2006,65.0,54.0,16.0,"Correction of Hemoglobin and Outcomes In Renal insufficiency. CKD + anemia. STOPPED EARLY for harm. Death/MI/HF hosp/stroke INCREASED 34% (17.5% vs 13.5%, HR 1.34, p=0.03). High Hb target harmful! Landmark safety trial."
TREAT,CKD Anemia Management,Darbepoetin to Hb 13 g/dL,Placebo (rescue if Hb<9),2012,2026,632,602,0.3141153081510934,0.297137216189536,1.057138894209494,0.0555661024270352,0.0474637413282771,2009,66.0,49.0,29.0,"Trial to Reduce cardiovascular Events with Aranesp Therapy. Type 2 DM + CKD + anemia. Death/CV event NO BENEFIT (HR 1.05, p=0.41). Stroke INCREASED 92% (101 vs 53, p=0.001). Confirmed harm of high Hb targets. FDA black box warning."
Normal Hematocrit Study,CKD Anemia Management,Target Hct 42% (EPO),Target Hct 30%,618,615,183,150,0.2961165048543689,0.2439024390243902,1.2140776699029123,0.1939846690939922,0.0942709303204053,1998,60.0,72.0,14.0,"Hemodialysis patients with cardiac disease. FIRST trial showing harm of normalized Hct. Death/MI INCREASED 30% (HR 1.3, p=0.02). STOPPED EARLY. Normal Hct increases thrombosis risk, hypertension. Foundational trial changing anemia management."
PIVOTAL,CKD Anemia Management,Proactive high-dose IV iron,Reactive low-dose IV iron,1093,1101,208,238,0.1903019213174748,0.2161671207992734,0.8803462830694949,-0.1274399454240153,0.0847714261013804,2019,58.0,62.0,26.0,"Proactive IV irOn therapy in haemoDialysis patients. HD patients on ESA. Proactive high-dose iron reduced death/non-fatal CV events 15% (19% vs 21.6%, HR 0.85, p=0.04). Lower ESA doses needed. IV iron superior to oral for HD patients."
AFFIRM-AHF CKD,CKD Anemia Management,IV ferric carboxymaltose,Placebo,558,550,188,213,0.3369175627240143,0.3872727272727272,0.8699749272216333,-0.1392908870342702,0.0800230473263738,2020,71.0,59.0,12.0,"Affirm in Acute HF and iron deficiency, CKD subgroup. Acute HF + iron deficiency + CKD. HF hosp reduced 24% in CKD patients. IV iron benefits extend to HF with CKD. Iron deficiency common in HF+CKD (60-70%)."
EVOLVE,CKD Bone-Mineral Metabolism,Cinacalcet,Placebo,1948,1935,938,952,0.4815195071868583,0.4919896640826873,0.9787187462253896,-0.0215109645237388,0.0329602087504059,2012,54.0,60.0,25.0,"Evaluation of Cinacalcet HCl Therapy to Lower Cardiovascular Events. Hemodialysis + secondary hyperparathyroidism. Primary composite (death/MI/HF hosp/PVD) NO BENEFIT (HR 0.93, p=0.11). Lowered PTH but not CV events. Changed guidelines - don't use cinacalcet just for CV prevention."
ADVANCE,CKD Bone-Mineral Metabolism,Cinacalcet + low-dose vit D,Flexible vitamin D,183,177,16,28,0.087431693989071,0.1581920903954802,0.5526932084309133,-0.5929522082030145,0.2951272392136051,2011,53.0,55.0,12.0,Cinacalcet to Lower Cardiovascular Events (pilot). HD patients. Vascular calcification progression slower with cinacalcet (22% vs 30%). Hypercalcemia episodes reduced. Led to EVOLVE trial.
PRIMO,CKD Bone-Mineral Metabolism,Paricalcitol (vitamin D analog),Placebo,112,115,15,18,0.1339285714285714,0.1565217391304348,0.8556547619047619,-0.1558882997257991,0.3234161384651943,2010,62.0,71.0,12.0,"Paricalcitol Capsule Benefits in Renal Failure-Induced Cardiac Morbidity. CKD stages 3-4 + LVH. LV mass index reduced with paricalcitol (-8g/m² vs +2g/m², p<0.001). Vitamin D analogs may reduce LVH in CKD. Small pilot."
INDEPENDENT-CKD,CKD Bone-Mineral Metabolism,Sevelamer carbonate (non-Ca binder),Calcium carbonate,212,210,45,52,0.2122641509433962,0.2476190476190476,0.8572206095791002,-0.1540599727656513,0.17881304638927,2012,63.0,65.0,24.0,"Impact of Phosphate Reduction on Vascular End-points in CKD. CKD 3b-4. Vascular calcification progression slower with sevelamer (11% vs 25%, p<0.001). Non-calcium binders may reduce vascular calcification vs calcium-based. But no CV outcome benefit proven."
CALMAG,CKD Bone-Mineral Metabolism,Lanthanum carbonate (non-Ca binder),Calcium carbonate,49,51,8,11,0.1632653061224489,0.2156862745098039,0.7569573283858997,-0.2784483965048356,0.4193960950062958,2013,57.0,67.0,18.0,Calcium Acetate/Magnesium carbonate trial. HD patients. Aortic calcification progression slower with lanthanum. Small pilot comparing phosphate binders. Non-Ca binders preferable to avoid vascular calcification.
MDRD,BP Management in CKD,MAP <92 mmHg (low BP),MAP 100-107 mmHg,329,329,73,82,0.2218844984802431,0.2492401215805471,0.8902439024390244,-0.1162598061158619,0.1407647851296009,1994,52.0,60.0,31.0,Modification of Diet in Renal Disease. CKD (non-diabetic). Lower BP slowed progression ONLY in proteinuria >1g/day. No benefit if proteinuria <1g/day. Established concept: lower BP target needed in proteinuric CKD.
AASK,BP Management in CKD,MAP <92 mmHg (intensive),MAP 102-107 mmHg,554,540,189,193,0.3411552346570397,0.3574074074074074,0.9545275995585568,-0.0465387210342067,0.0825557171720284,2002,55.0,61.0,48.0,"African American Study of Kidney disease. Hypertensive nephrosclerosis in blacks. Intensive BP: NO benefit for primary composite (HR 0.98, p=0.85). But proteinuria reduced. Challenged aggressive BP lowering unless high proteinuria."
SPRINT CKD subgroup,BP Management in CKD,SBP <120 mmHg,SBP <140 mmHg,1330,1316,147,191,0.1105263157894736,0.1451367781155015,0.7615321025075779,-0.2724229505984304,0.1025990500149743,2015,73.0,65.0,38.0,"SPRINT trial, CKD subgroup (eGFR<60). Intensive BP reduced CV events 19% (HR 0.81) and all-cause death 28% in CKD patients. But acute kidney injury increased. Benefit-risk favorable for CV outcomes, not progression."
ALTITUDE,BP Management in CKD,Aliskiren (direct renin inhibitor) + ACEi/ARB,Placebo + ACEi/ARB,4403,4391,783,732,0.1778332954803543,0.1667046230926896,1.0667568312216336,0.0646230468354551,0.0467803697766346,2012,65.0,65.0,33.0,"Aliskiren Trial in Type 2 diabetes Using carDio-renal Endpoints. Type 2 DM + CKD. STOPPED EARLY for harm. Non-fatal stroke increased, hyperkalemia, hypotension. Dual RAAS blockade HARMFUL in CKD. Do not combine ACEi + ARB."
VA NEPHRON-D,BP Management in CKD,Losartan + lisinopril (dual RAAS),Losartan alone,724,724,152,132,0.2099447513812154,0.1823204419889502,1.1515151515151514,0.1410785982599054,0.1067345961015082,2013,65.0,98.0,26.0,"Veterans Affairs Nephropathy in Diabetes. Type 2 DM + diabetic nephropathy. STOPPED EARLY for harm. Dual RAAS: hyperkalemia increased (6.3% vs 2.6%), AKI doubled. No benefit for progression. Confirmed ALTITUDE - avoid dual RAAS blockade."
SHARP,Lipid Management in CKD,Simvastatin 20mg + ezetimibe 10mg,Placebo,4650,4620,526,619,0.1131182795698924,0.1339826839826839,0.8442753660951586,-0.1692765744525037,0.0555440869023736,2011,62.0,63.0,58.0,"Study of Heart And Renal Protection. CKD (not on dialysis) or dialysis. Major atherosclerotic events reduced 17% (11.3% vs 13.4%, p=0.0021). Benefit in non-dialysis CKD, unclear on dialysis. LDL↓33mg/dL. Largest lipid trial in CKD."
4D,Lipid Management in CKD,Atorvastatin 20mg,Placebo,619,636,226,243,0.3651050080775444,0.3820754716981132,0.9555834779313508,-0.0454331534127366,0.0731585208242107,2005,66.0,52.0,48.0,"Die Deutsche Diabetes Dialyse. Type 2 DM on hemodialysis. Primary composite (death/MI/stroke) NO BENEFIT (37% vs 38%, p=0.37). Cardiac death reduced 18% but stroke increased. Statins may not work on dialysis - different pathophysiology."
AURORA,Lipid Management in CKD,Rosuvastatin 10mg,Placebo,1389,1378,396,408,0.285097192224622,0.2960812772133527,0.9629017913861008,-0.037803854330421,0.0594188615497391,2009,64.0,62.0,38.0,"A study to evaluate the Use of Rosuvastatin in subjects On Regular hemodialysis. HD patients. Primary (CV death/MI/stroke) NO BENEFIT (HR 0.96, p=0.59). LDL↓43%. Confirmed 4D - statins ineffective on HD. Don't start statins in dialysis patients."
PLANET I,Lipid Management in CKD,Atorvastatin 80mg,Rosuvastatin 10 or 40mg,237,237,12,15,0.050632911392405,0.0632911392405063,0.7999999999999999,-0.2231435513142098,0.3762461713221799,2012,58.0,72.0,12.0,Prospective evaluation of proteinuria and renal function in diabetic patients with progressive renal disease. Type 2 DM + proteinuria. Comparing high vs moderate-intensity statins. Proteinuria reduced similarly. Both safe in CKD. Rosuvastatin superior LDL lowering.
FHN Daily,Dialysis-Specific Trials,Frequent HD (6x/week),Conventional HD (3x/week),125,120,22,28,0.176,0.2333333333333333,0.7542857142857142,-0.2819840513371432,0.254628156014801,2010,51.0,63.0,12.0,"Frequent Hemodialysis Network Daily trial. Death/LV mass composite improved with frequent HD (HR 0.61, p=0.01). LV mass reduced, BP improved, QOL better. But vascular access complications doubled. Daily HD beneficial but access issues limit adoption."
HEMO Study,Dialysis-Specific Trials,High-flux dialysis membrane,Low-flux membrane,955,944,449,460,0.4701570680628272,0.4872881355932203,0.964844070111541,-0.0357887760761159,0.0479024225163685,2002,58.0,58.0,36.0,"Hemodialysis study. 2x2 factorial: high vs low flux, high vs standard Kt/V dose. High flux: NO mortality benefit (HR 0.92, p=0.23). High dose: NO benefit (HR 0.96, p=0.53). Established that standard 3x/week HD adequate for most."
CONTRAST,Dialysis-Specific Trials,Online hemodiafiltration,Low-flux hemodialysis,358,356,149,138,0.4162011173184357,0.3876404494382022,1.0736782446765445,0.0710903652395844,0.0914084315265114,2012,64.0,65.0,36.0,"Convective Transport Study. HD patients randomized to hemodiafiltration (HDF) vs conventional HD. All-cause mortality NO BENEFIT (HR 1.05, p=0.70). But CV mortality trended lower in high-volume HDF. Dutch trial."
FREEDOM,Dialysis-Specific Trials,Frequent nocturnal HD (6 nights/week),Conventional HD (3x/week),45,42,8,12,0.1777777777777777,0.2857142857142857,0.6222222222222222,-0.4744579795951158,0.40286671158286,2011,53.0,71.0,12.0,"Frequent Hemodialysis Network Nocturnal trial. LV mass reduced, hyperphosphatemia controlled, BP improved with nocturnal HD. But vascular access events increased 71%. Small trial. Shows feasibility but access challenges."
LANDMARK,Dialysis-Specific Trials,Etelcalcetide (IV calcimimetic),Cinacalcet (oral),503,500,67,82,0.1332007952286282,0.164,0.8121999709062697,-0.2080086995508344,0.1520934696657661,2017,58.0,56.0,12.0,HemodiaLysis patients: A randomized controlled trial evaluating etelcalcetide versus oral cinacalcet. Secondary hyperparathyroidism on HD. Etelcalcetide (IV during HD) non-inferior to oral cinacalcet. Better adherence with IV. CV events trended lower.
MADIT,ICD Primary Prevention,ICD,Conventional therapy,95,101,15,39,0.1578947368421052,0.3861386138613861,0.4089068825910931,-0.8942678197867178,0.2681051779045095,1996,63.0,92.0,27.0,"Multicenter Automatic Defibrillator Implantation Trial. LANDMARK - first primary prevention ICD trial. Post-MI, EF≤35%, NSVT, inducible VT. Mortality reduced 54% (16% vs 39%, p=0.009). STOPPED EARLY. Changed practice - ICD for primary prevention."
MADIT-II,ICD Primary Prevention,ICD,Conventional medical therapy,742,490,105,97,0.1415094339622641,0.1979591836734693,0.7148414705310251,-0.3356944804085676,0.1282363546460818,2002,64.0,85.0,20.0,"MADIT II. Prior MI + EF≤30% (NO need for NSVT/EP study). All-cause mortality reduced 31% (14.2% vs 19.8%, p=0.016). Simpler criteria than MADIT-I. Expanded ICD indications dramatically. Class I indication established."
SCD-HeFT,ICD Primary Prevention,ICD,Placebo,829,847,182,244,0.2195416164053076,0.2880755608028335,0.7620973323577686,-0.2716809986996471,0.084887902485323,2005,60.0,77.0,46.0,"Sudden Cardiac Death in Heart Failure Trial. HF (ischemic or non-ischemic) with EF≤35%, NYHA II-III. ICD reduced mortality 23% (22% vs 29%, p=0.007). Amiodarone: NO benefit. Established ICD for both ischemic AND non-ischemic HF."
DEFINITE,ICD Primary Prevention,ICD,Standard medical therapy,229,229,28,40,0.1222707423580786,0.1746724890829694,0.7,-0.3566749439387324,0.2279926780844886,2004,58.0,69.0,29.0,"Defibrillators in Non-Ischemic Cardiomyopathy Treatment Evaluation. Non-ischemic DCM, EF<36%, PVCs/NSVT. Death reduced 35% (12% vs 17%, p=0.08 NS). SCD reduced 80% (p=0.006). Trended toward benefit in non-ischemic CM."
IRIS,ICD Primary Prevention,ICD,Medical therapy,445,453,116,117,0.2606741573033708,0.2582781456953642,1.0092768654566409,0.0092340996254024,0.1127519475316555,2009,62.0,73.0,37.0,"Immediate Risk-stratification Improves Survival. Recent MI (5-31 days), EF≤40% + HR≥90 or NSVT. NEGATIVE (HR 1.04, p=0.78). ICD too early post-MI doesn't help (like DINAMIT). Need to wait 40 days post-MI before ICD."
DANISH,ICD Primary Prevention,ICD,Usual care,556,560,120,131,0.2158273381294964,0.2339285714285714,0.92262068208029,-0.080537090940493,0.1112773367887614,2016,64.0,73.0,68.0,"Danish Study to Assess the Efficacy of ICDs. Non-ischemic systolic HF, EF≤35%. All-cause death NO BENEFIT (HR 0.87, p=0.28). SCD reduced 50% but not total mortality. Challenged ICD in non-ischemic CM in optimal medical therapy era."
CAST,Antiarrhythmic Drugs,Encainide or flecainide,Placebo,730,725,56,22,0.0767123287671232,0.0303448275862068,2.528019925280199,0.9274363580890712,0.2460945244274283,1989,61.0,86.0,10.0,"Cardiac Arrhythmia Suppression Trial. LANDMARK negative trial. Post-MI with PVCs. STOPPED EARLY for HARM. Mortality INCREASED 2.5x (7.7% vs 3.0%, p=0.0003). Class IC drugs suppress PVCs but increase SCD. Paradigm shift - arrhythmia suppression doesn't equal better outcomes."
CAST-II,Antiarrhythmic Drugs,Moricizine,Placebo,665,660,49,42,0.0736842105263157,0.0636363636363636,1.1578947368421053,0.1466034741918754,0.2029748165689087,1992,62.0,83.0,18.0,"CAST-II with moricizine (class I). Post-MI with PVCs. STOPPED EARLY. Trend toward increased mortality (7.3% vs 6.6%). Early exposure (days 0-14) increased mortality (17 vs 3 deaths, p=0.01). Confirmed CAST findings."
EMIAT,Antiarrhythmic Drugs,Amiodarone 200mg daily,Placebo,743,743,103,102,0.1386271870794078,0.1372812920592193,1.0098039215686274,0.0097561749453646,0.1296952944108932,1997,60.0,84.0,21.0,"European Myocardial Infarct Amiodarone Trial. Recent MI (5-21 days), EF≤40%. All-cause mortality NO BENEFIT (13.9% vs 13.7%, p=0.8). Arrhythmic death reduced 35% but no effect on total mortality. Amiodarone reduces arrhythmias but not death post-MI."
CAMIAT,Antiarrhythmic Drugs,Amiodarone 200mg daily,Placebo,596,606,62,77,0.1040268456375839,0.127062706270627,0.8187047851477381,-0.2000317178046276,0.1605865121346826,1997,59.0,84.0,19.0,"Canadian Amiodarone Myocardial Infarction Arrhythmia Trial. Recent MI (6-45 days), ≥10 PVCs/hr. Death/resuscitated VF reduced 27% (10.4% vs 12.7%, p=0.07 NS). VT/VF reduced 48%. Amiodarone safe post-MI but marginal mortality benefit."
SWORD,Antiarrhythmic Drugs,D-sotalol 200mg bid,Placebo,1549,1551,78,48,0.0503550677856681,0.0309477756286266,1.6270981278244028,0.4867981385413709,0.1798986465655754,1996,60.0,81.0,5.0,"Survival With Oral D-sotalol. Post-MI or symptomatic HF with EF≤40%. STOPPED EARLY for excess mortality (5.0% vs 3.1%, p=0.006). Pure class III (d-sotalol without beta-blockade) harmful. L-sotalol (with beta-blockade) safe."
AFFIRM Rhythm Control,Antiarrhythmic Drugs,Rhythm control (antiarrhythmics),Rate control,2033,2027,356,310,0.1751106738809641,0.1529353724716329,1.1449978579248845,0.1354027661964918,0.0710603362577399,2002,70.0,61.0,42.0,"Atrial Fibrillation Follow-up Investigation of Rhythm Management. Persistent AF. Rhythm control NO BETTER than rate control (17.5% vs 15.3%, p=0.08). On-treatment analysis: rhythm control WORSE (HR 1.15). Challenged dogma - rate control acceptable for AF."
OPTIC,Antiarrhythmic Drugs,Amiodarone + beta-blocker,Sotalol or beta-blocker alone,140,142,12,35,0.0857142857142857,0.2464788732394366,0.3477551020408163,-1.0562567767094568,0.3126014255258251,2006,63.0,89.0,12.0,"Optimal Pharmacological Therapy in Cardioverter Defibrillator Patients. ICD patients with VT/VF. Amiodarone+BB reduced shocks 73% vs BB alone (8.6% vs 24.6%, p<0.001). Amiodarone most effective antiarrhythmic to reduce ICD shocks."
ATHENA,Antiarrhythmic Drugs,Dronedarone 400mg bid,Placebo,2301,2327,158,197,0.0686657974793568,0.0846583584013751,0.8110929478906767,-0.2093726224440957,0.1026690047735548,2009,72.0,53.0,21.0,"A placebo-controlled, double-blind, parallel arm Trial to assess the efficacy of dronedarone for the prevention of cardiovascular Hospitalization or death from any cause in patients with AF. CV hosp/death reduced 24% (32% vs 39%, p<0.001). First antiarrhythmic to show CV benefit. Led to FDA approval."
VTACH,VT Ablation,VT ablation + ICD,ICD alone,54,53,12,20,0.2222222222222222,0.3773584905660377,0.5888888888888888,-0.5295177567781434,0.309752950408084,2010,65.0,91.0,23.0,"Ventricular Tachycardia Ablation in Coronary Heart Disease. Ischemic CM with VT. VT ablation reduced VT recurrence 47% (12% vs 33%, p=0.046). ICD shocks reduced. Established ablation for ischemic VT."
SMS,VT Ablation,Preventive VT ablation,No ablation,54,57,12,18,0.2222222222222222,0.3157894736842105,0.7037037037037037,-0.3513978868378886,0.3206657305064692,2007,66.0,92.0,22.0,"Substrate Mapping and aBlation to prevent recurrent VT. Ischemic CM, prior MI, ICD for VT. Ablation reduced VT recurrence 65% (22% vs 47%, p=0.01). ICD therapy-free survival improved. Preventive ablation beneficial."
VANISH,VT Ablation,Early ablation,Escalated drug therapy,132,127,54,60,0.4090909090909091,0.4724409448818897,0.865909090909091,-0.1439753517856058,0.1404827813698038,2016,67.0,93.0,28.0,"Ventricular Tachycardia Antiarrhythmics or Ablation in Structural Heart Disease. Ischemic CM, ICD, failed amiodarone. Early ablation: composite outcome trend (41% vs 47%, p=0.34 NS). VT-free survival improved. Ablation reasonable after failed first drug."
Berlin VT Study,VT Ablation,VT ablation,Medical therapy,60,47,11,18,0.1833333333333333,0.3829787234042553,0.4787037037037037,-0.7366734456098363,0.329425839990276,2018,64.0,89.0,21.0,"Ventricular tachycardia ablation vs escalated antiarrhythmic drug therapy. Ischemic VT. Death reduced 57% (HR 0.43, p=0.033) with ablation. Landmark - first trial showing mortality benefit of VT ablation in ischemic CM."
RFCA vs Drugs AVNRT,SVT & Ablation,Radiofrequency ablation,Drug therapy,45,43,3,18,0.0666666666666666,0.4186046511627907,0.1592592592592592,-1.8372218433048124,0.5860126728264315,1999,45.0,35.0,12.0,Ablation vs drugs for AVNRT. First randomized trial of SVT ablation. Symptom-free at 1yr: 87% ablation vs 42% drugs (p<0.001). QOL superior with ablation. Established ablation as first-line for symptomatic AVNRT.
NASPE SVT Registry,SVT & Ablation,AVNRT ablation,Historical controls,165,165,5,28,0.0303030303030303,0.1696969696969697,0.1785714285714285,-1.7227665977411035,0.4728562927497884,1996,48.0,33.0,24.0,"North American Society of Pacing and Electrophysiology SVT registry. AVNRT ablation success 96%, recurrence 3%, complications 2%. Complete AV block rare (0.5-1%). Established excellent safety profile."
MIST,SVT & Ablation,Ablation for inappropriate sinus tach,Medical therapy,34,34,7,18,0.2058823529411764,0.5294117647058824,0.3888888888888888,-0.9444616088408516,0.3736163393120457,2005,38.0,12.0,12.0,Medical therapy vs ablation for Inappropriate Sinus Tachycardia. Young women with IST. Symptoms improved more with ablation but recurrence high (21%). IST difficult to treat - ablation reserved for refractory cases.
RAAFT-2,SVT & Ablation,Early ablation for AF,Antiarrhythmic drugs,127,127,31,63,0.2440944881889764,0.4960629921259842,0.4920634920634921,-0.7091475219063864,0.1799529074315886,2014,56.0,71.0,24.0,Radiofrequency Ablation vs Antiarrhythmic drugs as First-line Treatment. Paroxysmal AF. Freedom from AF: 55% ablation vs 23% drugs (p<0.001). QOL improved more with ablation. Established ablation as reasonable first-line for paroxysmal AF.
VEST,SCD Prevention - Other,Wearable cardioverter-defibrillator,Control,1524,1473,66,67,0.0433070866141732,0.0454854039375424,0.9521095310847336,-0.0490751971485019,0.1695341667066182,2018,62.0,74.0,3.0,"Vest Prevention of Early Sudden Death Trial. Recent MI with EF≤35%. Arrhythmic death NO BENEFIT (1.6% vs 2.4%, p=0.18). Compliance only 18hr/day. Wearable defibrillator didn't reduce mortality early post-MI. Not recommended routinely."
RAFT,SCD Prevention - Other,CRT-D,ICD alone,894,904,229,281,0.256152125279642,0.3108407079646018,0.8240623532127985,-0.1935090805608439,0.0755034314806719,2010,66.0,83.0,40.0,"Resynchronization-Defibrillation for Ambulatory Heart Failure Trial. Mild-moderate HF, EF≤30%, QRS≥120ms. Death/HF hosp reduced 25% (HR 0.75, p=0.001). Death alone reduced 25%. CRT-D superior to ICD alone in wide QRS HF."
MADIT-RIT,SCD Prevention - Other,High-rate ICD programming (≥200bpm),Conventional programming,900,700,68,94,0.0755555555555555,0.1342857142857142,0.5626477541371159,-0.5751015053748032,0.151011581296267,2012,62.0,83.0,18.0,"MADIT - Reduce Inappropriate Therapy. ICD for primary prevention. High-rate programming reduced inappropriate shocks 79% and all-cause death 55% (HR 0.45, p=0.01). Programming matters - avoid shocks for non-sustained VT."
PREPARE,SCD Prevention - Other,Hydroquinidine (Brugada),Placebo,26,24,2,7,0.0769230769230769,0.2916666666666667,0.2637362637362637,-1.3328056761689044,0.7501526096261599,2013,46.0,82.0,18.0,Program for Sudden Death Prevention by an Active Pharmaceutical Approach (Brugada syndrome). Quinidine reduced VF episodes and ICD shocks 71% (p=0.02). Small trial. Quinidine option for Brugada with recurrent VF.
ESVEM,SCD Prevention - Other,EP-guided therapy,Holter-guided therapy,242,244,78,72,0.3223140495867768,0.2950819672131147,1.0922865013774103,0.0882732068100517,0.135936785487613,1993,62.0,87.0,24.0,"Electrophysiologic Study Versus Electrocardiographic Monitoring. Sustained VT/VF survivors. EP-guided NO better than Holter-guided (32% vs 30%, p=NS). Sotalol superior to class I drugs. Pre-ICD era - showed EP testing limited value for drug selection."
Lyon Diet Heart,Diet Trials,Mediterranean diet,Control diet,302,303,14,44,0.0463576158940397,0.1452145214521452,0.3192354003612281,-1.141826516168503,0.2958787857293847,1999,54.0,90.0,46.0,"LANDMARK lifestyle trial. Post-MI patients. Mediterranean diet (↑MUFA, α-linolenic acid, ↓saturated fat). Composite CV events reduced 72% (4.6% vs 14.5%, p=0.0001). One of largest CV risk reductions ever - from DIET alone! French trial."
PREDIMED,Diet Trials,Mediterranean diet + EVOO or nuts,Low-fat diet,4282,2454,164,109,0.0382998598785614,0.0444172779136104,0.8622739095595386,-0.1481822982837167,0.1209580059720655,2013,67.0,43.0,58.0,"Primary prevention in high-risk patients. MedDiet + extra-virgin olive oil or nuts reduced MACE 30% (HR 0.70, p<0.001). RETRACTED 2018 (randomization issues), re-analyzed 2018 - findings held. Landmark trial proving diet prevents CV events."
WHI Dietary Modification,Diet Trials,Low-fat diet (<20% calories),Usual diet,19541,29294,1000,1549,0.0511744537127066,0.0528777224004915,0.967788539096209,-0.0327416669164225,0.0395002108238853,2006,62.0,0.0,98.0,"Women's Health Initiative. LARGEST diet trial ever: 48,835 postmenopausal women. Low-fat diet: NO reduction in CHD (HR 0.98, p=0.63), stroke (HR 1.02), or CV events. Weight loss minimal (1kg). Showed low-fat alone insufficient."
DASH,Diet Trials,"DASH diet (↑fruits, vegetables, low-fat dairy)",Control diet,133,133,8,18,0.0601503759398496,0.1353383458646616,0.4444444444444444,-0.8109302162163288,0.4068389872794803,1997,45.0,56.0,2.0,"Dietary Approaches to Stop Hypertension. DASH diet reduced SBP 5.5mmHg vs control (p<0.001), 11.4mmHg in hypertensives. Became foundation for dietary recommendations. Short-term trial, BP as outcome (not hard CV events)."
CORDIOPREV,Diet Trials,Mediterranean diet,Low-fat diet,502,500,87,111,0.1733067729083665,0.222,0.7806611392268763,-0.2476141039272878,0.1284960311062651,2022,59.0,83.0,84.0,"Coronary Diet Intervention with Olive oil and cardiovascular PREVention. Post-MI or revascularization. Mediterranean diet reduced MACE 28% vs low-fat (HR 0.72, p=0.039). Long-term (7yr) follow-up. Confirmed Lyon findings."
OmniHeart,Diet Trials,Protein or MUFA diet,DASH carbohydrate diet,82,82,4,8,0.048780487804878,0.0975609756097561,0.5,-0.6931471805599453,0.5921230920151324,2005,51.0,45.0,2.0,Optimal Macro-Nutrient Intake Heart. Crossover trial. Partial substitution of carbs with protein or MUFA improved BP and lipids beyond DASH. Showed not just food groups but macronutrient composition matters.
Portfolio Diet,Diet Trials,"Portfolio diet (plant sterols, soy, nuts, viscous fiber)",Low-saturated fat diet,66,67,3,9,0.0454545454545454,0.1343283582089552,0.3383838383838384,-1.0835744113035692,0.6437138775563263,2011,59.0,47.0,6.0,"Portfolio Dietary Pattern. Hyperlipidemia patients. Portfolio diet reduced LDL 13% vs control, similar to low-dose statin. Plant-based diet can substantially lower LDL without drugs. Canadian trial."
DIRECT,Diet Trials,Mediterranean or low-carb diet,Low-fat diet,163,81,12,10,0.0736196319018405,0.1234567901234567,0.5963190184049081,-0.5169794893403687,0.4060205475044758,2008,52.0,86.0,24.0,"Dietary Intervention Randomized Controlled Trial. Obese patients. Low-carb most effective for weight loss (-5.5kg), Mediterranean best for glycemic control in diabetes. Low-fat least effective (-3.3kg). Challenged low-fat dogma."
Cardiac Rehab Meta-analysis,Exercise Trials,Exercise-based cardiac rehabilitation,Usual care,4355,4198,370,468,0.0849598163030998,0.1114816579323487,0.7620968137615669,-0.2716816791854015,0.0661182655815751,2016,56.0,85.0,12.0,"Cochrane meta-analysis of 63 trials, 14,486 CAD patients. Cardiac rehab reduced CV death 26% (HR 0.74, p<0.001), all-cause death 13%, MI 23%. Established cardiac rehab as Class I recommendation post-MI."
HF-ACTION,Exercise Trials,Aerobic exercise training,Usual care + education,1159,1172,759,796,0.6548748921484038,0.6791808873720137,0.9642127809019212,-0.0364432816515469,0.0292873585910468,2009,59.0,72.0,30.0,"Heart Failure: A Controlled Trial Investigating Outcomes of exercise training. HFrEF with EF≤35%. Death/hosp marginally reduced (HR 0.93, p=0.13 NS primary; p=0.03 adjusted). QOL improved. Showed exercise safe in HF but modest clinical benefit."
ExTraMATCH,Exercise Trials,Exercise training,Usual care,395,400,44,68,0.1113924050632911,0.17,0.6552494415487713,-0.4227392890509855,0.1800041930361447,2004,61.0,82.0,24.0,"Exercise Training Meta-Analysis of Trials in Chronic Heart Failure. Meta-analysis of 9 trials, 801 HF patients. Exercise reduced death 35% (11% vs 17%, p=0.015), HF hosp 28%. Confirmed exercise benefit in HF."
Look AHEAD,Exercise Trials,Intensive lifestyle (diet + exercise),Diabetes support/education,2570,2575,403,418,0.1568093385214007,0.1623300970873786,0.965990542326811,-0.0346012353695022,0.0640021835787073,2013,59.0,41.0,120.0,"Action for Health in Diabetes. Type 2 DM, overweight/obese. NEGATIVE for primary endpoint. Death/MI/stroke/hosp angina: NO difference (HR 0.95, p=0.51). Weight loss 6% sustained, fitness improved, but NO CV benefit. Controversial - challenged lifestyle intervention paradigm."
HERITAGE Family Study,Exercise Trials,Supervised exercise 20 weeks,Baseline (within-person change),675,675,12,28,0.0177777777777777,0.0414814814814814,0.4285714285714286,-0.8472978603872036,0.3407119840637486,2001,36.0,48.0,5.0,"Health, Risk factors, exercise Training And Genetics. Sedentary individuals, family study. Exercise improved VO2max 17.5%, BP reduced 2-4mmHg, insulin sensitivity improved 16%. Showed substantial genetic variability in training response (0-50% VO2max improvement)."
STRRIDE,Exercise Trials,High-amount/high-intensity exercise,Low-amount/moderate-intensity,84,87,4,9,0.0476190476190476,0.1034482758620689,0.4603174603174603,-0.7758388964050588,0.5811300167198267,2004,48.0,40.0,8.0,"Studies of Targeted Risk Reduction through Defined Exercise. Overweight/obese, sedentary adults. High-amount/vigorous exercise improved VO2max (+16%) and insulin sensitivity most. Amount more important than intensity for metabolic risk."
SOS,Weight Loss,Bariatric surgery,Conventional obesity treatment,2010,2037,234,308,0.1164179104477611,0.1512027491408934,0.7699457259158752,-0.2614352524421886,0.0808197195352431,2007,47.0,31.0,132.0,"Swedish Obese Subjects study. Obese (BMI ≥34 men, ≥38 women). 11-year followup: death reduced 29% (HR 0.71, p=0.01). Bariatric surgery most effective weight loss intervention. MI reduced 42%, diabetes incidence reduced 78%."
Diabetes Prevention Program,Weight Loss,Intensive lifestyle (weight loss + exercise),Placebo,1079,1082,45,68,0.041705282669138,0.0628465804066543,0.6636046448236383,-0.4100687212574949,0.1872888306816621,2002,51.0,33.0,34.0,"DPP. Impaired glucose tolerance (pre-diabetes). Lifestyle reduced diabetes incidence 58% vs placebo (4.8 vs 11.0 per 100 person-years, p<0.001). Metformin reduced 31%. Lifestyle superior to drug for diabetes prevention. Landmark prevention trial."
TOSCA-IT,Weight Loss,Intensive lifestyle + diet,General lifestyle advice,197,197,22,31,0.1116751269035533,0.1573604060913705,0.7096774193548387,-0.3429447511268303,0.2599236920842636,2014,59.0,63.0,48.0,"Thiazolidinediones Or Sulfonylureas Cardiovascular Accidents Intervention Trial. Type 2 DM. Intensive lifestyle: weight loss 3.5kg, HbA1c↓0.4%, CV events trended lower. Moderate effect - less than Look AHEAD."
DPP Outcomes Study,Weight Loss,Lifestyle intervention (long-term),Placebo,1079,1082,78,92,0.072289156626506,0.0850277264325323,0.8501833420639078,-0.1623032562111564,0.1477805114378923,2015,51.0,33.0,180.0,Diabetes Prevention Program Outcomes Study. 15-year followup of DPP. Diabetes incidence still reduced 27% with lifestyle (p<0.001). Microvascular complications reduced 28% (p=0.02). Long-term benefit of lifestyle persists even as weight loss diminishes.
Lung Health Study,Smoking Cessation,Smoking intervention + ipratropium,Usual care,3926,1964,156,89,0.0397350993377483,0.045315682281059,0.8768509561723343,-0.1314182484045978,0.1299320373185309,1994,48.0,62.0,60.0,Smoking cessation intervention in smokers with mild COPD. Quit rate 22% vs 5% at 5yr (p<0.001). CV mortality reduced 47% in quitters vs continuing smokers. Showed CV benefit of smoking cessation even in relatively young smokers.
Varenicline Post-MI,Smoking Cessation,Varenicline 1mg bid,Placebo,353,350,38,52,0.1076487252124645,0.1485714285714285,0.7245587273915886,-0.322192461304879,0.1996410645571418,2014,56.0,77.0,12.0,"Varenicline for smoking cessation after acute coronary syndrome. Post-ACS smokers. Varenicline: abstinence 47% vs 32% at 24 weeks (p=0.001). CV events NO difference (HR 0.73, p=0.14 NS). Varenicline safe and effective post-MI."
EAGLES,Smoking Cessation,Varenicline or bupropion or NRT,Placebo,3553,1216,29,12,0.0081621165212496,0.0098684210526315,0.8270944741532977,-0.189836353296441,0.3416317772677684,2016,47.0,52.0,12.0,"Evaluating Adverse Events in a Global Smoking Cessation Study. Psychiatric and CV safety. Varenicline most effective (21.8% quit), no excess neuropsychiatric events. CV events rare (0.3-0.6%), no difference vs placebo. Established safety profile."
Combination NRT,Smoking Cessation,Nicotine patch + gum/lozenge,Patch alone,267,265,15,24,0.0561797752808988,0.090566037735849,0.6203183520599251,-0.4775224616597628,0.3175128817475175,2009,45.0,48.0,6.0,"Combination nicotine replacement therapy. Combination NRT (patch + short-acting) vs patch alone. 6-month abstinence: 36.5% vs 24.2% (p<0.001). Combination superior to monotherapy. Well-tolerated, no excess CV events."
COMPASS,Smoking Cessation,Intensive tobacco counseling,Minimal counseling,271,266,28,42,0.1033210332103321,0.1578947368421052,0.6543665436654367,-0.4240876202061662,0.2281981028124465,2011,52.0,66.0,12.0,Consortium of Hospitals Advancing Research on Tobacco. Hospitalized smokers. Intensive counseling + pharmacotherapy: quit rate 26% vs 15% at 6mo (p=0.001). Hospitalization is teachable moment. Sustained counseling post-discharge crucial.
Lifestyle Heart Trial,Multifactorial Lifestyle,Intensive lifestyle (Ornish program),Usual care,28,20,5,12,0.1785714285714285,0.6,0.2976190476190476,-1.2119409739751128,0.4445436397239844,1998,57.0,100.0,60.0,"Dean Ornish's Lifestyle Heart Trial. CAD patients. Ultra-low-fat vegetarian diet + exercise + stress management + support groups. Angiographic regression of CAD, CV events reduced. Small but influential trial. Showed intensive lifestyle can reverse CAD."
INTERHEART,Multifactorial Lifestyle,Modifiable risk factors (observational),Case-control study,15152,14820,15152,0,1.0000329989440335,3.3738191632928474e-05,29640.97808870116,10.296913077809604,1.4141897048978067,2004,56.0,76.0,0.0,"Global case-control study. 52 countries, 15,152 MI cases vs 14,820 controls. 9 modifiable risk factors account for 90% of PAR for MI: smoking (36%), ApoB/ApoA1 (50%), HTN (18%), diabetes (10%), obesity (20%), psychosocial (33%), fruits/veg (14%), exercise (12%), alcohol (7%)."
Indo-Mediterranean Diet,Multifactorial Lifestyle,Indo-Mediterranean diet,Control diet,499,501,39,76,0.0781563126252505,0.1516966067864271,0.5152146398059275,-0.6631716888233388,0.1865446444629374,2002,49.0,85.0,24.0,"Post-MI or high-risk CAD in India. Indo-Mediterranean diet (↑nuts, mustard/soy oil, fruits, veg, whole grains). CV events reduced 52% (7.8% vs 15.2%, p<0.001). Cardiac death reduced 54%. Adapted Mediterranean principles to Indian cuisine."
PREMIER,Multifactorial Lifestyle,Comprehensive lifestyle (diet + exercise + weight),Advice only,406,204,18,15,0.0443349753694581,0.0735294117647058,0.6029556650246305,-0.5059116089635617,0.3389058973383561,2003,50.0,38.0,18.0,"Prehypertension or stage 1 HTN. Comprehensive lifestyle vs DASH diet alone vs advice. Comprehensive: BP↓4.3mmHg, DASH↓2.9mmHg, advice↓0.6mmHg. Weight loss + DASH + exercise > diet alone. Multifactorial approach additive benefits."
EXPLORER-HCM,Hypertrophic Cardiomyopathy,Mavacamten (myosin inhibitor),Placebo,123,128,8,28,0.065040650406504,0.21875,0.29732868757259,-1.2129170599481682,0.3804887704170422,2020,59.0,58.0,8.0,"LANDMARK HCM trial. Obstructive HCM (LVOT gradient ≥50mmHg). Mavacamten improved exercise capacity (+1.4mL/kg/min, p<0.001), NYHA class (74% vs 46% improved), reduced LVOT gradient. First drug targeting hypercontractility. FDA approved 2022 - paradigm shift."
VALOR-HCM,Hypertrophic Cardiomyopathy,Mavacamten,Planned septal reduction,56,56,5,18,0.0892857142857142,0.3214285714285714,0.2777777777777778,-1.2809338454620642,0.4688723385328568,2023,56.0,61.0,4.0,Mavacamten vs septal reduction therapy (surgery/ablation). 65% of mavacamten patients avoided septal reduction vs 11% placebo (p<0.001). Drug can avoid invasive procedures in majority. Changed treatment paradigm for obstructive HCM.
SEQUOIA-HCM,Hypertrophic Cardiomyopathy,Aficamten (myosin inhibitor),Placebo,142,140,12,24,0.0845070422535211,0.1714285714285714,0.4929577464788732,-0.7073318155519017,0.3328887041279954,2024,60.0,54.0,6.0,"Second myosin inhibitor. Obstructive HCM. Aficamten improved NYHA class, VO2max, reduced LVOT gradient. Similar to mavacamten. Confirms myosin inhibition class effect. Provides alternative agent."
VERAPAMIL-HCM Pilot,Hypertrophic Cardiomyopathy,Verapamil,Placebo,22,20,3,6,0.1363636363636363,0.3,0.4545454545454545,-0.7884573603642702,0.6360388781713383,1981,48.0,68.0,3.0,Historical HCM trial. Verapamil improved exercise tolerance and diastolic filling in HCM. First drug shown beneficial. Led to calcium channel blockers becoming standard therapy for symptomatic HCM (before myosin inhibitors).
PHMRC-HCM,Hypertrophic Cardiomyopathy,Disopyramide,No disopyramide,60,58,12,18,0.2,0.3103448275862069,0.6444444444444445,-0.4393666597838456,0.3240074735432462,2005,52.0,57.0,12.0,Disopyramide (class IA antiarrhythmic) for obstructive HCM. Reduces LVOT gradient via negative inotropic effect. Symptoms improved 67% vs 35% (p<0.01). Historical option before myosin inhibitors. Anticholinergic side effects limit use.
ATTR-ACT,Cardiac Amyloidosis,Tafamidis 80mg daily,Placebo,264,177,129,109,0.4886363636363636,0.615819209039548,0.7934737281067556,-0.2313348484399585,0.0865370071651345,2018,75.0,90.0,30.0,"LANDMARK cardiac amyloidosis trial. ATTR-CM (wild-type or hereditary). Tafamidis (TTR stabilizer) reduced death/CV hosp 30% (HR 0.70, p<0.001), all-cause death 30%. First therapy proven for ATTR-CM. FDA approved 2019. Cost ~$225,000/year."
APOLLO,Cardiac Amyloidosis,Patisiran (siRNA),Placebo,148,77,18,18,0.1216216216216216,0.2337662337662337,0.5202702702702703,-0.6534068519104311,0.3022703117531415,2018,62.0,75.0,18.0,"hATTR amyloidosis with polyneuropathy. Patisiran (siRNA silences TTR production) improved neuropathy and QOL. Cardiac involvement common (60%). NT-proBNP reduced, LV wall thickness reduced. siRNA approach - silences mutant TTR gene."
HELIOS-B,Cardiac Amyloidosis,Vutrisiran (siRNA),External placebo control,164,77,15,18,0.0914634146341463,0.2337662337662337,0.391260162601626,-0.9383825627644692,0.3211505071763074,2023,76.0,88.0,18.0,"ATTR-CM. Vutrisiran (quarterly siRNA injection) improved 6MWT, NT-proBNP, QOL. Alternative to daily tafamidis with less frequent dosing (q3months). Demonstrated siRNA efficacy for cardiac amyloidosis."
AL Amyloidosis HDM,Cardiac Amyloidosis,High-dose melphalan + stem cell transplant,Conventional chemo,50,51,22,28,0.44,0.5490196078431373,0.8014285714285714,-0.2213594295207084,0.2038651221557436,2004,56.0,58.0,24.0,AL amyloidosis (light chain). High-dose melphalan with autologous stem cell transplant vs conventional chemo. Transplant: higher treatment-related mortality but better long-term survival in selected patients. Standard for appropriate AL candidates.
TIMIC,Myocarditis,Immunosuppression (pred + azathioprine),No immunosuppression,42,43,8,12,0.1904761904761904,0.2790697674418604,0.6825396825396826,-0.3819346106979702,0.4015818665855334,2009,43.0,65.0,6.0,Trial of Immunosuppressive therapy in Myocarditis with Inflammatory Cardiomyopathy. Biopsy-proven virus-negative myocarditis. Immunosuppression: LVEF improved +10% vs +6% (p=0.09 NS primary endpoint). Post-hoc: benefit in inflammation-positive patients. Suggests targeted approach.
ESETCID,Myocarditis,Immunosuppression protocol,Conventional therapy,42,43,6,11,0.1428571428571428,0.2558139534883721,0.5584415584415584,-0.5826053061601215,0.4588141451750865,2015,46.0,61.0,12.0,"European Study of Epidemiology and Treatment of Cardiac Inflammatory Diseases. Virus-negative inflammatory DCM. Immunosuppression improved LVEF (+10.3% vs +3.7%, p=0.001), reduced inflammation on repeat biopsy. Supports immunosuppression in selected patients."
Intravenous Immunoglobulin,Myocarditis,IVIG 2g/kg,Placebo,31,31,5,8,0.1612903225806451,0.2580645161290322,0.625,-0.4700036292457356,0.5103762053306775,2009,42.0,68.0,12.0,"Recent-onset dilated cardiomyopathy (suspected myocarditis). IVIG: NO benefit for LVEF recovery (53% vs 51% to ≥40%, p=0.61). NEGATIVE trial. IVIG not effective for recent-onset DCM. Disappointing result."
Interferon Beta Myocarditis,Myocarditis,Interferon beta-1b,Placebo,72,71,15,22,0.2083333333333333,0.3098591549295774,0.672348484848485,-0.3969784942308454,0.2900824299920105,2012,48.0,62.0,6.0,"Enterovirus/adenovirus-positive myocarditis on biopsy. Interferon beta improved viral clearance (69% vs 28%, p<0.001), LVEF improved more (+8.7% vs +3.6%, p=0.007). Showed benefit of antiviral therapy in virus-positive myocarditis."
BOARD,Peripartum Cardiomyopathy,Bromocriptine 2.5mg daily x 8 weeks,Placebo,96,94,12,28,0.125,0.2978723404255319,0.4196428571428571,-0.868351269585036,0.3130377844743537,2017,29.0,0.0,6.0,"Bromocriptine for peripartum cardiomyopathy. PPCM with LVEF <35%. Bromocriptine (prolactin inhibitor - 16-kDa prolactin cardiotoxic) improved LVEF recovery (27% vs 58% to ≥50%, p<0.001), reduced death/HF (10% vs 30%, p=0.002). Promising therapy - not yet standard."
PPCM Pentoxifylline,Peripartum Cardiomyopathy,Pentoxifylline,Placebo,32,32,5,9,0.15625,0.28125,0.5555555555555556,-0.587786664902119,0.4986091767217197,2010,28.0,0.0,6.0,"Nigerian PPCM trial. Pentoxifylline (TNF-α inhibitor, improves microcirculation). LVEF improved more with pentoxifylline (+14.5% vs +8.1%, p=0.035). Small trial. Hypothesis: inflammation key to PPCM pathogenesis."
IPAC,Peripartum Cardiomyopathy,Immunoadsorption + immunoglobulins,Usual care,20,20,3,8,0.15,0.4,0.3749999999999999,-0.9808292530117264,0.5986094998689324,2017,31.0,0.0,6.0,"Immunoadsorption in Peripartum Cardiomyopathy. PPCM with LVEF <35%. Immunoadsorption removed circulating antibodies, followed by IVIG. LVEF improved more (+22% vs +8%, p=0.001). Small pilot - autoimmune hypothesis."
CHASM-CS,Cardiac Sarcoidosis,Methotrexate + prednisone,Prednisone alone,32,31,8,15,0.25,0.4838709677419355,0.5166666666666666,-0.6603573577369546,0.3579924610247227,2020,54.0,52.0,6.0,"Cardiac Sarcoidosis Methotrexate trial. Methotrexate addition allowed lower prednisone dose (12mg vs 22mg, p<0.001), similar clinical outcomes, fewer steroid side effects. Steroid-sparing strategy. Methotrexate as steroid-sparing agent in cardiac sarcoidosis."
Infliximab Cardiac Sarc,Cardiac Sarcoidosis,Infliximab (TNF-α inhibitor),Conventional immunosuppression,18,19,4,7,0.2222222222222222,0.3684210526315789,0.6031746031746031,-0.505548566665147,0.5335447575922931,2016,49.0,47.0,12.0,"Refractory cardiac sarcoidosis. Infliximab improved LVEF (+6.3% vs -1.2%, p=0.03), reduced PET inflammation. Option for steroid-refractory cases. TNF-α drives granuloma formation. Small pilot study."
GRIPHON,Pulmonary Hypertension,Selexipag (oral prostacyclin),Placebo,574,582,155,242,0.2700348432055749,0.415807560137457,0.6494226394448124,-0.4316715578255684,0.0844006574086931,2015,48.0,21.0,63.0,"Prostacyclin Receptor Agonist In Pulmonary Arterial Hypertension. Primary endpoint (death/PAH complication) reduced 40% (HR 0.60, p<0.001). First oral prostacyclin pathway drug. Actelion trial."
AMBITION,Pulmonary Hypertension,Ambrisentan + tadalafil upfront combination,Ambrisentan or tadalafil monotherapy,253,247,36,56,0.1422924901185771,0.2267206477732793,0.6276115189158668,-0.4658339043785822,0.1939942485462101,2015,54.0,32.0,90.0,"Initial Use of Ambrisentan plus Tadalafil in PAH. Upfront combination reduced clinical failure 50% (HR 0.50, p<0.001). First trial proving upfront combination superior to monotherapy. Changed treatment paradigm."
SERAPHIN,Pulmonary Hypertension,Macitentan 10mg daily (ERA),Placebo,242,250,76,116,0.3140495867768595,0.464,0.676831005984611,-0.3903336591144735,0.1168176056382591,2013,46.0,23.0,100.0,"Study with an Endothelin Receptor Antagonist in PAH. Macitentan reduced morbidity/mortality 45% (HR 0.55, p<0.001). Endothelin pathway. FDA approved. Actelion's follow-on to bosentan."
PATENT-1,Pulmonary Hypertension,Riociguat (sGC stimulator),Placebo,254,126,32,28,0.1259842519685039,0.2222222222222222,0.5669291338582677,-0.567520967442536,0.234714230296678,2013,50.0,27.0,3.0,Riociguat for PAH. Improved 6MWD +36m (p<0.001). First soluble guanylate cyclase stimulator. Works via NO-independent pathway. Bayer trial. Also approved for CTEPH.
BREATHE-1,Pulmonary Hypertension,Bosentan 125mg bid (ERA),Placebo,144,69,14,18,0.0972222222222222,0.2608695652173913,0.3726851851851852,-0.9870212232596474,0.3248798684383108,2002,49.0,28.0,4.0,"Bosentan Randomized trial of Endothelin Antagonist THErapy. FIRST oral endothelin receptor antagonist. Improved 6MWD +44m, clinical worsening reduced. Launched endothelin pathway targeting."
SUPER-1,Pulmonary Hypertension,Sildenafil 20mg tid,Placebo,207,70,15,12,0.072463768115942,0.1714285714285714,0.4227053140096618,-0.8610799999018004,0.3617780643431682,2005,50.0,24.0,3.0,Sildenafil Use in Pulmonary Arterial Hypertension. PDE5 inhibitor. Improved 6MWD +45m (p<0.001). Repurposed erectile dysfunction drug. First PDE5i approved for PAH. Pfizer REVATIO.
AIR,Pulmonary Hypertension,Iloprost inhaled,Placebo,101,102,22,38,0.2178217821782178,0.3725490196078431,0.5846795205836373,-0.5366914099250584,0.2281784899165395,2002,52.0,29.0,3.0,"Aerosolized Iloprost Randomized. Inhaled prostacyclin analog. Improved 6MWD +36m, NYHA class. Alternative to IV epoprostenol (which requires continuous infusion). Schering trial."
FREEDOM-EV,Pulmonary Hypertension,Treprostinil extended-release tablet,Placebo,161,169,48,72,0.2981366459627329,0.4260355029585799,0.6997929606625258,-0.356970758169554,0.1503126153544173,2023,52.0,24.0,24.0,"Oral treprostinil in PAH. Clinical worsening reduced 32% (HR 0.68, p=0.04). Oral prostacyclin option - better than continuous IV. United Therapeutics."
WHI HRT,Women's CV Health,Estrogen + progestin HRT,Placebo,8506,8102,286,221,0.033623324711968,0.0272772155023451,1.2326523837844567,0.2091682572511568,0.0882065756472942,2002,63.0,0.0,64.0,"Women's Health Initiative Hormone Replacement Therapy. STOPPED EARLY for harm. CHD increased 29% (HR 1.29), stroke increased 41%, breast cancer increased. Overturned decades of HRT use for 'cardioprotection'. Paradigm shift."
HERS,Women's CV Health,Estrogen + progestin,Placebo,1380,1383,172,176,0.1246376811594203,0.1272595806218366,0.979397233201581,-0.0208179647111909,0.1002400528234255,1998,67.0,0.0,50.0,"Heart and Estrogen/progestin Replacement Study. Postmenopausal women with CHD. No CV benefit (HR 0.99). Early harm in year 1 (more events), later trend to benefit. First RCT to challenge HRT dogma."
Women's Aspirin Study,Women's CV Health,Aspirin 100mg every other day,Placebo,19934,19942,477,522,0.0239289655864352,0.0261759101394042,0.9141598308902136,-0.0897498531329608,0.0625446552707339,2005,55.0,0.0,120.0,"Primary prevention in healthy women ≥45yo. MI: NO benefit (HR 1.02). Stroke reduced 17% (HR 0.83, p=0.04). Different from men (where MI benefit). Sex differences in aspirin response."
WISE,Women's CV Health,Intensive medical therapy,Standard care,324,312,54,68,0.1666666666666666,0.2179487179487179,0.7647058823529411,-0.2682639865946794,0.1641123179814515,2006,58.0,0.0,60.0,Women's Ischemia Syndrome Evaluation. Women with chest pain but no obstructive CAD. Microvascular dysfunction common. Outcomes worse than expected. Highlighted unique pathophysiology in women.
PEACH,Women's CV Health,Hormone therapy (various regimens),Placebo,502,251,28,18,0.0557768924302788,0.0717131474103585,0.7777777777777777,-0.2513144282809062,0.2920509298946185,2013,59.0,0.0,12.0,"Postmenopausal Evaluation and Risk Reduction with Lasofoxifene. SERM vs placebo. No CV benefit, increased VTE. Another nail in coffin of hormones for CV prevention in postmenopausal women."
KEEPS,Women's CV Health,Early HRT (within 3 years of menopause),Placebo,373,375,15,18,0.0402144772117962,0.048,0.8378016085790885,-0.1769739504673593,0.3418692592323891,2012,53.0,0.0,48.0,"Kronos Early Estrogen Prevention Study. Tested 'timing hypothesis' - early HRT might be safe. No atherosclerosis progression difference. No CV events difference. Early HRT neutral, not harmful but not beneficial."
HYVET,Elderly & Frail,Indapamide ± perindopril,Placebo,1933,1912,196,235,0.1013967925504397,0.1229079497907949,0.8249815632188969,-0.1923942405106259,0.0911976800073582,2008,84.0,39.0,24.0,"Hypertension in the Very Elderly Trial. Age ≥80 years with HTN. Stroke reduced 30%, death reduced 21%, HF reduced 64%. STOPPED EARLY. Proved treatment beneficial even in very elderly. Landmark trial."
PROSPER,Elderly & Frail,Pravastatin 40mg,Placebo,2891,2913,408,473,0.1411276374956762,0.1623755578441469,0.869143357346522,-0.1402471991446826,0.0622571724295646,2002,75.0,48.0,40.0,"Prospective Study of Pravastatin in the Elderly at Risk. Age 70-82 years. CHD death/MI/stroke reduced 15% (HR 0.85, p=0.014). Proved statin benefit in elderly. But cancer incidence increased (controversial)."
SENIOR-RITA,Elderly & Frail,Early invasive strategy,Conservative strategy,1518,1527,232,285,0.152832674571805,0.1866404715127701,0.8188613827057762,-0.1998404613392834,0.0806565334097046,2023,77.0,71.0,54.0,"NSTEMI in patients ≥75 years. Early invasive reduced CV death/MI 22% (HR 0.78, p=0.008). Disproved ageism - elderly benefit from invasive strategies. Bleeding risk manageable."
ELDERCARE-AF,Elderly & Frail,Edoxaban 15mg daily (low dose),Placebo,492,492,21,44,0.0426829268292682,0.089430894308943,0.4772727272727273,-0.7396671961948381,0.2574515094069441,2020,87.0,30.0,36.0,"AF in very elderly Japanese ≥80yo deemed unsuitable for standard anticoagulation. Low-dose edoxaban reduced stroke/systemic embolism 58% (HR 0.42, p<0.001). Major bleeding similar. Low-dose DOAC option for frail elderly."
FRAIL-HF,Elderly & Frail,"Multidomain intervention (exercise, nutrition, meds optimization)",Usual care,186,184,52,68,0.2795698924731182,0.3695652173913043,0.756483238456673,-0.279074902698895,0.1520707890720412,2019,82.0,45.0,12.0,"Frailty intervention in HF patients ≥75yo. Death/HF hosp reduced 23% (HR 0.77, p=0.03). Physical function improved. Showed multidomain intervention addresses frailty in HF."
EINSTEIN-PE,Additional Anticoagulation,Rivaroxaban,Enoxaparin → warfarin,2419,2413,50,44,0.0206696982224059,0.018234562784915,1.13354504115149,0.1253499265248893,0.2046935682461695,2012,58.0,54.0,12.0,"Rivaroxaban for acute PE. Non-inferior to standard therapy (HR 1.12, 95% CI 0.75-1.68). Major bleeding similar. Single-drug approach easier than LMWH bridge to warfarin. Changed PE treatment."
HOKUSAI-VTE,Additional Anticoagulation,Edoxaban,Warfarin,4118,4122,130,146,0.031568722680913,0.0354196991751576,0.8912758554159153,-0.1151012973900846,0.1185587860649906,2013,56.0,56.0,12.0,Edoxaban vs warfarin for VTE. Non-inferior for recurrent VTE/VTE death (HR 0.89). Major/CRNM bleeding reduced 19%. Required LMWH lead-in (unlike rivaroxaban). Daiichi Sankyo.
WARFASA,Additional Anticoagulation,Aspirin 100mg + warfarin,Warfarin alone,205,210,34,46,0.1658536585365853,0.219047619047619,0.7571580063626724,-0.278183320293873,0.2037423412015097,2012,66.0,60.0,40.0,"Warfarin and Aspirin for stroke prevention in AF. Added aspirin to warfarin: NO benefit for stroke, MORE bleeding. Disproved combination approach. Warfarin (or DOAC) alone sufficient for AF."
RELY-ABLE,Additional Anticoagulation,Dabigatran long-term continuation,Warfarin,2866,1430,73,52,0.0254710397766922,0.0363636363636363,0.7004535938590369,-0.3560271625672004,0.1785530182196578,2013,73.0,65.0,28.0,Long-term extension of RE-LY trial in AF. Dabigatran 150mg: stroke/systemic embolism 0.8%/yr vs warfarin 1.6%/yr. Benefit sustained long-term (up to 4.5 years). Confirmed durability of DOAC benefit.
AVERROES,Additional Anticoagulation,Apixaban 5mg bid,Aspirin,2808,2791,51,113,0.0181623931623931,0.0404872805446076,0.4485950381968082,-0.8016347175973942,0.1665622429758904,2011,70.0,59.0,14.0,"Apixaban Versus Acetylsalicylic acid to prevent Stroke in AF patients unsuitable for warfarin. STOPPED EARLY. Apixaban reduced stroke 55% vs aspirin (HR 0.45, p<0.001). Bleeding similar. Aspirin NOT alternative to anticoagulation in AF."
COMMANDER HF,Additional Anticoagulation,Rivaroxaban 2.5mg bid,Placebo,2507,2515,626,658,0.2497008376545672,0.2616302186878728,0.9544036576006634,-0.0466685758496725,0.0481736804386339,2018,66.0,78.0,21.0,"HFrEF in sinus rhythm (no AF). Rivaroxaban: NO benefit for death/MI/stroke (HR 0.94, p=0.36). Fatal bleeding increased. DOACs NOT indicated in HF without AF. Negative trial."
NAVIGATE-ESUS,Additional Anticoagulation,Rivaroxaban 15mg daily,Aspirin,3609,3604,172,160,0.0476586311997783,0.0443951165371809,1.073510667775007,0.0709342756650661,0.10728186680376,2018,67.0,60.0,11.0,Embolic Stroke of Undetermined Source. STOPPED EARLY. Rivaroxaban: NO reduction in stroke (HR 1.07). Major bleeding doubled (62 vs 23). DOACs don't help cryptogenic stroke. Aspirin remains standard.
SHIFT,Additional HF Therapies,Ivabradine 7.5mg bid,Placebo,3241,3264,793,937,0.2446775686516507,0.2870710784313725,0.8523239958153553,-0.1597885476611239,0.0413926396016575,2010,60.0,76.0,23.0,"Systolic Heart failure treatment with If inhibitor ivabradine Trial. HFrEF with HR≥70 on beta-blocker. CV death/HF hosp reduced 18% (HR 0.82, p<0.001). Pure HR reduction beneficial. FDA/EMA approved."
VICTORIA,Additional HF Therapies,Vericiguat 10mg daily (sGC stimulator),Placebo,2526,2524,691,808,0.2735550277117973,0.3201267828843106,0.8545209033967529,-0.1572143140027582,0.0435054299267832,2020,67.0,76.0,11.0,"Vericiguat Global Study in Subjects with HFrEF. Recent worsening HF. CV death/HF hosp reduced 10% (HR 0.90, p=0.02). Modest but significant. Soluble guanylate cyclase stimulator. Bayer/Merck. FDA approved 2021."
GALACTIC-HF,Additional HF Therapies,Omecamtiv mecarbil (cardiac myosin activator),Placebo,4120,4112,1523,1607,0.3696601941747572,0.3908073929961089,0.9458884371167404,-0.0556306480509218,0.0281596741071793,2021,65.0,77.0,22.0,"Global Approach to Lowering Adverse Cardiac outcomes Through Improving Contractility in HF. CV death/HF event reduced 8% (HR 0.92, p=0.03). Small effect. First-in-class cardiac myosin activator. Amgen/Cytokinetics."
DIG,Additional HF Therapies,Digoxin,Placebo,3397,3403,1181,1194,0.3476596997350603,0.3508668821627975,0.9908592614727054,-0.0091827714148633,0.0331062718641225,1997,64.0,78.0,37.0,Digitalis Investigation Group. HF in sinus rhythm. All-cause death: NO benefit (HR 0.99). HF hosp reduced 28%. Symptomatic benefit but no mortality benefit. Still used for symptoms/rate control.
FAIR-HF,Additional HF Therapies,IV ferric carboxymaltose,Placebo,304,155,28,22,0.0921052631578947,0.1419354838709677,0.6489234449760765,-0.4324405276700871,0.2672596950185247,2009,68.0,47.0,6.0,"Ferinject Assessment in patients with IRon deficiency and chronic HF. Iron deficiency common in HF (50%). IV iron improved symptoms, functional class, QOL. No mortality data. Established IV iron for HF with iron deficiency."
IRONMAN,Additional HF Therapies,IV ferric derisomaltose,Usual care,568,569,178,208,0.3133802816901408,0.3655536028119508,0.8572758667388949,-0.1539955140040532,0.0831121965250123,2022,73.0,68.0,33.0,"Intravenous IRON treatMent in pAtieNts with Heart Failure. HF + iron deficiency. HF hosp/CV death reduced 18% (HR 0.82, p=0.047). First trial showing hard outcome benefit of IV iron in HF. UK trial."
RECOVERY,COVID-19 & CV,Dexamethasone 6mg daily x 10d,Usual care,2104,4321,482,1110,0.2290874524714828,0.2568849803286276,0.8917899839002501,-0.1145246181814467,0.047632726315767,2020,66.0,64.0,1.0,"Randomised Evaluation of COVid-19 thERapY. Hospitalized COVID. Dexamethasone reduced death 17% (22.9% vs 25.7%, p<0.001). Greater benefit in ventilated (29% vs 41%). Became standard of care. Oxford trial."
REMAP-CAP Anticoagulation,COVID-19 & CV,Therapeutic anticoagulation,Prophylactic anticoagulation,534,564,212,248,0.3970037453183521,0.4397163120567376,0.9028633562885104,-0.1021840589551056,0.0714389975795543,2021,60.0,67.0,1.0,"COVID ICU patients. STOPPED for futility in ICU (no benefit, more bleeding). But moderately ill patients: therapeutic anticoag BENEFICIAL (organ support-free days increased). Severity-dependent response."
COLCORONA,COVID-19 & CV,Colchicine 0.5mg bid x 3d then daily,Placebo,2235,2253,96,139,0.0429530201342281,0.0616955170883266,0.6962097436145043,-0.3621043082782804,0.1293044134474733,2021,54.0,46.0,1.0,"Colchicine for COVID outpatients. Hosp/death reduced 25% (HR 0.75, p=0.007). Anti-inflammatory benefit. Montreal Heart Institute. But subsequent trials mixed - benefit unclear."
INSPIRATION,COVID-19 & CV,Intermediate-dose anticoagulation,Standard prophylactic dose,300,300,104,112,0.3466666666666667,0.3733333333333333,0.9285714285714286,-0.0741079721537218,0.1089829774657004,2021,59.0,65.0,1.0,Intermediate vs standard prophylactic anticoagulation in COVID ICU. NO benefit for intermediate dose (VTE/arterial thrombosis/mortality 35% vs 37%). Major bleeding doubled. Standard prophylaxis sufficient.
SYNTAX,CABG Techniques,CABG,PCI with DES,897,903,173,269,0.1928651059085841,0.2978959025470653,0.6474245005035372,-0.4347530937458709,0.0852969637555391,2009,65.0,78.0,60.0,"Synergy between PCI with Taxus and Cardiac Surgery. 3-vessel or left main CAD. CABG reduced MACE 25% vs PCI (20% vs 28%, p<0.001). Introduced SYNTAX score. CABG superior in complex disease. Landmark trial."
CORONARY,CABG Techniques,Off-pump CABG,On-pump CABG,2375,2377,310,300,0.1305263157894736,0.1262095077829196,1.03420350877193,0.0336315737144432,0.0756134167597979,2012,68.0,79.0,60.0,"CABG Off or On Pump Revascularization Study. Off-pump NO better than on-pump (9.8% vs 10.7% at 5yr, p=0.58). Stroke similar. Graft patency lower with off-pump. On-pump remains gold standard."
GOPCABE,CABG Techniques,Off-pump CABG,On-pump CABG,1271,1268,406,389,0.3194335169158143,0.306782334384858,1.0412383019260991,0.0404106797910037,0.0588075053042015,2013,75.0,70.0,60.0,"German Off-Pump Coronary Artery Bypass Grafting in Elderly patients. Age ≥75 years. Off-pump NO better (32% vs 31%, p=0.85). Stroke similar. No benefit in elderly. Confirmed CORONARY findings."
ART,CABG Techniques,Bilateral IMA grafts,Single IMA + vein grafts,1554,1548,151,147,0.0971685971685971,0.0949612403100775,1.0232448191631864,0.0229787732582676,0.1101623446064251,2016,64.0,87.0,60.0,"Arterial Revascularization Trial. Bilateral vs single IMA. 5-yr mortality NO difference (9.7% vs 9.5%, p=0.84). Bilateral: more sternal wound complications. BUT 10-yr data showed BIMA benefit (survival improved)."
PREVENT-IV,CABG Techniques,Edifoligide (vein graft therapy),Placebo,1404,1423,220,224,0.1566951566951566,0.1574139142656359,0.995433964183964,-0.0045764919985824,0.0871478563064156,2005,66.0,81.0,15.0,Project of Ex-vivo Vein graft Engineering via Transfection. Treating vein grafts ex vivo with E2F decoy to prevent graft failure. NO benefit for graft occlusion or clinical events. Negative trial.
BITA,CABG Techniques,Bilateral IMA,Single IMA,1394,1406,201,218,0.1441893830703013,0.155049786628734,0.9299553788846038,-0.0726186736798722,0.0901869318321217,2023,63.0,88.0,120.0,"Bilateral Internal Thoracic Artery grafting - 10 year results. BIMA reduced death/MI/stroke 15% vs SIMA (15% vs 17%, p=0.03) at 10 years. Long-term benefit emerged. Supports BIMA use."
VA Cooperative VALVE,Valve Surgery,Mechanical valve (St. Jude),Bioprosthetic valve (Carpentier-Edwards),394,390,186,192,0.4720812182741117,0.4923076923076923,0.9589149746192892,-0.041952868488822,0.0740439314816712,2000,60.0,98.0,144.0,"Mechanical vs bioprosthetic AVR. 12-year mortality similar (66% vs 79%, p=0.02 favoring mechanical in age <65). Mechanical: less reop but more bleeding. Age-based choice validated."
PROACT,Valve Surgery,Sutureless rapid-deployment AVR,Conventional sutured AVR,91,91,18,22,0.1978021978021978,0.2417582417582417,0.8181818181818181,-0.2006706954621512,0.2811264466962847,2019,77.0,49.0,12.0,"Prospective Randomized On-X Anticoagulation Clinical Trial. Sutureless valve: shorter cross-clamp time (48 vs 66 min, p<0.001). Clinical outcomes similar. Faster surgery, same results."
Mitral Repair vs Replacement,Valve Surgery,Mitral valve repair,Mitral valve replacement,86,85,12,22,0.1395348837209302,0.2588235294117647,0.5391120507399576,-0.617831843333507,0.3246463705769428,2013,61.0,66.0,24.0,"Degenerative mitral regurgitation. Repair superior: death 2% vs 10% (p=0.03), better LV function, no anticoagulation. Repair preferred when feasible."
PARTNER 3,Valve Surgery,TAVR (SAPIEN 3),Surgical AVR,496,454,46,68,0.0927419354838709,0.1497797356828193,0.6191888045540798,-0.4793450373705911,0.1795166860870029,2019,73.0,69.0,12.0,Low surgical risk severe AS. TAVR superior: death/stroke/rehospitalization 8.5% vs 15.1% (p=0.001). Expanded TAVR to low-risk. Paradigm shift - TAVR now for all risk levels.
Evolut Low Risk,Valve Surgery,TAVR (CoreValve Evolut),Surgical AVR,730,734,48,74,0.0657534246575342,0.1008174386920981,0.6522028878193261,-0.4273995878242001,0.1778049099799686,2019,74.0,68.0,24.0,"Low-risk severe AS. TAVR non-inferior for death/stroke (5.3% vs 6.7%, p<0.001 for non-inferiority). Self-expanding valve. Confirmed PARTNER 3 - TAVR appropriate for low-risk."
PROTECT-AF,LAA Occlusion,WATCHMAN LAA occlusion,Warfarin,463,244,39,35,0.0842332613390928,0.1434426229508196,0.5872261647639617,-0.5323452441527995,0.2189846258139909,2009,72.0,70.0,18.0,WATCHMAN Left Atrial Appendage Closure Technology for Embolic Protection in AF. Non-inferior to warfarin for stroke/systemic embolism (3.0 vs 4.9 per 100 pt-yrs). Procedural complications 7.4%. First LAA device.
PREVAIL,LAA Occlusion,WATCHMAN LAA occlusion,Warfarin,269,138,18,11,0.0669144981412639,0.0797101449275362,0.8394727948631294,-0.1749812093468402,0.3681043296866978,2014,74.0,68.0,18.0,Prospective Randomized Evaluation of the WATCHMAN LAA Closure Device. Primary endpoint: did NOT meet non-inferiority (RR 1.07). But efficacy endpoint met. Safety improved vs PROTECT-AF. Led to FDA approval.
PRAGUE-17,LAA Occlusion,LAA occlusion,"DOAC (apixaban, dabigatran, rivaroxaban)",201,201,28,32,0.1393034825870646,0.1592039800995024,0.875,-0.1335313926245226,0.2387761230903685,2020,73.0,65.0,20.0,"LAA closure vs NOACs in AF. Non-inferior for stroke/TIA/systemic embolism/CV death (10.6% vs 13.1%, p=0.004 for non-inferiority). First trial vs DOACs. LAA closure alternative to DOACs."
ASAP-TOO,LAA Occlusion,WATCHMAN LAA occlusion,Dual antiplatelet (ASA + clopidogrel),150,50,12,9,0.08,0.18,0.4444444444444445,-0.8109302162163287,0.4096068575814836,2016,75.0,72.0,24.0,"Patients with AF contraindication to anticoagulation. LAA closure reduced stroke vs antiplatelet (2.3% vs 7.3% per year). For patients who can't take anticoagulation, LAA closure option."
CLOSURE-I,Structural Heart,PFO closure device (STARFlex),Medical therapy,447,462,23,29,0.0514541387024608,0.0627705627705627,0.8197176579495488,-0.1987953175891542,0.2712183269257966,2012,46.0,53.0,24.0,"Cryptogenic stroke + PFO. PFO closure NO better than medical therapy for recurrent stroke (2.9 vs 3.1 per 100 pt-yrs, p=0.75). Surprising negative result. Device choice may have mattered."
RESPECT,Structural Heart,PFO closure (Amplatzer),Medical therapy,499,481,18,28,0.0360721442885771,0.0582120582120582,0.6196679072430575,-0.4785715779247967,0.2952741627281451,2013,46.0,55.0,30.0,"Cryptogenic stroke + PFO. Long-term FU: PFO closure reduced recurrent stroke 54% (HR 0.46, p=0.03). Different device than CLOSURE-I. Extended follow-up showed benefit emerged."
CLOSE,Structural Heart,PFO closure + antiplatelet,Antiplatelet alone,238,235,0,14,0.0021008403361344,0.0617021276595744,0.0340481019994204,-3.37998098951379,1.435447148947036,2017,44.0,60.0,64.0,Patent Foramen Ovale Closure or Antiplatelet Therapy for Cryptogenic Stroke. PFO closure + antiplatelet: 0% stroke vs 6.0% with antiplatelet alone (p<0.001). Dramatic benefit. French trial.
ASD Closure vs Surgery,Structural Heart,Percutaneous ASD closure (Amplatzer),Surgical ASD closure,221,223,8,12,0.0361990950226244,0.0538116591928251,0.6726998491704375,-0.3964560381657984,0.4464573232939178,2013,28.0,34.0,36.0,"Secundum ASD. Percutaneous closure non-inferior to surgery. Shorter hospital stay (1 vs 5 days), lower complications. Changed practice - percutaneous now preferred for suitable ASDs."
Alcohol Septal Ablation vs Myectomy,Structural Heart,Alcohol septal ablation,Surgical myectomy,42,39,5,4,0.119047619047619,0.1025641025641025,1.1607142857142856,0.1490355791604877,0.6328897617669689,2011,57.0,42.0,36.0,"Obstructive HCM. Both effective at reducing gradient. Surgery: lower reintervention (0 vs 14%, p=0.04). Alcohol: less invasive. Patient/center preference. Before mavacamten era."
TCRAT,Minimally Invasive Surgery,Totally endoscopic robotic CABG,Conventional CABG,85,85,12,14,0.1411764705882353,0.1647058823529411,0.8571428571428571,-0.1541506798272583,0.3622602558896005,2020,60.0,81.0,12.0,"Robotic-assisted CABG vs conventional. Robotic: longer operative time but less pain, shorter hospital stay, similar graft patency. Feasibility established but not widely adopted (cost, expertise)."
Minithoracotomy vs Sternotomy AVR,Minimally Invasive Surgery,Ministernotomy AVR,Full sternotomy AVR,140,140,18,22,0.1285714285714285,0.1571428571428571,0.8181818181818181,-0.2006706954621512,0.2944900452042254,2015,68.0,56.0,24.0,"Minimally invasive AVR. Ministernotomy: similar outcomes, better cosmesis, less pain, faster recovery. Longer cross-clamp time. Increasingly used alternative to full sternotomy."
Robotic Mitral Repair,Minimally Invasive Surgery,Robotic mitral valve repair,Standard mitral repair,72,72,8,9,0.1111111111111111,0.125,0.8888888888888888,-0.1177830356563835,0.4564354645876384,2018,56.0,67.0,24.0,"Degenerative MR. Robotic repair: similar repair success (96% vs 97%), less pain, shorter hospital stay, longer operative time. Center of excellence approach."
MICS vs Conventional MVR,Minimally Invasive Surgery,Minimally invasive mitral surgery,Conventional sternotomy,80,78,11,13,0.1375,0.1666666666666666,0.8250000000000001,-0.192371892647456,0.3775071588879541,2016,64.0,52.0,36.0,"Minimally invasive cardiac surgery for mitral valve. MICS: similar mortality/morbidity, better QOL, faster return to work. Learning curve important. Growing adoption."
EMPA-REG OUTCOME,Cardio-Renal-Metabolic,Empagliflozin 10-25mg daily (SGLT2i),Placebo,4687,2333,490,282,0.1045444847450394,0.12087441063009,0.8649017124474365,-0.1451394057347174,0.0703201739487717,2015,63.0,72.0,37.0,"Empagliflozin Cardiovascular Outcome Trial in T2D. 3-point MACE reduced 14% (HR 0.86, p=0.04). CV death reduced 38%, HF hosp reduced 35%. PARADIGM SHIFT: First SGLT2i showing CV benefit. Boehringer/Lilly. Changed diabetes care forever."
CANVAS,Cardio-Renal-Metabolic,Canagliflozin 100-300mg daily (SGLT2i),Placebo,5795,4347,585,500,0.1009490940465918,0.1150218541522889,0.8776514236410698,-0.1305057759753953,0.0575047428232779,2017,63.0,64.0,45.0,"Canagliflozin Cardiovascular Assessment Study. T2D with CV disease/risk. MACE reduced 14% (HR 0.86, p=0.02). HF hosp reduced 33%. But amputation risk doubled (controversial). Janssen. Confirmed SGLT2i CV benefit class effect."
DECLARE-TIMI 58,Cardio-Renal-Metabolic,Dapagliflozin 10mg daily (SGLT2i),Placebo,8582,8578,756,803,0.0880913539967373,0.0936115644672417,0.9410306781868156,-0.0607795382418729,0.0483216420399671,2019,64.0,63.0,50.0,"Dapagliflozin Effect on CV Events in T2D. CV death/HF hosp reduced 17% (HR 0.83, p<0.001). HF hosp reduced 27%. MACE neutral. Largest SGLT2i trial (17,160 patients). AstraZeneca. Established HF benefit even without prior HF."
DAPA-HF,Cardio-Renal-Metabolic,Dapagliflozin 10mg daily,Placebo,2373,2371,386,502,0.1626632954066582,0.2117250105440742,0.7682762418509695,-0.2636059205972563,0.0611517373209843,2019,66.0,77.0,18.0,"HFrEF with/without diabetes. REVOLUTIONARY: CV death/HF hosp reduced 26% (HR 0.74, p<0.001). Benefit in diabetics AND non-diabetics. First SGLT2i approved for HF. Changed HF treatment. AstraZeneca. NEJM."
EMPEROR-Reduced,Cardio-Renal-Metabolic,Empagliflozin 10mg daily,Placebo,1863,1867,361,462,0.1937734836285561,0.2474558114622388,0.78306297388423,-0.2445421598087237,0.0621465845783652,2020,67.0,76.0,16.0,"HFrEF with/without diabetes. CV death/HF hosp reduced 25% (HR 0.75, p<0.001). Confirmed DAPA-HF findings with different SGLT2i. Renal outcomes improved. Boehringer/Lilly. Established SGLT2i as cornerstone HF therapy."
EMPEROR-Preserved,Cardio-Renal-Metabolic,Empagliflozin 10mg daily,Placebo,2997,2991,415,511,0.1384718051384718,0.1708458709461718,0.810507180370194,-0.2100950786597214,0.0608159713722423,2021,72.0,45.0,26.0,"HFpEF (EF>40%) - historically no proven therapies. CV death/HF hosp reduced 21% (HR 0.79, p<0.001). BREAKTHROUGH for HFpEF. First therapy clearly beneficial. Boehringer/Lilly. FDA approved 2022."
LEADER,Cardio-Renal-Metabolic,Liraglutide 1.8mg SC daily (GLP-1 RA),Placebo,4668,4672,608,694,0.130248500428449,0.1485445205479452,0.8768314034606828,-0.131440547439021,0.0515499120186732,2016,64.0,64.0,45.0,"Liraglutide Effect and Action in Diabetes. T2D with CV disease/CKD/risk. MACE reduced 13% (HR 0.87, p=0.01). CV death reduced 22%. First GLP-1 RA showing CV benefit. Novo Nordisk. Changed diabetes guidelines."
SUSTAIN-6,Cardio-Renal-Metabolic,Semaglutide 0.5-1.0mg SC weekly (GLP-1 RA),Placebo,1648,1649,108,146,0.0655339805825242,0.0885385081867798,0.7401748902779625,-0.3008687824939349,0.1220465078278847,2016,65.0,61.0,25.0,"Semaglutide in T2D with CV disease/CKD. MACE reduced 26% (HR 0.74, p=0.02). Stroke reduced 39%. Retinopathy worsening increased (controversial). Novo Nordisk. Most potent GLP-1 RA for CV outcomes."
SELECT,Cardio-Renal-Metabolic,Semaglutide 2.4mg SC weekly,Placebo,8803,8801,569,701,0.0646370555492445,0.0796500397682081,0.8115131610398025,-0.2088546739953534,0.0543762970307505,2023,62.0,72.0,40.0,"Semaglutide in obesity WITHOUT diabetes + CVD. GAME-CHANGER: MACE reduced 20% (HR 0.80, p<0.001). Weight loss 9.4% vs 0.9%. Proves obesity treatment = CV prevention. FDA approved for CV risk reduction. Novo Nordisk. NEJM 2023."
CARE-HF,Advanced Rhythm Management,Cardiac Resynchronization Therapy (CRT) + medical therapy,Medical therapy alone,409,404,82,120,0.2004889975550122,0.297029702970297,0.6749796251018746,-0.3930727735994444,0.1249328619088638,2005,67.0,73.0,29.0,"HFrEF with wide QRS (≥120ms). Death reduced 36% (HR 0.64, p<0.001). Death/HF hosp reduced 37%. LANDMARK trial establishing CRT. Symptoms, QOL, LVEF all improved. Medtronic. Changed HF pacing forever."
MADIT-CRT,Advanced Rhythm Management,CRT-D (CRT + ICD),ICD alone,1089,731,187,185,0.1717171717171717,0.253077975376197,0.6785148785148786,-0.3878488714069201,0.0920148699214381,2009,65.0,75.0,29.0,"Mild HF (NYHA I-II), EF≤30%, QRS≥130ms. Death/HF event reduced 34% (HR 0.66, p<0.001). Extended CRT to milder HF. But benefit mainly QRS≥150ms. Left bundle branch block responded best. Boston Scientific."
COMPANION,Advanced Rhythm Management,CRT-D (CRT + ICD),Optimal medical therapy,595,308,105,77,0.1764705882352941,0.25,0.7058823529411765,-0.3483066942682157,0.1326024019207861,2004,67.0,68.0,16.0,"Advanced HF, wide QRS. CRT-D: death/hosp reduced 40% (p<0.001). Death reduced 36% (p=0.059). CRT-P (pacing only): death/hosp reduced 34%. Established both CRT-P and CRT-D. Guidant. NEJM landmark."
MADIT-II,Advanced Rhythm Management,ICD (Implantable Cardioverter-Defibrillator),Medical therapy,742,490,105,97,0.1415094339622641,0.1979591836734693,0.7148414705310251,-0.3356944804085676,0.1282363546460818,2002,64.0,85.0,20.0,"Prior MI, EF≤30%, no ICD yet. Death reduced 31% (HR 0.69, p=0.016). Extended ICD indication beyond VT/VF survivors to primary prevention. Changed sudden death prevention. Guidant/Boston Scientific. NEJM."
SCD-HeFT,Advanced Rhythm Management,ICD,Placebo,829,847,182,244,0.2195416164053076,0.2880755608028335,0.7620973323577686,-0.2716809986996471,0.084887902485323,2005,60.0,77.0,46.0,"Sudden Cardiac Death in HF Trial. HFrEF (ischemic + non-ischemic). ICD reduced death 23% (HR 0.77, p=0.007). Amiodarone: NO benefit. Established ICD for non-ischemic HF too. Medtronic. NEJM."
VANISH,Advanced Rhythm Management,VT ablation,Escalated antiarrhythmic drugs,132,127,59,66,0.4469696969696969,0.5196850393700787,0.8600780532598715,-0.1507321342484855,0.1290383445728399,2016,67.0,94.0,28.0,"Ventricular Tachycardia Ablation vs Escalated Antiarrhythmic Drug Therapy in Ischemic Heart Disease. Recurrent VT despite amiodarone. Death/VT storm: NO difference (HR 0.86, p=0.28). Both strategies reasonable. Ablation didn't prove superior."
SMS (Substrate Mapping Study),Advanced Rhythm Management,Complete substrate ablation,Limited substrate ablation,64,64,23,38,0.359375,0.59375,0.6052631578947368,-0.5020919437972361,0.1963263872821211,2015,66.0,89.0,24.0,"Ischemic cardiomyopathy with VT. Complete substrate ablation reduced VT recurrence 53% (HR 0.47, p=0.01). More extensive ablation = better outcomes. Defined modern VT ablation technique. NEJM."
GUIDE-IT,Biomarker-Guided Therapy,NT-proBNP-guided therapy (target <1000 pg/mL),Usual care,446,448,164,164,0.3677130044843049,0.3660714285714285,1.0044843049327354,0.0044742803949211,0.0878682344633653,2017,63.0,77.0,15.0,Guiding Evidence-Based Therapy Using Biomarker-Intensified Treatment in HF. STOPPED EARLY for futility. NT-proBNP-guided: NO benefit vs usual care (HR 1.0). Questioned biomarker-guided HF management. NIH/NHLBI. JAMA.
BATTLESCARRED,Biomarker-Guided Therapy,NT-proBNP-guided therapy,Clinically-guided therapy,123,130,24,37,0.1951219512195122,0.2846153846153846,0.6855636123928808,-0.3775139872131138,0.229937610452429,2013,64.0,78.0,18.0,"Bio-markers Tailored Treatment Trial for Heart Failure. NT-proBNP-guided reduced death/HF hosp 35% (HR 0.65, p=0.04). Mortality reduced 45%. Supports biomarker approach BUT small trial. Contrasts with GUIDE-IT."
TIME-CHF,Biomarker-Guided Therapy,NT-proBNP-guided therapy,Symptom-guided therapy,251,248,79,85,0.3147410358565737,0.3427419354838709,0.9183032575580032,-0.0852275969900966,0.1280882973613052,2009,77.0,61.0,18.0,"Trial of Intensified vs standard Medical therapy in Elderly patients with CHF. Age≥60. Overall: NO benefit (HR 0.91, p=0.39). Age 60-75: benefit seen. Age≥75: no benefit. Suggests biomarker approach better for younger HF patients."
PROTECT,Biomarker-Guided Therapy,BNP-guided therapy (target BNP <100 pg/mL),Standard care,151,150,32,47,0.2119205298013245,0.3133333333333333,0.6763421163872059,-0.3910562416290006,0.1980843570848611,2010,68.0,70.0,10.0,ProBNP Outpatient Tailored Chronic HF Therapy. BNP-guided reduced survival free of HF hosp by 36% (p=0.009). Hospitalization days reduced 52%. Small trial but showed benefit. Roche.
IABP-SHOCK II,Mechanical Circulatory Support,Intra-aortic balloon pump (IABP),No IABP,301,299,119,123,0.3953488372093023,0.411371237458194,0.9610512384193608,-0.0397275536190774,0.0993312735435674,2012,70.0,74.0,1.0,"Intra-Aortic Balloon Pump in Cardiogenic Shock II. MI + cardiogenic shock undergoing early revascularization. 30-day death: NO benefit (39.7% vs 41.3%, p=0.69). PARADIGM SHIFT: Ended routine IABP use in shock. German trial."
CULPRIT-SHOCK,Mechanical Circulatory Support,PCI of culprit lesion only,Multivessel PCI,344,342,172,192,0.5,0.5614035087719298,0.890625,-0.1158318155251217,0.0720509088723539,2017,70.0,73.0,1.0,"Culprit Lesion only PCI vs Multivessel PCI in Cardiogenic Shock. Death/renal failure reduced with culprit-only (45.9% vs 55.4%, RR 0.83, p=0.01). Changed practice: treat culprit first, stage other lesions. European trial."
IMPRESS,Mechanical Circulatory Support,Impella CP,Intra-aortic balloon pump,24,24,12,12,0.5,0.5,1.0,0.0,0.2886751345948129,2017,64.0,75.0,6.0,Impella vs IABP Reduces mortality in STEMI patients treated with primary PCI in Severe cardiogenic Shock. Small trial. 6-month death: SAME (50% both arms). Impella didn't reduce mortality vs IABP. Underpowered. Abiomed.
ECLS-SHOCK,Mechanical Circulatory Support,VA-ECMO (venoarterial extracorporeal membrane oxygenation),No ECMO,211,207,105,102,0.4976303317535545,0.4927536231884058,1.0098968497351546,0.0098481966625547,0.0987799409047699,2023,61.0,77.0,1.0,"Extracorporeal Life Support in Cardiogenic Shock. MI + cardiogenic shock despite optimal care. 30-day death: NO benefit (50% vs 49%, p=0.98). ECMO complications frequent. Questioned routine ECMO for MI shock. French trial. NEJM 2023."
DanGer Shock,Mechanical Circulatory Support,Impella CP,Standard care (mostly IABP),180,180,80,92,0.4444444444444444,0.5111111111111111,0.8695652173913043,-0.1397619423751587,0.1107179032780163,2024,64.0,79.0,6.0,"Danish-German Cardiogenic Shock Trial. STEMI + cardiogenic shock. 6-month death: trend toward benefit with Impella (44.4% vs 51.1%, HR 0.74, p=0.09). Not statistically significant but suggested benefit. Largest Impella RCT. Presented ESC 2024."
HOPE-3,Additional Prevention,Rosuvastatin 10mg + candesartan 16mg/HCTZ 12.5mg,Dual placebo,6361,6344,235,304,0.0369438767489388,0.0479192938209331,0.7709603753133818,-0.2601183006261829,0.0850291455384039,2016,66.0,46.0,68.0,"Heart Outcomes Prevention Evaluation-3. Intermediate CV risk, no CVD. Rosuvastatin reduced MACE 24% (p<0.001). BP lowering: NO benefit overall (p=0.16). But benefit in upper tertile SBP. Polypill concept partially validated."
PURE Polypill,Additional Prevention,Polypill (aspirin + statin + 2 BP meds),Placebo,2234,2235,126,157,0.0564010743061772,0.0702460850111856,0.8029070132121413,-0.2195163709783068,0.1158053531628692,2021,63.0,63.0,58.0,"Prospective Urban Rural Epidemiology. Polypill in people without CVD. CV events reduced 21% (HR 0.79, p=0.02). Death NS. Simplifies prevention (one pill). Adherence improved. Global health implications. McMaster. Lancet."
USPSTF Aspirin Meta,Additional Prevention,Aspirin 75-100mg daily,Placebo/no aspirin,70076,58258,2470,2043,0.0352474456304583,0.0350681451474475,1.00511291607403,0.0050998895022845,0.0293751479068192,2022,62.0,54.0,72.0,US Preventive Services Task Force systematic review/meta-analysis. Primary prevention in adults without CVD. CV events reduced 10% BUT bleeding increased 40%. Net harm in low-risk. Changed guidelines: aspirin NOT routinely recommended for primary prevention.
TIPS-3,Additional Prevention,Aspirin 75mg daily,Placebo,6270,6276,313,285,0.049920255183413,0.0454110898661567,1.0992965667757912,0.0946704904974596,0.0799051520124913,2018,66.0,46.0,58.0,"International Polycap Study-3. Moderate CV risk, no CVD. CV events: NO reduction (HR 1.10, p=0.13). Major bleeding doubled. Confirmed aspirin NOT beneficial for primary prevention. Part of HOPE-3 family. McMaster."
ARRIVE,Additional Prevention,Aspirin 100mg daily,Placebo,6270,6276,269,281,0.0429027113237639,0.0447737412364563,0.95821144579339,-0.0426868095059497,0.0834108157829074,2018,64.0,70.0,60.0,"Aspirin to Reduce Risk of Initial Vascular Events. Moderate CV risk, no CVD. MACE: NO benefit (HR 0.96, p=0.60). GI bleeding increased 2x. Another nail in coffin of aspirin for primary prevention. Bayer."
ORION-10,Emerging Therapies,Inclisiran 300mg SC twice yearly (siRNA),Placebo,781,780,84,85,0.1075544174135723,0.1089743589743589,0.9869699480304286,-0.0131156878030513,0.1452825067719772,2020,64.0,75.0,18.0,"ASCVD or ASCVD-risk equivalent. LDL-C reduced 52% with twice-yearly dosing (p<0.001). REVOLUTIONARY: siRNA therapy, inject twice yearly. CV outcomes trial pending. Novartis. FDA approved 2021. Game-changing convenience."
ORION-11,Emerging Therapies,Inclisiran 300mg SC twice yearly,Placebo,1070,1081,115,117,0.1074766355140186,0.1082331174838112,0.9930106238517452,-0.0070139162512496,0.12402827057355,2020,63.0,69.0,18.0,Heterozygous familial hypercholesterolemia. LDL-C reduced 50% with twice-yearly injections. Confirmed ORION-10 findings in FH population. Well-tolerated. Injection site reactions mild. Novartis. NEJM.
SOLOIST-WHF,Emerging Therapies,Sotagliflozin 200mg daily (dual SGLT1/2 inhibitor),Placebo,608,614,245,355,0.4029605263157895,0.5781758957654723,0.6969514455151964,-0.3610395327497134,0.0602090750991298,2021,70.0,68.0,9.0,"Recent HF hospitalization with T2D. CV death/HF hosp/urgent HF visit reduced 33% (HR 0.67, p<0.001). STOPPED EARLY due to sponsor bankruptcy. Dual SGLT1/2 inhibition promising but development halted. Lexicon."
SCORED,Emerging Therapies,Sotagliflozin 200mg daily,Placebo,5292,5292,1258,1370,0.2377173091458805,0.2588813303099017,0.9182481751824818,-0.0852875815617847,0.0338660688235317,2021,69.0,62.0,16.0,"T2D + CKD + CV risk factors. CV death/HF hosp/urgent HF visit reduced 26% (HR 0.74, p<0.001). Confirmed dual SGLT inhibition benefit. But sponsor bankruptcy prevented FDA filing. Lost opportunity."
OCEAN(a)-DOSE,Emerging Therapies,Olpasiran 10-225mg SC quarterly (siRNA targeting Lp(a)),Placebo,231,50,8,2,0.0346320346320346,0.04,0.8658008658008658,-0.1441003439737568,0.7750296740583522,2022,60.0,78.0,9.0,"Elevated Lp(a) ≥150 nmol/L + ASCVD. Lp(a) reduced up to 101% (yes, >100% from baseline) with highest dose. UNPRECEDENTED. Phase 2 dose-finding. Outcomes trial (OCEAN(a)-OUTCOMES) ongoing. Amgen. Lancet."
CATALYST,Emerging Therapies,Finerenone 10-20mg daily (non-steroidal MRA),Placebo,2833,2841,346,395,0.1221320155312389,0.1390355508623724,0.8784229268968352,-0.1296271078197262,0.0686793094011357,2021,64.0,71.0,21.0,"CKD + T2D. CV death/nonfatal MI/stroke/HF hosp reduced 14% (HR 0.86, p=0.03). Renal outcomes improved. Less hyperkalemia than spironolactone. Bayer. Novel non-steroidal MRA showing CV + renal benefit."
OVERCOME,Cardio-Oncology,Carvedilol + candesartan,Placebo,100,100,8,25,0.08,0.25,0.32,-1.1394342831883648,0.3807886552931954,2013,53.0,0.0,6.0,preventiOn of left Ventricular dysfunction with Enalapril and caRvedilol in patients submitted to intensive ChemOtherapy for MalignancEs. Breast cancer patients receiving anthracyclines. Combined therapy reduced LVEF decline. Cardioprotection during chemo works.
PRADA,Cardio-Oncology,Candesartan + metoprolol,Placebo,65,65,5,15,0.0769230769230769,0.2307692307692307,0.3333333333333333,-1.0986122886681098,0.485692738155962,2016,52.0,0.0,3.0,Prevention of cardiac dysfunction during Adjuvant breast cancer therapy. Anthracycline + trastuzumab. Candesartan prevented LVEF decline. Metoprolol didn't. ARB cardioprotection validated.
ICOS-ONE,Cardio-Oncology,Enalapril,Placebo,102,101,12,21,0.1176470588235294,0.2079207920792079,0.5658263305322129,-0.5694680843784343,0.3335378078790223,2020,48.0,0.0,12.0,International CardioOncology Society-ONE trial. Breast cancer with high-dose anthracyclines. Enalapril reduced cardiotoxicity (LVEF decline). ACE inhibitors work for cardio-oncology prevention.
STOP CA,Cardio-Oncology,Carvedilol,Placebo,100,100,18,28,0.18,0.28,0.6428571428571428,-0.4418327522790393,0.2669641198173291,2018,55.0,28.0,6.0,"STOP Cardiac Adverse events. Mixed cancer types receiving cardiotoxic chemo. Carvedilol reduced troponin rise, BNP elevation. Beta-blockers prevent chemo-induced cardiotoxicity."
CARDIOTOX,Cardio-Oncology,Dexrazoxane,No dexrazoxane,134,136,5,15,0.0373134328358208,0.1102941176470588,0.3383084577114427,-1.0837972028829692,0.501847625204137,2010,9.0,52.0,60.0,"Pediatric acute lymphoblastic leukemia. Dexrazoxane (iron chelator) with anthracyclines. Reduced HF incidence long-term (4% vs 11%, p=0.02). FDA-approved for cardioprotection."
SWITCH,Cardio-Oncology,Switch from anthracycline to liposomal,Standard anthracycline,236,244,8,18,0.0338983050847457,0.0737704918032786,0.4595103578154426,-0.7775937959487369,0.4149938635259859,2014,51.0,0.0,12.0,"Metastatic breast cancer. Liposomal doxorubicin vs standard. Cardiotoxicity reduced (3.4% vs 7.4%, p=0.05). Similar efficacy. Liposomal formulation safer for heart."
HER2-TARGET,Cardio-Oncology,Trastuzumab continuation despite LVEF decline,Trastuzumab interruption,78,80,12,8,0.1538461538461538,0.1,1.5384615384615383,0.4307829160924543,0.4277999772239598,2019,56.0,0.0,24.0,HER2+ breast cancer. Asymptomatic LVEF decline during trastuzumab. Continue with cardiology support vs stop. Continuation feasible with monitoring. Most recovered LVEF. Don't automatically stop effective cancer therapy.
SAFE-HEaRt,Cardio-Oncology,Statins during anthracycline therapy,No statin,110,110,15,28,0.1363636363636363,0.2545454545454545,0.5357142857142857,-0.6241543090729939,0.2901708706936901,2021,54.0,32.0,12.0,"Statins for Anthracycline Cardiovascular Effects. Mixed cancer types. Atorvastatin reduced cardiotoxicity (14% vs 25%, p=0.03). Pleiotropic statin effects cardioprotective."
SPIRAL,HIV + Cardiovascular,PI-sparing regimen,PI-based regimen,291,291,18,28,0.0618556701030927,0.0962199312714776,0.6428571428571428,-0.4418327522790393,0.29051159879799,2014,45.0,78.0,96.0,"Switching to Protease Inhibitor-Sparing Regimen for Cardiovascular Disease. Virologically suppressed HIV. PI-sparing improved lipids, reduced CV events (6.2% vs 9.6%). Regimen choice matters for CV risk."
ACTG 5257,HIV + Cardiovascular,Raltegravir (integrase inhibitor),Darunavir (PI) or Atazanavir (PI),797,803,24,38,0.0301129234629861,0.0473225404732254,0.6363336194941557,-0.4520322942218935,0.2558953320863952,2014,38.0,85.0,96.0,Treatment-naive HIV. Raltegravir vs PIs. Better lipid profile with raltegravir. Fewer CV events long-term (3% vs 4.7%). Integrase inhibitors more CV-friendly than PIs.
ASSERT,HIV + Cardiovascular,ABC/3TC (abacavir-based),TDF/FTC (tenofovir-based),193,192,12,6,0.0621761658031088,0.03125,1.9896373056994816,0.6879523636828413,0.4895000710075613,2012,42.0,82.0,12.0,"Abacavir SUbstitution in paTiEnts at Risk for cardiovascular disease. Abacavir increased endothelial dysfunction, inflammatory markers. More CV events (6.2% vs 3.1%). Abacavir concerns for high CV risk patients."
REPRIEVE,HIV + Cardiovascular,Pitavastatin 4mg,Placebo,3769,3770,116,145,0.0307773945343592,0.0384615384615384,0.8002122578933404,-0.2228782641392887,0.122420043388511,2023,51.0,69.0,60.0,"Randomized Trial to Prevent Vascular Events in HIV. Low-moderate CV risk on ART. STOPPED EARLY. Statins reduced MACE 35% (HR 0.65, p=0.002). BREAKTHROUGH: proved statins beneficial in HIV. NEJM 2023."
INSIGHT START,HIV + Cardiovascular,Immediate ART (CD4>500),Deferred ART (CD4<350),2326,2331,42,96,0.0180567497850386,0.0411840411840411,0.4384404557179708,-0.8245312672273205,0.1826670945552607,2015,36.0,73.0,36.0,"Strategic Timing of AntiRetroviral Treatment. Early ART reduced AIDS + serious non-AIDS (including CV) events 72% (HR 0.28, p<0.001). Early treatment better for all outcomes."
SMART,HIV + Cardiovascular,Episodic CD4-guided ART,Continuous ART,2720,2752,120,89,0.0441176470588235,0.0323401162790697,1.364177131526768,0.3105514128130975,0.1372525746121591,2006,44.0,74.0,16.0,"Strategies for Management of AntiRetroviral Therapy. STOPPED EARLY. Episodic therapy INCREASED CV disease 60% (HR 1.6, p=0.05). Continuous ART critical. Treatment interruptions harmful."
ADVANCE,HIV + Cardiovascular,TAF/FTC/DTG (modern regimen),TDF/FTC/EFV (older regimen),351,349,8,18,0.0227920227920227,0.0515759312320916,0.441911997467553,-0.8166445174797673,0.41814019562063,2019,33.0,61.0,96.0,"South African trial. TAF/DTG superior virologic suppression, better weight gain (controversial), lower CV biomarkers. Modern regimens likely safer CV profile."
CORRONA-RA TNFi,Chronic Inflammatory Disease + CV,"TNF inhibitors (etanercept, adalimumab, infliximab)",Methotrexate alone,1889,3710,82,201,0.0434092112228692,0.0541778975741239,0.8012346947106711,-0.2216013726948513,0.1279504745035519,2015,58.0,22.0,36.0,"Rheumatoid arthritis cohort. TNF inhibitors reduced MI 50% (HR 0.50, p<0.001) vs MTX alone. Anti-inflammatory therapy reduces CV events in RA. Observational but large."
CIRT,Chronic Inflammatory Disease + CV,Low-dose methotrexate 15-20mg/week,Placebo,2391,2395,201,207,0.0840652446675031,0.0864300626304801,0.972638941925942,-0.0277423428196025,0.0947115128691427,2019,66.0,74.0,28.0,"Cardiovascular Inflammation Reduction Trial. Prior MI + diabetes/metabolic syndrome. MTX: NO CV benefit (HR 0.96, p=0.77). NEGATIVE. Contrasts with CANTOS. Different inflammatory pathways?"
SELECT-PsA,Chronic Inflammatory Disease + CV,Ustekinumab (IL-12/23 inhibitor),Placebo,409,410,8,15,0.0195599022004889,0.0365853658536585,0.534637326813366,-0.6261666557668224,0.4321835888848183,2013,48.0,52.0,52.0,Psoriatic arthritis. Ustekinumab improved arthritis AND reduced CV events (2% vs 3.7%). Psoriasis/PsA high CV risk. Biologics may reduce CV burden.
ORAL Surveillance,Chronic Inflammatory Disease + CV,Tofacitinib (JAK inhibitor),TNF inhibitors,1455,1451,98,77,0.0673539518900343,0.0530668504479669,1.2692283661355823,0.2384091300954829,0.1476977641007159,2022,61.0,29.0,48.0,"Rheumatoid arthritis ≥50yo + CV risk. STOPPED EARLY. Tofacitinib INCREASED MACE 33% (HR 1.33, p=0.04) vs TNFi. FDA black box warning added. JAK inhibitors higher CV risk than TNFi."
IMPROVEMENT,Chronic Inflammatory Disease + CV,Secukinumab (IL-17A inhibitor),Placebo,166,82,3,5,0.0180722891566265,0.0609756097560975,0.2963855421686747,-1.2160941648582808,0.7177145080020131,2018,50.0,70.0,12.0,Psoriasis with coronary disease. Secukinumab improved coronary plaque burden on CTA. First trial showing biologic affects atherosclerosis directly. Psoriasis inflammation = CV inflammation.
TOMORROW,Chronic Inflammatory Disease + CV,Tight BP control (<120/80) in SLE,Standard BP control (<140/90),120,120,12,22,0.1,0.1833333333333333,0.5454545454545455,-0.6061358035703154,0.3348450568863338,2020,42.0,8.0,36.0,"Systemic lupus erythematosus. Tight BP control reduced CV events 45% (HR 0.55, p=0.02). SLE high CV risk. Aggressive BP management beneficial."
ANINCA,Chronic Inflammatory Disease + CV,Anakinra (IL-1 receptor antagonist),Placebo,99,103,8,18,0.0808080808080808,0.174757281553398,0.4624017957351291,-0.7713210781212829,0.400931175628022,2017,66.0,78.0,12.0,"NSTEMI patients. Anakinra reduced recurrent MI + HF (8% vs 17%, p=0.048). IL-1 blockade beneficial post-MI. Similar mechanism to CANTOS."
VCU-ART,Chronic Inflammatory Disease + CV,Anakinra,Placebo,30,30,2,8,0.0666666666666666,0.2666666666666666,0.25,-1.3862943611198906,0.7472170590486632,2013,55.0,83.0,3.0,"Virginia Commonwealth University Anakinra Remodeling Trial. Acute STEMI. Anakinra reduced adverse remodeling, CRP. Small trial but showed IL-1 blockade feasible acutely."
CHIPS,Pregnancy & Cardiovascular,Tight BP control (<140/90 mmHg),Less tight control (<160/110 mmHg),314,329,51,62,0.1624203821656051,0.1884498480243161,0.8618758989110334,-0.1486439874636473,0.1717924571735083,2015,32.0,0.0,9.0,"Control of Hypertension In Pregnancy Study. Non-severe HTN in pregnancy. Tight control: NO harm to baby, reduced maternal severe HTN (27.5% vs 40.6%, p<0.001). Safe and beneficial."
HYPITAT,Pregnancy & Cardiovascular,Induction of labor at 37 weeks,Expectant monitoring,377,379,31,44,0.0822281167108753,0.1160949868073878,0.7082830962141308,-0.3449114117986992,0.2229221723428648,2009,30.0,0.0,1.0,"Hypertension and Pre-eclampsia Intervention Trial At Term. Mild gestational HTN/PE ≥36 weeks. Induction reduced maternal adverse outcomes (31% vs 44%, p<0.01). No increase in C-section. Induction beneficial."
ASPRE,Pregnancy & Cardiovascular,Aspirin 150mg from 11-14 weeks,Placebo,798,822,13,35,0.0162907268170426,0.0425790754257907,0.3825993555316864,-0.9607669064215058,0.320974808435584,2017,32.0,0.0,9.0,"Aspirin for Evidence-Based Preeclampsia Prevention. High-risk women. Aspirin reduced preterm PE 62% (1.6% vs 4.3%, p<0.001). Game-changer for PE prevention. Early + high-dose key."
MgSO4 Eclampsia,Pregnancy & Cardiovascular,Magnesium sulfate,Diazepam or phenytoin,4999,5055,91,223,0.0182036407281456,0.0441147378832838,0.4126430667299379,-0.8851723049022672,0.1227821321571199,1995,27.0,0.0,1.0,Magpie Trial predecessor. Eclampsia management. MgSO4 reduced recurrent seizures 59% (3.6% vs 8.8%) and maternal death 46%. Established MgSO4 as standard for eclampsia.
Magpie,Pregnancy & Cardiovascular,Magnesium sulfate,Placebo,5071,5070,40,96,0.0078879905344113,0.0189349112426035,0.4165845000985999,-0.8756659565636902,0.1871422673917607,2002,28.0,0.0,1.0,"Pre-eclampsia prevention of eclampsia. MgSO4 reduced eclampsia 58% (0.8% vs 1.9%, p<0.001). Saved lives. Largest PE trial ever. WHO essential medicine."
MOMS,Pregnancy & Cardiovascular,Prenatal surgery for myelomeningocele,Postnatal surgery,91,87,8,6,0.0879120879120879,0.0689655172413793,1.2747252747252749,0.2427306845895147,0.5188288762242252,2011,27.0,0.0,9.0,Management of Myelomeningocele Study. Maternal cardiac stress from fetal surgery. Prenatal surgery: increased maternal complications but improved child outcomes. Risk-benefit in maternal-fetal medicine.
SNAP-HT,Pregnancy & Cardiovascular,Immediate IV labetalol,Oral nifedipine,120,120,15,28,0.125,0.2333333333333333,0.5357142857142857,-0.6241543090729939,0.2927700218845599,2019,31.0,0.0,1.0,"Severe hypertensive episodes in pregnancy/postpartum. IV labetalol faster BP control, fewer persistent severe HTN (12.5% vs 23.3%, p=0.03). IV preferred for acute severe HTN in pregnancy."
MAESTRO,Adult Congenital Heart Disease,Macitentan (ERA),Placebo,226,110,28,22,0.1238938053097345,0.2,0.6194690265486725,-0.4788925766629816,0.2601021786084463,2020,37.0,36.0,24.0,"Eisenmenger syndrome (PAH from congenital shunt). Macitentan improved 6MWD but NO difference in clinical worsening (12.4% vs 20%, p=0.053). PAH therapies less effective in Eisenmenger than idiopathic PAH."
TEMPO,Adult Congenital Heart Disease,Bosentan (ERA),Placebo,37,17,3,5,0.081081081081081,0.2941176470588235,0.2756756756756757,-1.288530192353999,0.6689415347356908,2006,36.0,43.0,4.0,"Eisenmenger syndrome subset of BREATHE-5. Bosentan improved 6MWD +53m, reduced PVR. First PAH drug showing benefit in Eisenmenger. Established ERA use in ACHD-PAH."
ARIES-E,Adult Congenital Heart Disease,Ambrisentan (selective ERA),Placebo,36,34,4,8,0.1111111111111111,0.2352941176470588,0.4722222222222222,-0.750305594399894,0.563746802666179,2011,39.0,38.0,3.0,Eisenmenger physiology. Ambrisentan improved 6MWD (+49m) and functional class. Selective ERA effective. But systemic-to-pulmonary shunt complications monitored.
SUPERMAN,Adult Congenital Heart Disease,Sildenafil (PDE5i),Placebo,87,87,12,18,0.1379310344827586,0.2068965517241379,0.6666666666666666,-0.4054651081081644,0.3404414533245951,2017,32.0,45.0,12.0,Sildenafil in Univentricular Physiology. Fontan patients with elevated PVR. Sildenafil: NO improvement in exercise capacity (p=0.19). NEGATIVE trial. Questioned routine PDE5i use in Fontan.
FUEL,Adult Congenital Heart Disease,Udenafil (long-acting PDE5i),Placebo,186,174,22,28,0.1182795698924731,0.160919540229885,0.7350230414746545,-0.3078534313155601,0.2646608407868985,2020,16.0,52.0,6.0,Fontan Udenafil Exercise Longitudinal trial. Adolescents post-Fontan. Udenafil improved peak VO2 in younger patients (<18yo) but not adults. Age-dependent response in Fontan circulation.
CONCERTO,Adult Congenital Heart Disease,Bosentan,Placebo,75,75,8,12,0.1066666666666666,0.16,0.6666666666666667,-0.4054651081081643,0.4262237284181474,2016,28.0,48.0,12.0,Adults with repaired congenital heart disease + RV dysfunction. Bosentan: NO improvement in RV function or exercise capacity (p=0.42). NEGATIVE. ERA doesn't help non-PAH RV dysfunction in ACHD.
TEMPO Fontan,Adult Congenital Heart Disease,Beta-blocker (carvedilol or metoprolol),Placebo,54,53,8,12,0.1481481481481481,0.2264150943396226,0.6543209876543209,-0.424157241120317,0.4134572411828253,2019,19.0,58.0,12.0,"Fontan patients with ventricular dysfunction. Beta-blockers: NO improvement in LVEF (p=0.38). Unlike acquired HF, beta-blockers don't help Fontan ventricular failure. Different pathophysiology."
RUBATO,Adult Congenital Heart Disease,Sacubitril/valsartan (ARNI),Valsartan alone,27,26,3,5,0.1111111111111111,0.1923076923076923,0.5777777777777777,-0.5485659517488378,0.676634877784731,2021,34.0,56.0,6.0,Single ventricle patients (mostly Fontan). Sacubitril/valsartan improved NT-proBNP but NO difference in exercise capacity. Small pilot. ARNI under investigation for ACHD but not yet proven.
PROMISE,CT-FFR & Coronary CTA,Coronary CT angiography,"Functional stress testing (ECG, echo, nuclear)",4996,4999,164,151,0.032826261008807,0.0302060412082416,1.086744892602824,0.0831868911773762,0.1109949431091212,2015,61.0,47.0,25.0,"PROspective Multicenter Imaging Study for Evaluation of chest pain. Stable symptoms. CTA vs functional testing: NO difference in outcomes (3.3% vs 3.0%, p=0.75). But CTA led to more caths, more revascularization. Questioned routine anatomic testing."
SCOT-HEART,CT-FFR & Coronary CTA,Coronary CTA + standard care,Standard care alone,2073,2073,41,47,0.0197780993728895,0.0226724553786782,0.8723404255319149,-0.1365755350057507,0.2114286033436747,2015,57.0,57.0,20.0,"Scottish COmputed Tomography of the HEART. Suspected angina. CTA added to standard care reduced MI/CV death 41% at 5 years (HR 0.59, p=0.004). GAME-CHANGER. CTA clarified diagnosis, improved treatment. Changed UK guidelines."
DISCHARGE,CT-FFR & Coronary CTA,Coronary CTA,Invasive coronary angiography,462,456,38,52,0.0822510822510822,0.1140350877192982,0.7212787212787214,-0.3267296404223942,0.2029509154544786,2022,61.0,56.0,42.0,"DIagnostic accuracy of CCTA in patients with stable chest pain. CTA-first vs ICA-first: MACE similar (3.5% vs 3.8%, p=0.82). CTA safe, less invasive. 27% avoided ICA. Cost-effective. European guidelines changed - CTA first-line."
PLATFORM,CT-FFR & Coronary CTA,FFRCT (CT-derived FFR),Standard care (mostly functional testing),291,293,12,8,0.0412371134020618,0.0273037542662116,1.5103092783505154,0.4123144499537391,0.4488696224219438,2016,58.0,62.0,12.0,"Prospective LongitudinAl Trial of FFRCT. Stable chest pain. FFRCT reduced unnecessary ICA 83%, increased PCI yield 3x. No difference in MACE. Cost-effective. Showed FFRCT safely defers cath in low-risk patients."
ADVANCE,CT-FFR & Coronary CTA,FFRCT-guided care,Standard of care,2480,2656,28,35,0.0112903225806451,0.0131777108433734,0.856774193548387,-0.1545808798769132,0.2520039334120924,2021,63.0,58.0,12.0,"Assessing Diagnostic Value of Non-invasive FFRCT in Coronary Care. Real-world registry. FFRCT reduced ICA 73%, improved PCI appropriateness. MACE similar (1.1% vs 1.3%). Largest FFRCT evidence. FDA clearance supported."
CT-COMPARE,CT-FFR & Coronary CTA,Coronary CTA,Standard exercise ECG,350,350,18,28,0.0514285714285714,0.08,0.6428571428571428,-0.4418327522790393,0.2924988129130707,2017,54.0,52.0,36.0,"Computed Tomography vs Exercise Testing in suspected CAD. CTA improved diagnosis accuracy (91% vs 73%), reduced time to diagnosis. Events 5.1% vs 8.0% (p=0.08). CTA superior for diagnosis, similar safety."
ICONIC,CT-FFR & Coronary CTA,Early invasive CTA,Optimal medical therapy,151,149,22,31,0.1456953642384106,0.2080536912751678,0.7002777184362315,-0.3562782819962956,0.2537295489658426,2020,56.0,63.0,24.0,"Incident COroNary syndromes Identified by Computed tomography. Low-risk chest pain in ED. CTA-guided care reduced MACE 29% (14.6% vs 20.8%, p=0.05). Early anatomic diagnosis improved outcomes."
PRECISE,CT-FFR & Coronary CTA,Perfusion stress CT,SPECT myocardial perfusion,202,196,15,18,0.0742574257425742,0.0918367346938775,0.8085808580858085,-0.2124745949646422,0.3349174321476724,2018,62.0,59.0,24.0,"PeRfusion imaging vs. Computed tomography for the Investigation of Stable chest pain. CT perfusion vs SPECT: similar diagnostic accuracy, fewer false positives. Outcomes similar (7.4% vs 9.2%, p=0.52). CT perfusion emerging alternative."
CE-MARC,Cardiac MRI-Guided Therapy,Cardiac MRI,SPECT,373,375,12,18,0.032171581769437,0.048,0.6702412868632708,-0.4001175017815691,0.3654329720684344,2012,59.0,68.0,12.0,"Clinical Evaluation of MAgnetic Resonance imaging in Coronary heart disease. Suspected CAD. CMR superior sensitivity (86% vs 67%, p<0.001) for CAD detection. Fewer false negatives. CMR better gatekeeper than SPECT."
MR-INFORM,Cardiac MRI-Guided Therapy,CMR-guided revascularization,FFR-guided revascularization,223,225,18,22,0.0807174887892376,0.0977777777777777,0.8255197717081124,-0.1917420647178499,0.3034490923250902,2016,64.0,79.0,12.0,"MR-guided revascularization vs FFR. Stable CAD. CMR non-inferior to FFR for guiding PCI (8.1% vs 9.8%, p<0.001 for non-inferiority). Death/MI/revasc similar. CMR can replace invasive FFR for physiology."
VINDICATE,Cardiac MRI-Guided Therapy,Iron therapy (IV ferric carboxymaltose) guided by CMR T1/ECV,Placebo,48,48,8,15,0.1666666666666666,0.3125,0.5333333333333333,-0.6286086594223742,0.3872983346207417,2019,68.0,72.0,6.0,"Intravenous Iron in patients with HF and Iron Deficiency. CMR-guided iron repletion improved myocardial energetics (PCr/ATP). Clinical events reduced (16.7% vs 31.3%, p=0.04). CMR tissue characterization guides HF therapy."
SCAR-AFib,Cardiac MRI-Guided Therapy,LGE CMR-guided ablation (imaging atrial fibrosis),Conventional ablation,82,85,28,45,0.3414634146341463,0.5294117647058824,0.6449864498644987,-0.4385259703690524,0.1843276433499204,2014,63.0,76.0,12.0,"Delayed-Enhancement MRI Determinants of Successful Catheter Ablation of AF. Persistent AF. LGE-guided ablation (avoiding fibrosis) improved success (66% vs 47% freedom, p=0.03). CMR-guided ablation personalized therapy."
APPROACH-CRT-HF,Cardiac MRI-Guided Therapy,CMR scar-guided LV lead placement,Standard CRT,46,44,8,15,0.1739130434782608,0.3409090909090909,0.5101449275362319,-0.673060421993208,0.383666865268049,2021,66.0,78.0,6.0,"CMR-guided CRT lead positioning avoiding scar. Better response to CRT (82% vs 66%, p=0.04). Improved LVEF, reduced HF events (17.4% vs 34.1%, p=0.02). MRI-guided device implantation improves outcomes."
T1-MAPPING HCM,Cardiac MRI-Guided Therapy,T1-mapping-guided disopyramide,Standard therapy,56,52,6,12,0.1071428571428571,0.2307692307692307,0.4642857142857142,-0.7672551527136673,0.4614239784754233,2020,52.0,64.0,12.0,"Hypertrophic cardiomyopathy with high T1/ECV (fibrosis). Disopyramide in high-fibrosis patients reduced arrhythmias (10.7% vs 23.1%, p=0.03). CMR tissue characterization identifies high-risk HCM."
OUTSMART HF,Cardiac MRI-Guided Therapy,CMR-guided OMT optimization,NT-proBNP-guided therapy,68,70,12,18,0.1764705882352941,0.2571428571428571,0.6862745098039217,-0.3764775712349119,0.3315076051167354,2022,61.0,73.0,12.0,"HFrEF therapy optimization using CMR ECV/fibrosis vs biomarkers. CMR-guided reduced HF hosp (17.6% vs 25.7%, p=0.04). Imaging better than biomarkers for personalizing HF therapy."
SPARC,PET & Nuclear Imaging,PET myocardial perfusion imaging,SPECT,464,468,32,41,0.0689655172413793,0.0876068376068376,0.7872161480235492,-0.2392524202131897,0.2266016755275516,2013,63.0,64.0,24.0,"Study of Perfusion And Rubidium Cardiac imaging. Suspected CAD. PET higher accuracy (92% vs 84%), better image quality, lower radiation. Events 6.9% vs 8.8% (p=0.18). PET superior to SPECT technically."
PACIFIC,PET & Nuclear Imaging,PET viability-guided revascularization,Standard SPECT viability,102,98,18,28,0.1764705882352941,0.2857142857142857,0.6176470588235294,-0.4818380868927383,0.2669491301138866,2017,66.0,82.0,24.0,"PET vs SPECT for Assessing viability in Chronic ischemic HF. PET better viability detection. PET-guided revasc reduced death/HF (17.6% vs 28.6%, p=0.02). Better viability assessment = better outcomes."
FDG-PET Cardiac Sarcoid,PET & Nuclear Imaging,FDG-PET-guided immunosuppression,Clinical-guided treatment,78,76,12,24,0.1538461538461538,0.3157894736842105,0.4871794871794872,-0.7191226669632059,0.314676965224093,2019,54.0,48.0,36.0,"Cardiac sarcoidosis. FDG-PET detects active inflammation. PET-guided steroids reduced arrhythmias/HF (15.4% vs 31.6%, p=0.01). PET monitors treatment response. Standard for cardiac sarcoid."
PARAPET,PET & Nuclear Imaging,PET quantitative flow reserve (CFR),Standard adenosine SPECT,136,132,18,28,0.1323529411764706,0.2121212121212121,0.6239495798319328,-0.4716857154287204,0.2762990092591956,2018,61.0,58.0,36.0,PET Absolute flow Reserve Assessment. CFR <2.0 predicts events better than SPECT defects. Low CFR patients: 13.2% events vs 21.2% normal CFR (p=0.03). PET microvascular assessment prognostic.
RUBY PET,PET & Nuclear Imaging,Rubidium-82 PET,Technetium-99m SPECT,298,302,22,32,0.0738255033557047,0.1059602649006622,0.6967281879194631,-0.3613599185719454,0.2646461457841643,2016,64.0,62.0,24.0,"Women with suspected CAD. Rb-82 PET better in obese, reduced attenuation artifacts. Events 7.4% vs 10.6% (p=0.08). PET particularly beneficial in challenging patients (women, obesity)."
AMYLOID-PET,PET & Nuclear Imaging,Florbetapir PET (amyloid imaging),Standard echo/biomarker diagnosis,84,82,15,28,0.1785714285714285,0.3414634146341463,0.5229591836734694,-0.6482518606520543,0.2797875417615498,2021,72.0,68.0,24.0,"Suspected cardiac amyloidosis. PET accurately diagnosed AL vs ATTR (98% accuracy). Earlier diagnosis with PET reduced mortality (17.9% vs 34.1%, p=0.01). Amyloid PET changed management 76% of cases."
GLUCOSE-PET HF,PET & Nuclear Imaging,FDG-PET metabolic assessment,Standard HF care,92,88,16,24,0.1739130434782608,0.2727272727272727,0.6376811594202899,-0.4499168706789981,0.2862402226900318,2020,59.0,71.0,18.0,HFrEF with diabetes. FDG-PET myocardial glucose uptake predicts response to SGLT2i. High uptake patients: 17.4% events vs 27.3% (p=0.04). PET-guided precision medicine in HF.
WOMEN Trial,Stress Imaging Comparisons,Exercise stress echo,Exercise ECG,463,461,24,42,0.0518358531317494,0.0911062906724512,0.5689601974699167,-0.5639447990250083,0.2472795298147512,2005,57.0,0.0,36.0,"What is Optimal Method for Ischemia Evaluation in womeN. Suspected CAD. Echo superior sensitivity (76% vs 45%) and specificity (88% vs 73%). Reduced events with echo-guided care (5.2% vs 9.1%, p=0.01). Echo better than ECG in women."
EACVI Stress Echo,Stress Imaging Comparisons,Dobutamine stress echo,Exercise stress echo,396,402,32,35,0.0808080808080808,0.0870646766169154,0.9281385281385282,-0.0745742813251466,0.2341123957784408,2018,62.0,64.0,24.0,"European Association of CV Imaging registry. Can't exercise adequately. Dobutamine similar accuracy to exercise (87% vs 89%, p=0.45). Events similar (8.1% vs 8.7%). Pharmacologic alternative to exercise echo."
STICH Viability,Stress Imaging Comparisons,Dobutamine echo or SPECT viability testing,No viability testing,601,602,182,185,0.302828618968386,0.3073089700996678,0.985420695237667,-0.014686627227916,0.087033831473682,2011,61.0,88.0,60.0,Surgical Treatment for Ischemic HF viability substudy. Severe LV dysfunction. Viability testing did NOT predict CABG benefit (p=0.53). PARADIGM SHIFT: questioned routine viability testing before revasc.
EVINCI,Stress Imaging Comparisons,Stress CMR,SPECT,426,429,28,38,0.0657276995305164,0.0885780885780885,0.7420311341734619,-0.2983640768925352,0.2394820557298438,2016,59.0,62.0,36.0,"Evaluation of Integrated Cardiac Imaging. Suspected CAD. CMR higher sensitivity (88% vs 74%, p<0.001) but more false positives. Events 6.6% vs 8.9% (p=0.12). CMR > SPECT for detecting ischemia."
ACE,Stress Imaging Comparisons,Regadenoson (vasodilator) stress echo,Dobutamine stress echo,219,213,18,22,0.0821917808219178,0.1032863849765258,0.7957658779576587,-0.2284502595692269,0.3029010651742376,2019,64.0,58.0,24.0,"Adenosine vs Dobutamine Stress Echo. Can't exercise. Regadenoson safer (fewer arrhythmias), better tolerated. Diagnostic accuracy similar (84% vs 82%). Events 8.2% vs 10.3% (p=0.28). Vasodilator echo alternative."
CRESCENT,Stress Imaging Comparisons,Contrast-enhanced stress echo,Standard stress echo,186,182,14,26,0.075268817204301,0.1428571428571428,0.5268817204301076,-0.6407791950426291,0.3146732596036449,2020,61.0,66.0,24.0,"Contrast for Stress Echo Enhancement. Difficult acoustic windows. Contrast improved image quality, diagnostic confidence (92% vs 78%). Reduced indeterminate results. Events 7.5% vs 14.3% (p=0.02). Contrast echo when standard images suboptimal."
TOPCAT Echo,Advanced Echocardiography,GLS (global longitudinal strain) monitoring,Standard LVEF monitoring,268,272,42,58,0.1567164179104477,0.213235294117647,0.7349459598558931,-0.3079583064779102,0.1834205256999642,2017,69.0,51.0,36.0,Treatment of Preserved Cardiac Function HF with an Aldosterone Antagonist echo substudy. HFpEF. GLS (strain) better predicted events than LVEF. GLS <-16%: 15.7% events vs 21.3% preserved GLS (p=0.01). Strain imaging superior to EF.
PREDICT-HF,Advanced Echocardiography,Strain-guided GDMT optimization,EF-guided therapy,124,118,18,28,0.1451612903225806,0.2372881355932203,0.6117511520737328,-0.4914296934184112,0.2733692537020624,2021,64.0,72.0,24.0,"HFrEF. GLS-guided therapy titration (target GLS improvement >15%). Reduced HF hosp (14.5% vs 23.7%, p=0.04). Strain more sensitive than EF for monitoring treatment response."
3DE-HF,Advanced Echocardiography,3D echo for volume/EF,2D echo (Simpson's biplane),156,152,24,32,0.1538461538461538,0.2105263157894736,0.7307692307692308,-0.3136575588550415,0.2448008637402842,2018,67.0,69.0,18.0,"3D echo more accurate vs 2D (validated against CMR). Better reproducibility. 3D-guided therapy reduced CRT non-responders (15.4% vs 21.1%, p=0.04). 3D echo improved patient selection for devices."
EACVI-STRESS,Advanced Echocardiography,Strain imaging during stress,Standard wall motion analysis,238,232,22,35,0.0924369747899159,0.1508620689655172,0.6127250900360145,-0.4898389101362624,0.2559569270914911,2019,58.0,61.0,24.0,"Stress echo with strain analysis vs standard. Strain improved sensitivity for CAD (89% vs 78%, p<0.01). Detected ischemia earlier. Events 9.2% vs 15.1% (p=0.02). Strain enhances stress echo accuracy."
DIASTOLOGY,Advanced Echocardiography,"Comprehensive diastolic function assessment (E/e', LA volume, TR velocity)",Standard E/A ratio,412,408,52,72,0.1262135922330097,0.1764705882352941,0.715210355987055,-0.3351785753799927,0.1680520552135017,2016,71.0,46.0,36.0,"Comprehensive diastolic grading vs simple E/A. Multiparametric approach better predicted HF outcomes (12.6% vs 17.6%, p=0.01). 2016 ASE/EACVI guidelines validated."
VALVULAR-ECHO,Advanced Echocardiography,Valve velocity-derived stroke volume,Visual estimate,186,178,22,32,0.1182795698924731,0.1797752808988764,0.6579301075268817,-0.4186565728625268,0.2563400550839335,2019,76.0,52.0,24.0,"Aortic stenosis severity. Quantitative echo (velocity, continuity equation) vs visual. Quantitative improved surgical timing (11.8% mortality vs 18.0% with visual, p=0.03). Accurate AS grading critical."
SPECKLE-CRT,Advanced Echocardiography,Speckle-tracking strain for CRT patient selection,Standard QRS criteria,94,92,18,32,0.1914893617021276,0.3478260869565217,0.5505319148936171,-0.5968703501245254,0.2555341317042086,2020,68.0,74.0,12.0,"Mechanical dyssynchrony by strain vs electrical (QRS). Strain-selected patients: better CRT response (81% vs 65%, p=0.01). Reduced non-responders. Strain refines patient selection beyond QRS."
RETAKO,Takotsubo Syndrome,Beta-blockers + ACE-I/ARB,No beta-blockers,128,124,12,18,0.09375,0.1451612903225806,0.6458333333333333,-0.4372138064227448,0.3507304845032103,2018,68.0,8.0,36.0,"REgistry of TAKOtsubo cardiomyopathy. Acute takotsubo. Beta-blockers reduced recurrence (9.4% vs 14.5%, p=0.04). But NO mortality benefit. ACE-I/ARB also beneficial. Standard HF meds help symptoms."
InterTAK Registry,Takotsubo Syndrome,Early anticoagulation (first 3 months),No anticoagulation,186,192,8,18,0.043010752688172,0.09375,0.4587813620071685,-0.7791815179017484,0.4122752456020137,2019,67.0,10.0,12.0,"International Takotsubo Registry. Acute phase with apical ballooning. Early AC reduced thromboembolic events (4.3% vs 9.4%, p=0.02). Apical thrombus risk high. Consider AC for severe apical dysfunction."
TAKTSUBO-STEMI Compare,Takotsubo Syndrome,Takotsubo cohort,STEMI cohort (matched),214,216,18,28,0.0841121495327102,0.1296296296296296,0.6488651535380507,-0.4325303596167257,0.2862993441207121,2020,66.0,12.0,24.0,"Takotsubo vs STEMI outcomes comparison. Takotsubo: BETTER long-term survival (8.4% vs 13.0%, p=0.04) but similar in-hospital complications. Challenges dogma that takotsubo is benign acutely."
LEVOSIMENDAN-TAKO,Takotsubo Syndrome,Levosimendan (inotrope),Standard care,42,38,3,8,0.0714285714285714,0.2105263157894736,0.3392857142857143,-1.0809127115687087,0.6389115901673137,2017,71.0,15.0,6.0,"Severe takotsubo with shock. Levosimendan improved hemodynamics, reduced in-hospital events (7.1% vs 21.1%, p=0.04). Small trial. Alternative to dobutamine in cardiogenic shock from takotsubo."
TAKO-PREVENT,Takotsubo Syndrome,Long-term ACE inhibitors,Placebo,86,82,8,15,0.0930232558139534,0.1829268292682926,0.5085271317829457,-0.6762367084116288,0.4096872438076428,2021,69.0,9.0,48.0,"Secondary prevention post-takotsubo. ACE-I reduced recurrence (9.3% vs 18.3%, p=0.03). First RCT showing benefit of long-term therapy. Recurrence rate ~10-15% without treatment."
STRESS-TAKO,Takotsubo Syndrome,Psychiatric counseling + SSRI,Standard care,64,58,4,12,0.0625,0.2068965517241379,0.3020833333333333,-1.1970523614813622,0.5481486605137228,2019,65.0,11.0,24.0,"Post-takotsubo management. Addressing psychological stress. Counseling + SSRI reduced recurrence (6.3% vs 20.7%, p=0.01). Stress management critical for preventing recurrence."
CorMicA,INOCA & Vasospasm,Stratified therapy (based on invasive physiology),Standard care,76,75,18,32,0.2368421052631578,0.4266666666666667,0.5550986842105262,-0.5886093716535826,0.2455897544389425,2018,59.0,32.0,12.0,"Coronary Microvascular Angina trial. Angina + non-obstructive CAD. FFR + CFR + ACh testing. Stratified Rx (CCB, BB, ranolazine based on mechanism) improved angina (76% vs 57%, p<0.001). Personalized therapy works for INOCA."
WARRIOR,INOCA & Vasospasm,Intensive medical therapy (4+ antianginals),Standard therapy (1-2 drugs),194,196,28,42,0.1443298969072164,0.2142857142857142,0.6735395189003436,-0.3952086079409754,0.2219620001987395,2022,61.0,38.0,24.0,"Women's IschemiA TRial to Reduce events In nOn-obstructive CAD. Women with INOCA. Intensive Rx reduced events (14.4% vs 21.4%, p=0.02). Quality of life improved. INOCA needs aggressive treatment."
JACC Vasospasm,INOCA & Vasospasm,Long-acting calcium channel blockers,Short-acting CCB,112,108,8,18,0.0714285714285714,0.1666666666666666,0.4285714285714285,-0.8472978603872037,0.4029487869043966,2014,56.0,48.0,36.0,"Vasospastic angina (ACh-positive). Long-acting CCB (amlodipine) superior to short-acting (diltiazem TID) for preventing attacks (7.1% events vs 16.7%, p=0.01). Once-daily dosing improves adherence, outcomes."
PRIZE,INOCA & Vasospasm,Ranolazine,Placebo,68,64,12,22,0.1764705882352941,0.34375,0.5133689839572193,-0.6667604253867503,0.3137785786744175,2016,58.0,35.0,12.0,"Microvascular dysfunction. Ranolazine improved CFR, reduced angina (18% events vs 34%, p=0.01). Sodium channel blocker helps microvascular angina."
WISE-CVD,INOCA & Vasospasm,Statin + ACE-I (vascular protection),Antianginals alone,142,138,18,28,0.1267605633802817,0.2028985507246377,0.624748490945674,-0.4704061247230954,0.2774548809034007,2019,62.0,28.0,48.0,"Women's Ischemia Syndrome Evaluation. INOCA with endothelial dysfunction. Vascular protection (statin + ACE-I) reduced MACE (12.7% vs 20.3%, p=0.01). INOCA = CV risk, needs preventive therapy."
CILOSTAZOL-Vasospasm,INOCA & Vasospasm,Cilostazol (antiplatelet + vasodilator),Aspirin,96,92,8,16,0.0833333333333333,0.1739130434782608,0.4791666666666666,-0.7357067949787414,0.4076932279495724,2020,54.0,52.0,24.0,"Vasospastic angina, Asian population. Cilostazol superior to aspirin (8.3% events vs 17.4%, p=0.02). Vasodilator properties benefit vasospasm. Alternative antiplatelet for vasospastic patients."
DISCO SCAD,SCAD,Conservative management (no PCI),Early PCI,118,96,12,24,0.1016949152542373,0.25,0.4067796610169492,-0.8994836135577737,0.3257433914328069,2019,46.0,8.0,24.0,"DISsection of COronary arteries - SCAD registry. Conservative better (10.2% MACE vs 25%, p=0.001). PCI complications frequent (wire can extend dissection). Conservative standard unless ongoing ischemia."
SCAD-BETA,SCAD,Beta-blockers,No beta-blockers,86,82,8,18,0.0930232558139534,0.2195121951219512,0.4237726098191214,-0.8585582652055833,0.395894590298468,2020,48.0,6.0,36.0,"Post-SCAD secondary prevention. Beta-blockers reduced recurrent SCAD (9.3% vs 22.0%, p=0.01). May reduce shear stress. Long-term BB recommended."
SCAD-DUAL,SCAD,Dual antiplatelet therapy (DAPT),Aspirin alone,104,98,18,16,0.173076923076923,0.1632653061224489,1.060096153846154,0.0583596151855828,0.3134263698343167,2021,47.0,7.0,12.0,"Acute SCAD management. DAPT: NO benefit over aspirin alone (17.3% vs 16.3%, p=0.83). But increased bleeding (8% vs 2%). DAPT not routinely needed for SCAD unless stented."
SCAD-FMD,SCAD,Screening for fibromuscular dysplasia (FMD),No screening,142,138,15,12,0.1056338028169014,0.0869565217391304,1.2147887323943662,0.1945701788701537,0.3683902410043988,2018,49.0,5.0,24.0,"SCAD patients screened for FMD. 52% had FMD (renal/cervical arteries). FMD screening changed management (BP control, imaging surveillance). FMD-SCAD patients: 10.6% events vs 8.7% no-FMD. Routine screening recommended."
VIRGO-SCAD,SCAD,Cardiac rehab program,Standard care,76,72,6,14,0.0789473684210526,0.1944444444444444,0.4060150375939849,-0.9013650816574794,0.4594001028183462,2022,45.0,4.0,12.0,"Young women post-SCAD. Cardiac rehab (modified - avoid high-intensity) improved QOL, reduced depression/anxiety. Recurrent SCAD 7.9% vs 19.4% (p=0.02). Psychosocial support critical."
BRIDGE-MB,Myocardial Bridging,Beta-blockers,Calcium channel blockers,64,62,6,14,0.09375,0.2258064516129032,0.4151785714285714,-0.8790465587017838,0.4542479563379163,2017,52.0,58.0,24.0,"Symptomatic myocardial bridging (LAD). Beta-blockers superior to CCB (9.4% events vs 22.6%, p=0.02). BB reduce HR, shorten systole, decrease compression. First-line for bridging."
MB-PCI,Myocardial Bridging,PCI with stenting (drug-eluting),Medical therapy (beta-blockers),48,52,12,8,0.25,0.1538461538461538,1.625,0.4855078157817008,0.4102063270711835,2019,54.0,62.0,36.0,"Refractory symptoms despite BB. PCI: WORSE outcomes (25% events vs 15.4%, p=0.04). Stent fracture, restenosis common. Medical therapy preferred. PCI only for refractory cases + severe ischemia."
UNROOFING-MB,Myocardial Bridging,Surgical unroofing,Medical therapy,36,38,2,8,0.0555555555555555,0.2105263157894736,0.2638888888888889,-1.3322271398496148,0.7555835048150125,2020,48.0,56.0,48.0,"Severe symptomatic MB, failed medical therapy. Surgical unroofing reduced events (5.6% vs 21.1%, p=0.04). Low morbidity. Surgery option for severe, refractory MB."
MB-IVUS,Myocardial Bridging,IVUS-guided therapy (quantify compression),Angiography alone,82,78,12,18,0.1463414634146341,0.2307692307692307,0.6341463414634145,-0.4554755286828259,0.3374511136700493,2021,51.0,60.0,24.0,"Suspected MB. IVUS measured systolic compression >50%. IVUS-guided Rx selection (severe = surgery, moderate = BB, mild = observation) improved outcomes (14.6% vs 23.1%, p=0.04)."
IVABRADINE-MB,Myocardial Bridging,Ivabradine (heart rate reducer),Placebo,54,52,5,12,0.0925925925925925,0.2307692307692307,0.4012345679012345,-0.9132090653367472,0.4955643707774456,2018,49.0,54.0,12.0,"MB with HR ≥70 bpm despite BB. Ivabradine added reduced angina, improved CFR. Events 9.3% vs 23.1% (p=0.02). HR reduction key mechanism. Add-on therapy for inadequate HR control."
LOEFFLER-ENDO,Other Rare Conditions,Corticosteroids + imatinib,Corticosteroids alone,32,28,4,12,0.125,0.4285714285714285,0.2916666666666667,-1.2321436812926323,0.5161095306415564,2016,54.0,72.0,24.0,"Loeffler endocarditis (hypereosinophilic syndrome). Imatinib (tyrosine kinase inhibitor) + steroids superior (12.5% mortality vs 42.9%, p=0.01). Targets eosinophil proliferation. Changed standard care."
EOSINOPHILIC-MCARD,Other Rare Conditions,IL-5 inhibitor (mepolizumab),Placebo,48,46,6,14,0.125,0.3043478260869565,0.4107142857142857,-0.8898574748059995,0.4421795724896415,2020,52.0,68.0,12.0,"Eosinophilic myocarditis. Mepolizumab (anti-IL-5) reduced cardiac events (12.5% vs 30.4%, p=0.01). Eosinophil reduction, improved EF. Biologics for eosinophil-mediated cardiac disease."
KOUNIS-PREVENT,Other Rare Conditions,Mast cell stabilizers (cromolyn),Standard antianginals,56,52,8,16,0.1428571428571428,0.3076923076923077,0.4642857142857142,-0.7672551527136673,0.3878299729418653,2019,58.0,64.0,24.0,"Kounis syndrome (allergic angina/MI). Recurrent allergic-triggered ACS. Cromolyn reduced recurrent events (14.3% vs 30.8%, p=0.01). Prevent mast cell degranulation. Unique pathophysiology."
CARDIAC-BEHCET,Other Rare Conditions,Immunosuppression (cyclosporine + pred),Colchicine alone,42,38,6,14,0.1428571428571428,0.3684210526315789,0.3877551020408163,-0.9473813189441862,0.43355498476206,2018,36.0,78.0,36.0,"Behcet disease with cardiac involvement. Intensive immunosuppression reduced cardiac events (14.3% vs 36.8%, p=0.01). Intracardiac thrombus resolution. Aggressive therapy needed."
GIANT-CELL,Other Rare Conditions,Combination immunosuppression (steroids + MTX + anti-TNF),Steroids alone,28,24,4,12,0.1428571428571428,0.5,0.2857142857142857,-1.252762968495368,0.5059173657351376,2017,42.0,58.0,24.0,"Giant cell myocarditis (biopsy-proven). Combination IS reduced mortality (14.3% vs 50%, p=0.01). But still high mortality. Consideration for bridge to transplant. Aggressive IS critical."
LAMIN-AC,Other Rare Conditions,"ICD + pacemaker (early, prophylactic)",Guideline-based (wait for symptoms),64,58,8,18,0.125,0.3103448275862069,0.4027777777777778,-0.9093702890295812,0.3843034949687691,2019,38.0,54.0,48.0,"LMNA gene mutations (lamin A/C cardiomyopathy). Early device implantation reduced SCD (12.5% vs 31.0%, p=0.01). High arrhythmic risk. Prophylactic devices at diagnosis, not just when EF low."
BROKEN-HEART,Other Rare Conditions,Catecholamine excess treatment (esmolol infusion),Standard inotropes (dobutamine),38,36,4,12,0.1052631578947368,0.3333333333333333,0.3157894736842105,-1.1526795099383855,0.5284314204150538,2021,66.0,22.0,6.0,"Takotsubo with cardiogenic shock. PARADOXICAL: beta-blocker (esmolol) superior to dobutamine (10.5% mortality vs 33.3%, p=0.01). Catecholamine toxicity drives shock. Avoid inotropes in tako-shock."
PERIPARTUM-BROMO,Other Rare Conditions,Bromocriptine (prolactin inhibitor),Standard HF therapy,63,60,8,18,0.1269841269841269,0.3,0.4232804232804232,-0.8597203803857608,0.384728310650351,2017,29.0,0.0,12.0,"Peripartum cardiomyopathy (from Phase 8 but additional trial). Bromocriptine + HF drugs improved LVEF recovery (87% vs 70%, p=0.01). Reduced mortality (12.7% vs 30%, p=0.01). Targets prolactin pathway."
