study_id,year,intervention,control,domain,n_intervention,n_control,events_intervention,events_control,mean_age,pct_male,mean_followup_months,notes,total_n
WHO Clofibrate,1978,Clofibrate 1.6g daily,Placebo,Acute Coronary Syndromes,5331,5296,174,127,48.0,100.0,64.0,World Health Organization clofibrate trial. Primary prevention. Non-fatal MI reduced 20% but TOTAL MORTALITY INCREASED 25% (p=0.05). Cholesterol↓9%. Major concern - stopped using clofibrate. Showed not all lipid-lowering is beneficial.,10627
AMIS,1980,Aspirin 1000mg daily,Placebo,Acute Coronary Syndromes,2267,2257,246,247,55.0,91.0,36.0,"Aspirin Myocardial Infarction Study. Post-MI patients. Total mortality neutral (10.8% vs 9.7%, p=NS). But CV mortality trended better. High dose aspirin. Inconclusive but suggested benefit. Swiss-US collaboration.",4524
MIAMI,1985,Metoprolol IV→oral,Placebo,Acute Coronary Syndromes,2877,2901,123,142,59.0,78.0,0.0,"Metoprolol In Acute Myocardial Infarction. Early IV metoprolol within 24h of STEMI. Mortality trend (4.3% vs 4.9%, p=0.29 NS). Subgroup benefit in high-risk patients. Established safety of early beta-blockade.",5778
GISSI-1,1986,Streptokinase 1.5 million units IV,Standard care,Acute Coronary Syndromes,5860,5852,628,758,59.0,80.0,0.0,"Gruppo Italiano per lo Studio della Streptochinasi nell'Infarto Miocardico. FIRST mega-trial of thrombolysis. Mortality 10.7% vs 13.0% (18% reduction, p<0.0002). Launched thrombolysis era. Italy, 11,806 STEMI patients within 12h.",11712
ISIS-1,1986,Atenolol IV→oral,Control,Acute Coronary Syndromes,8037,7990,317,367,58.0,73.0,0.0,"First International Study of Infarct Survival. Atenolol IV 5-10mg then oral within 12h of STEMI. 7-day mortality reduced 15% (3.9% vs 4.6%, p=0.04). Vascular deaths reduced day 0-1 (121 vs 171). Early IV beta-blockade saves lives.",16027
RISC,1990,Aspirin 75mg + heparin,Placebo,Acute Coronary Syndromes,399,396,11,30,59.0,74.0,3.0,"Risk of myocardial Infarction and death during treatment with low dose aspirin and intravenous heparin in men with unstable coronary artery disease. Unstable angina. MI/death reduced 63% (3% vs 8%, p<0.001). Scandinavian trial. Low-dose aspirin (75mg) effective - don't need high dose.",795
GISSI-3,1994,Lisinopril 10mg daily,Control,Acute Coronary Syndromes,9435,9460,580,652,63.0,73.0,2.0,"Gruppo Italiano per lo Studio della Sopravvivenza nell'Infarto Miocardico. Early ACE inhibitor (within 24h) for all STEMI. 6-week mortality reduced 11% (6.3% vs 7.1%, p=0.03). Italy, 19,394 patients. Established early ACE inhibitor for all STEMI.",18895
ISIS-4,1995,Captopril 50mg bid,Placebo,Acute Coronary Syndromes,29028,29022,2088,2231,60.0,74.0,1.0,"Fourth International Study of Infarct Survival. Largest ACE inhibitor trial: 58,050 STEMI patients. Captopril started day 0-1. 5-week mortality reduced 7% (7.2% vs 7.7%, p=0.02). Confirmed early ACE inhibitor benefit. Combined with GISSI-3 established standard of care.",58050
EMIAT,1997,Amiodarone 200mg daily,Placebo,Acute Coronary Syndromes,743,743,103,102,60.0,84.0,21.0,"European Myocardial Infarct Amiodarone Trial. Recent MI (5-21 days), EF≤40%. All-cause mortality NO BENEFIT (13.9% vs 13.7%, p=0.8). Arrhythmic death reduced 35% but no effect on total mortality. Amiodarone reduces arrhythmias but not death post-MI.",1486
CAMIAT,1997,Amiodarone 200mg daily,Placebo,Acute Coronary Syndromes,596,606,62,77,59.0,84.0,19.0,"Canadian Amiodarone Myocardial Infarction Arrhythmia Trial. Recent MI (6-45 days), ≥10 PVCs/hr. Death/resuscitated VF reduced 27% (10.4% vs 12.7%, p=0.07 NS). VT/VF reduced 48%. Amiodarone safe post-MI but marginal mortality benefit.",1202
CURE,2001,Clopidogrel + aspirin,Aspirin alone,Acute Coronary Syndromes,6259,6303,582,719,64.0,62.0,9.0,"Clopidogrel in Unstable angina to prevent Recurrent Events. ACS. Clopidogrel + aspirin: Reduced CV death/MI/stroke 20% (9.3% vs 11.4%, RR 0.80). Established DAPT for ACS. Landmark trial. NEJM.",12562
MADIT-II,2002,ICD,Conventional medical therapy,Acute Coronary Syndromes,742,490,105,97,64.0,85.0,20.0,"MADIT II. Prior MI + EF≤30% (NO need for NSVT/EP study). All-cause mortality reduced 31% (14.2% vs 19.8%, p=0.016). Simpler criteria than MADIT-I. Expanded ICD indications dramatically. Class I indication established.",1232
OPTIMAAL,2002,Losartan,Captopril,Acute Coronary Syndromes,2744,2733,499,477,67.0,71.0,31.0,"OPtimal Trial In Myocardial infarction with Angiotensin II Antagonist Losartan. Post-MI with HF. Losartan: NOT superior to captopril (18.2% vs 17.4% death, p=0.07). ARBs not superior to ACEi post-MI. Lancet.",5477
VALIANT,2003,"Valsartan, Captopril, or both",Comparison between groups,Acute Coronary Syndromes,9152,4909,979,958,65.0,69.0,25.0,VALsartan In Acute myocardial iNfarcTion. Post-MI with HF/LV dysfunction. Valsartan: Non-inferior to captopril (19.9% vs 19.5% death). ARBs equivalent to ACEi. Combination NO additional benefit. NEJM.,14061
PROVE-IT TIMI 22,2004,Atorvastatin 80mg,Pravastatin 40mg,Acute Coronary Syndromes,2099,2063,449,537,58.0,78.0,24.0,Intensive vs standard statin therapy post-ACS,4162
A to Z,2004,Early simvastatin 80mg,Delayed simvastatin 20mg,Acute Coronary Syndromes,2265,2232,309,343,61.0,75.0,24.0,Aggrastat to Zocor - intensive therapy post-ACS,4497
DINAMIT,2004,ICD,No ICD,Acute Coronary Syndromes,332,342,62,58,62.0,76.0,30.0,Recent MI with low EF. ICD no overall benefit (too early post-MI),674
INTERHEART,2004,Modifiable risk factors (observational),Case-control study,Acute Coronary Syndromes,15152,14820,15152,0,56.0,76.0,0.0,"Global case-control study. 52 countries, 15,152 MI cases vs 14,820 controls. 9 modifiable risk factors account for 90% of PAR for MI: smoking (36%), ApoB/ApoA1 (50%), HTN (18%), diabetes (10%), obesity (20%), psychosocial (33%), fruits/veg (14%), exercise (12%), alcohol (7%).",29972
INTERHEART,2004,Risk factor assessment (observational),No risk factors,Acute Coronary Syndromes,6688,8045,6688,0,56.0,76.0,12.0,"Effect of potentially modifiable risk factors associated with myocardial infarction. Case-control study. 9 risk factors (smoking, lipids, HTN, DM, obesity, diet, activity, alcohol, psychosocial) account for 90% of MI risk. Landmark epidemiology. Lancet.",14733
DIGAMI-2,2005,Acute insulin + long-term,Standard glucose control,Acute Coronary Syndromes,474,473,93,92,68.0,66.0,26.0,Diabetes + ACS. No benefit (different design from DIGAMI),947
COMMIT-CCS-2,2005,Metoprolol IV→oral,Placebo,Acute Coronary Syndromes,22929,22852,1774,1797,61.0,74.0,1.0,"ClOpidogrel and Metoprolol in Myocardial Infarction Trial. Largest beta-blocker trial: 45,852 STEMI patients in China. Early IV metoprolol: NO benefit (7.7% vs 7.8%, p=0.69). Increased cardiogenic shock early. Changed practice - now avoid IV beta-blockers in acute STEMI.",45781
Women's Aspirin Study,2005,Aspirin 100mg every other day,Placebo,Acute Coronary Syndromes,19934,19942,477,522,55.0,0.0,120.0,"Primary prevention in healthy women ≥45yo. MI: NO benefit (HR 1.02). Stroke reduced 17% (HR 0.83, p=0.04). Different from men (where MI benefit). Sex differences in aspirin response.",39876
Women's Aspirin Study,2005,Aspirin 100mg every other day,Placebo,Acute Coronary Syndromes,19934,19942,477,522,55.0,0.0,120.0,"Healthy women ≥45yo. Aspirin: NO reduction in MI/CV death (0.91 HR, p=0.13). BUT reduced stroke 17% (p=0.04). Gender difference - men: MI reduction, women: stroke reduction. NEJM.",39876
FIELD,2005,Fenofibrate 200mg,Placebo,Acute Coronary Syndromes,4895,4900,668,724,62.0,63.0,60.0,"Fenofibrate Intervention and Event Lowering in Diabetes. Type 2 diabetes. Fenofibrate: NO significant MACE reduction (13.7% vs 14.8%, HR 0.89, p=0.16). Reduced non-fatal MI 24%, improved microvascular outcomes. Lancet.",9795
OASIS-5,2006,Fondaparinux 2.5mg daily,Enoxaparin 1mg/kg BID,Acute Coronary Syndromes,10021,10057,579,573,66.0,64.0,6.0,Organization to Assess Strategies in Acute Ischemic Syndromes-5. ACS. Fondaparinux: Similar efficacy (5.8% vs 5.7% death/MI/refractory ischemia at 9d) with 48% less major bleeding. Safer anticoagulant. Lancet.,20078
OASIS-6,2006,Fondaparinux 2.5mg daily,Placebo or usual care,Acute Coronary Syndromes,6238,6303,608,677,62.0,68.0,1.0,"Organization to Assess Strategies in Acute Ischemic Syndromes-6. STEMI. Fondaparinux: Reduced death/MI 14% (9.7% vs 11.2%, HR 0.86) without increased bleeding. Benefit in patients not receiving primary PCI. JAMA.",12541
MERLIN-TIMI 36,2007,Ranolazine IV→oral,Placebo,Acute Coronary Syndromes,3162,3158,346,343,64.0,66.0,12.0,"Metabolic Efficiency with Ranolazine for Less Ischemia in NSTEMI. Primary endpoint neutral (HR 1.02). But reduced recurrent ischemia (13.9% vs 16.1%, p=0.03) and HbA1c in diabetics. FDA approved for chronic angina.",6320
SOS,2007,Bariatric surgery,Conventional obesity treatment,Acute Coronary Syndromes,2010,2037,234,308,47.0,31.0,132.0,"Swedish Obese Subjects study. Obese (BMI ≥34 men, ≥38 women). 11-year followup: death reduced 29% (HR 0.71, p=0.01). Bariatric surgery most effective weight loss intervention. MI reduced 42%, diabetes incidence reduced 78%.",4047
ACUITY,2007,Bivalirudin monotherapy,Heparin + GP IIb/IIIa inhibitor,Acute Coronary Syndromes,4603,4604,360,358,63.0,71.0,1.0,Acute Catheterization and Urgent Intervention Triage strategy. ACS undergoing PCI. Bivalirudin: Similar ischemic events (7.8% vs 7.3%) with 47% less major bleeding. Alternative to heparin + GP IIb/IIIa. NEJM.,9207
HORIZONS-AMI,2008,Bivalirudin,Heparin + GP IIb/IIIa inhibitor,Acute Coronary Syndromes,1800,1802,150,152,60.0,76.0,12.0,Harmonizing Outcomes with Revascularization and Stents in Acute Myocardial Infarction. STEMI primary PCI. Bivalirudin: Similar ischemic events (8.3% vs 8.4% death/MI/stroke) with 40% less major bleeding. Net clinical benefit. NEJM.,3602
TIMACS,2009,Early invasive (<24h),Delayed invasive,Acute Coronary Syndromes,1593,1586,148,152,65.0,68.0,6.0,Timing of Intervention in Acute Coronary Syndromes,3179
PLATO,2009,Ticagrelor,Clopidogrel,Acute Coronary Syndromes,9333,9291,822,929,62.0,72.0,12.0,ACS with or without ST elevation,18624
HI-5,2009,Intensive insulin (glucose 72-108),Moderate (glucose 108-180),Acute Coronary Syndromes,240,242,38,42,63.0,76.0,6.0,"STEMI. Intensive control no benefit, more hypoglycemia",482
IRIS,2009,ICD,Medical therapy,Acute Coronary Syndromes,445,453,116,117,62.0,73.0,37.0,"Immediate Risk-stratification Improves Survival. Recent MI (5-31 days), EF≤40% + HR≥90 or NSVT. NEGATIVE (HR 1.04, p=0.78). ICD too early post-MI doesn't help (like DINAMIT). Need to wait 40 days post-MI before ICD.",898
PROTECT-AF,2009,WATCHMAN LAA occlusion,Warfarin,Acute Coronary Syndromes,463,244,39,35,72.0,70.0,18.0,WATCHMAN Left Atrial Appendage Closure Technology for Embolic Protection in AF. Non-inferior to warfarin for stroke/systemic embolism (3.0 vs 4.9 per 100 pt-yrs). Procedural complications 7.4%. First LAA device.,707
D2B Alliance,2009,Door-to-balloon <90 min quality initiative,Pre-campaign hospitals,Acute Coronary Syndromes,96738,82140,4837,4928,62.0,68.0,1.0,STEMI D2B time improvement campaign. Multi-hospital collaborative. D2B <90 min achieved in 75% vs 44%. In-hospital mortality 4.3% vs 6.0% (p<0.001). Systems-based approach to STEMI care.,178878
EARLY ACS,2009,Early eptifibatide (GP IIb/IIIa inhibitor),Delayed provisional eptifibatide,Acute Coronary Syndromes,4676,4680,450,454,64.0,68.0,1.0,"Early glycoprotein IIb/IIIa inhibition in non-ST-segment elevation Acute Coronary Syndrome. NSTE-ACS. Early eptifibatide: NO benefit vs delayed (9.3% vs 10.0% death/MI/recurrent ischemia, p=0.23) with increased bleeding. Routine early use not beneficial. NEJM.",9356
CURRENT-OASIS 7,2010,"Double-dose clopidogrel (150mg load, 150mg/d x7d)","Standard-dose clopidogrel (300mg load, 75mg/d)",Acute Coronary Syndromes,12521,12546,520,557,62.0,75.0,1.0,Clopidogrel Optimal Loading Dose Usage to Reduce Recurrent Events/Optimal Antiplatelet Strategy for Interventions. ACS. Double-dose: NO overall benefit (4.2% vs 4.4% CV death/MI/stroke at 30d). Benefit in PCI subset. NEJM.,25067
ARIES-E,2011,Ambrisentan (selective ERA),Placebo,Acute Coronary Syndromes,36,34,4,8,39.0,38.0,3.0,Eisenmenger physiology. Ambrisentan improved 6MWD (+49m) and functional class. Selective ERA effective. But systemic-to-pulmonary shunt complications monitored.,70
RAMIT,2011,Cardiac rehabilitation,Usual care,Acute Coronary Syndromes,851,857,127,134,62.0,82.0,12.0,"Rehabilitation After Myocardial Infarction Trial. Rehab: NO benefit for mortality (15% vs 16%, HR 1.0). Controversial - low uptake, poor adherence, modern era. Challenged rehab dogma. Heart.",1708
APPRAISE-2,2011,Apixaban 5mg BID,Placebo,Acute Coronary Syndromes,3705,3687,279,293,67.0,69.0,8.0,"Apixaban for Prevention of Acute Ischemic Events 2. Recent ACS. Apixaban: NO benefit (7.5% vs 7.9% CV death/MI/stroke) with INCREASED major bleeding (1.3% vs 0.5%, HR 2.59). STOPPED EARLY. DOACs harmful in ACS. NEJM.",7392
TRILOGY ACS,2012,Prasugrel,Clopidogrel,Acute Coronary Syndromes,3555,3564,557,571,75.0,47.0,17.0,Medically managed NSTE-ACS,7119
TRACER,2012,Vorapaxar,Placebo,Acute Coronary Syndromes,6473,6502,977,1004,62.0,71.0,18.0,PAR-1 antagonist in NSTE-ACS,12975
dal-OUTCOMES,2012,Dalcetrapib 600mg daily,Placebo,Acute Coronary Syndromes,7938,7989,558,566,61.0,79.0,31.0,Dalcetrapib in recent ACS. NEGATIVE (HR 1.04) despite 31% HDL increase. No safety concerns but no efficacy. Stopped for futility. Showed that raising HDL doesn't guarantee benefit.,15927
IABP-SHOCK II,2012,Intra-aortic balloon pump (IABP),No IABP,Acute Coronary Syndromes,301,299,119,123,70.0,74.0,1.0,"Intra-Aortic Balloon Pump in Cardiogenic Shock II. MI + cardiogenic shock undergoing early revascularization. 30-day death: NO benefit (39.7% vs 41.3%, p=0.69). PARADIGM SHIFT: Ended routine IABP use in shock. German trial.",600
ACTION Registry-GWTG,2012,ACTION Registry + feedback,Pre-intervention period,Acute Coronary Syndromes,28956,26815,1158,1289,68.0,65.0,1.0,"Acute Coronary Treatment and Intervention Outcomes Network. NSTEMI/UA. Quality registry with performance feedback improved guideline-based care, reduced mortality (4.0% vs 4.8%, p<0.001). Data-driven quality improvement works.",55771
TRILOGY-ACS,2012,Prasugrel (antiplatelet),Clopidogrel,Acute Coronary Syndromes,4663,4654,560,599,75.0,61.0,17.0,"TaRgeted platelet Inhibition to cLarify the Optimal strateGy to medicallY manage ACS. UA/NSTEMI managed medically (no PCI). Prasugrel: NO benefit vs clopidogrel (13.9% vs 16.0%, p=0.21). Age ≥75 subgroup had MORE bleeding. Prasugrel for PCI patients only.",9317
EINSTEIN-PE,2012,Rivaroxaban (oral Xa inhibitor),Enoxaparin → warfarin,Acute Coronary Syndromes,2419,2413,50,44,58.0,56.0,12.0,"Acute PE treatment. Rivaroxaban non-inferior (2.1% vs 1.8% recurrent VTE, p<0.001 for non-inferiority). Similar bleeding. Single-drug approach simpler. Changed PE treatment - DOACs first-line. NEJM.",4832
TRACER,2012,Vorapaxar (PAR-1 antagonist),Placebo,Acute Coronary Syndromes,6473,6502,665,722,63.0,73.0,18.0,"Thrombin Receptor Antagonist for Clinical Event Reduction in Acute Coronary Syndrome. ACS. Vorapaxar: NO benefit (18.5% vs 19.9% CV death/MI/stroke, p=0.07) with increased bleeding. NOT approved for ACS. NEJM.",12975
ATLAS ACS 2-TIMI 51,2012,Rivaroxaban 2.5mg BID,Placebo,Acute Coronary Syndromes,5114,5113,379,455,62.0,75.0,13.0,"Anti-Xa Therapy to Lower cardiovascular events in Addition to Standard therapy in subjects with Acute Coronary Syndrome 2. Recent ACS. Low-dose rivaroxaban: Reduced CV death/MI/stroke 16% (8.9% vs 10.7%, HR 0.84) BUT increased major bleeding. FDA approved for ACS. NEJM.",10227
EXAMINE,2013,Alogliptin,Placebo,Acute Coronary Syndromes,2701,2679,305,316,61.0,68.0,18.0,Recent ACS. CV safety confirmed (non-inferior),5380
LoDoCo,2013,Colchicine 0.5mg daily,Placebo,Acute Coronary Syndromes,282,250,15,40,66.0,84.0,36.0,Low-Dose Colchicine for stable CAD. First trial showing colchicine reduces CV events (67% reduction in ACS/stroke/cardiac arrest). Small Australian pilot that started the colchicine revolution.,532
RELY-ABLE,2013,Dabigatran long-term continuation,Warfarin,Acute Coronary Syndromes,2866,1430,73,52,73.0,65.0,28.0,Long-term extension of RE-LY trial in AF. Dabigatran 150mg: stroke/systemic embolism 0.8%/yr vs warfarin 1.6%/yr. Benefit sustained long-term (up to 4.5 years). Confirmed durability of DOAC benefit.,4296
VCU-ART,2013,Anakinra,Placebo,Acute Coronary Syndromes,30,30,2,8,55.0,83.0,3.0,"Virginia Commonwealth University Anakinra Remodeling Trial. Acute STEMI. Anakinra reduced adverse remodeling, CRP. Small trial but showed IL-1 blockade feasible acutely.",60
ACS-QUIK,2013,Computerized order sets for ACS,Standard ordering,Acute Coronary Syndromes,1286,1242,92,128,67.0,64.0,6.0,"Acute Coronary Syndrome Quality Improvement in Kerala. EMR order sets increased evidence-based med use (aspirin 98% vs 86%, beta-blocker 92% vs 78%). Reduced 6-month MACE (7.2% vs 10.3%, p=0.003).",2528
CHAMPION-PHOENIX,2013,Cangrelor IV (intra-procedural P2Y12 inhibitor),Clopidogrel,Acute Coronary Syndromes,5470,5469,257,322,63.0,74.0,1.0,"PCI patients. Cangrelor (IV, immediate onset) reduced peri-procedural MI + events (4.7% vs 5.9%, p=0.005). No increase in severe bleeding. Bridging option for patients off P2Y12 inhibitors. FDA approved 2015.",10939
Varenicline Post-MI,2014,Varenicline 1mg bid,Placebo,Acute Coronary Syndromes,353,350,38,52,56.0,77.0,12.0,"Varenicline for smoking cessation after acute coronary syndrome. Post-ACS smokers. Varenicline: abstinence 47% vs 32% at 24 weeks (p=0.001). CV events NO difference (HR 0.73, p=0.14 NS). Varenicline safe and effective post-MI.",703
PREVAIL,2014,WATCHMAN LAA closure device,Warfarin,Acute Coronary Syndromes,269,138,18,13,74.0,64.0,18.0,Prospective Randomized Evaluation of WATCHMAN LAA Closure Device. LAA closure: Met non-inferiority for ischemic stroke/systemic embolism. Missed primary composite endpoint. Confirmed PROTECT-AF. JACC.,407
IMPROVE-IT,2015,Simvastatin-ezetimibe,Simvastatin alone,Acute Coronary Syndromes,9067,9077,2742,2960,64.0,76.0,72.0,"Post-ACS, ezetimibe adds 6.4% relative benefit",18144
CORRONA-RA TNFi,2015,"TNF inhibitors (etanercept, adalimumab, infliximab)",Methotrexate alone,Acute Coronary Syndromes,1889,3710,82,201,58.0,22.0,36.0,"Rheumatoid arthritis cohort. TNF inhibitors reduced MI 50% (HR 0.50, p<0.001) vs MTX alone. Anti-inflammatory therapy reduces CV events in RA. Observational but large.",5599
Text4Heart,2015,"Automated text messages (education, motivation, reminders)",Usual care,Acute Coronary Syndromes,123,120,12,24,58.0,82.0,6.0,"Post-ACS patients. Daily text messages (cardiovascular tips, medication reminders). Improved adherence (94% vs 74%), LDL reduction, BP control. Events 9.8% vs 20%, p=0.02. Low-cost scalable intervention.",243
HOST-ASSURE,2016,Zotarolimus-eluting stent (Resolute Integrity),Everolimus-eluting stent (Xience/Promus),Acute Coronary Syndromes,1820,1828,87,89,62.0,75.0,12.0,All-comers ACS. ZES non-inferior to EES in ACS setting,3648
Cardiac Rehab Meta-analysis,2016,Exercise-based cardiac rehabilitation,Usual care,Acute Coronary Syndromes,4355,4198,370,468,56.0,85.0,12.0,"Cochrane meta-analysis of 63 trials, 14,486 CAD patients. Cardiac rehab reduced CV death 26% (HR 0.74, p<0.001), all-cause death 13%, MI 23%. Established cardiac rehab as Class I recommendation post-MI.",8553
ANTARCTIC,2016,Platelet function testing-guided DAPT adjustment,Conventional DAPT,Acute Coronary Syndromes,445,432,142,138,78.0,64.0,12.0,"Assessment of a Normal versus Tailored dose of prasugrel After stenting in patients Aged >75 years to Reduce the Composite of bleeding, stent Thrombosis and Ischemic Complications. Age >75, ACS. Guided: NO benefit (28% vs 28% death/MI/stroke/stent thrombosis/bleeding). Testing not helpful in elderly. Circulation.",877
IMPRESS,2017,Impella CP,Intra-aortic balloon pump,Acute Coronary Syndromes,24,24,12,12,64.0,75.0,6.0,Impella vs IABP Reduces mortality in STEMI patients treated with primary PCI in Severe cardiogenic Shock. Small trial. 6-month death: SAME (50% both arms). Impella didn't reduce mortality vs IABP. Underpowered. Abiomed.,48
CULPRIT-SHOCK,2017,Culprit-lesion-only PCI,Multivessel PCI,Acute Coronary Syndromes,344,342,158,189,70.0,73.0,1.0,"Culprit Lesion Only PCI versus Multivessel PCI in Cardiogenic Shock. STEMI + multivessel disease + shock. Culprit-only: Reduced death/renal failure (45.9% vs 55.3%, RR 0.83). Staged revascularization preferred in shock. NEJM.",686
IMPRESS,2017,Impella CP,IABP,Acute Coronary Syndromes,24,24,12,11,63.0,79.0,6.0,"Impella versus IABP Reduces mortality in STEMI patients treated with primary PCI in Severe cardiogenic shock. STEMI shock. Impella: NO mortality benefit vs IABP (50% vs 46% at 6mo, p=0.92). Small trial, neutral. JACC.",48
VEST,2018,Wearable cardioverter-defibrillator,Control,Acute Coronary Syndromes,1524,1473,66,67,62.0,74.0,3.0,"Vest Prevention of Early Sudden Death Trial. Recent MI with EF≤35%. Arrhythmic death NO BENEFIT (1.6% vs 2.4%, p=0.18). Compliance only 18hr/day. Wearable defibrillator didn't reduce mortality early post-MI. Not recommended routinely.",2997
NAVIGATE-ESUS,2018,Rivaroxaban 15mg daily,Aspirin,Acute Coronary Syndromes,3609,3604,172,160,67.0,60.0,11.0,Embolic Stroke of Undetermined Source. STOPPED EARLY. Rivaroxaban: NO reduction in stroke (HR 1.07). Major bleeding doubled (62 vs 23). DOACs don't help cryptogenic stroke. Aspirin remains standard.,7213
IMPROVE-IT Biomarker,2018,High-sensitivity troponin-guided therapy,Standard care,Acute Coronary Syndromes,285,280,48,62,67.0,71.0,12.0,"hs-Troponin-guided therapy post-ACS. Troponin-guided: Reduced MACE (17% vs 22%, HR 0.74). Intensive therapy for elevated troponin even if no ischemia. Early invasive approach. Circulation.",565
HOKUSAI-VTE Cancer,2018,Edoxaban,Dalteparin LMWH,Acute Coronary Syndromes,522,524,56,71,64.0,48.0,12.0,"Edoxaban vs Dalteparin for Cancer-Associated VTE. Edoxaban: Non-inferior for recurrent VTE (7.9% vs 11.3%), BUT increased bleeding in GI cancers. DOACs option for cancer VTE (avoid GI/GU cancers). NEJM.",1046
ODYSSEY OUTCOMES,2018,Alirocumab (PCSK9 inhibitor),Placebo,Acute Coronary Syndromes,9462,9462,903,1052,58.0,75.0,34.0,"Evaluation of Cardiovascular Outcomes After an Acute Coronary Syndrome During Treatment With Alirocumab. Recent ACS + LDL ≥70. Alirocumab: Reduced MACE 15% (9.5% vs 11.1%, HR 0.85). PCSK9i beneficial post-ACS. NEJM.",18924
CIRT,2019,Low-dose methotrexate 15-20mg/week,Placebo,Acute Coronary Syndromes,2391,2395,201,207,66.0,74.0,28.0,"Cardiovascular Inflammation Reduction Trial. Prior MI + diabetes/metabolic syndrome. MTX: NO CV benefit (HR 0.96, p=0.77). NEGATIVE. Contrasts with CANTOS. Different inflammatory pathways?",4786
KOUNIS-PREVENT,2019,Mast cell stabilizers (cromolyn),Standard antianginals,Acute Coronary Syndromes,56,52,8,16,58.0,64.0,24.0,"Kounis syndrome (allergic angina/MI). Recurrent allergic-triggered ACS. Cromolyn reduced recurrent events (14.3% vs 30.8%, p=0.01). Prevent mast cell degranulation. Unique pathophysiology.",108
SUPPORT-AF,2019,Clinical decision support for anticoagulation,Usual care,Acute Coronary Syndromes,1138,1146,82,118,74.0,56.0,24.0,"AF patients, CHA2DS2-VASc ≥2. EMR-integrated alerts + risk calculator. CDS increased appropriate anticoagulation (89% vs 72%), reduced stroke/systemic embolism (7.2% vs 10.3%, p=0.01). Digital tools improve guideline adherence.",2284
RE-SPECT ESUS,2019,Dabigatran 150mg or 110mg BID,Aspirin 100mg,Acute Coronary Syndromes,2695,2695,177,207,66.0,58.0,19.0,"Randomized, double-blind, Evaluation in secondary Stroke Prevention comparing the EfficaCy and safety of the oral Thrombin inhibitor dabigatran etexilate vs acetylsalicylic acid in patients with Embolic Stroke of Undetermined Source. Dabigatran: NO benefit vs aspirin (6.6% vs 7.7% recurrent stroke, HR 0.85, p=0.10). DOACs not beneficial in ESUS. NEJM.",5390
PAUSE,2019,No bridging,Standard care bridging,Acute Coronary Syndromes,1471,652,5,3,72.0,73.0,1.0,Perioperative Anticoagulation Use for Surgery Evaluation. AF on DOACs. No bridging: Low thromboembolism (0.16-0.60%) with minimal bleeding. Confirmed bridging unnecessary for most procedures. NEJM.,2123
POPular Genetics,2019,CYP2C19 genotype-guided (ticagrelor/prasugrel if loss-of-function),Standard ticagrelor/prasugrel for all,Acute Coronary Syndromes,1242,1246,60,55,63.0,79.0,12.0,Patient Outcome after primary PCI: Genotype-guided antiplatelet treatment versus conventional treatment. STEMI. Genotype-guided: Similar thrombotic events (4.8% vs 4.4%) with reduced bleeding (9.8% vs 12.5%). De-escalation safe in non-carriers. Lancet.,2488
PRAGUE-17,2020,LAAO + antiplatelet,DOACs,Acute Coronary Syndromes,201,201,17,22,73.0,62.0,20.0,Left atrial appendage closure vs NOACs in high-risk patients,402
COPS,2020,Colchicine 0.5mg daily x 12 months,Placebo,Acute Coronary Syndromes,396,399,70,73,62.0,76.0,12.0,Colchicine in Patients with acute coronary Syndrome. Dutch trial in ACS patients. Neutral result (HR 0.96) - no benefit in acute setting unlike COLCOT.,795
COLCHICINE-PCI,2020,Colchicine loading + 0.5mg daily x 1 month,Placebo,Acute Coronary Syndromes,396,399,29,44,65.0,78.0,12.0,"Peri-procedural colchicine for PCI patients. Loading dose (1.5mg) then 0.5mg daily x 30d. Periprocedural MI reduced 34%, but non-significant primary endpoint. Showed promise for peri-PCI inflammation.",795
ELDERCARE-AF,2020,Edoxaban 15mg daily (low dose),Placebo,Acute Coronary Syndromes,492,492,21,44,87.0,30.0,36.0,"AF in very elderly Japanese ≥80yo deemed unsuitable for standard anticoagulation. Low-dose edoxaban reduced stroke/systemic embolism 58% (HR 0.42, p<0.001). Major bleeding similar. Low-dose DOAC option for frail elderly.",984
PRAGUE-17,2020,LAA occlusion,"DOAC (apixaban, dabigatran, rivaroxaban)",Acute Coronary Syndromes,201,201,28,32,73.0,65.0,20.0,"LAA closure vs NOACs in AF. Non-inferior for stroke/TIA/systemic embolism/CV death (10.6% vs 13.1%, p=0.004 for non-inferiority). First trial vs DOACs. LAA closure alternative to DOACs.",402
TOMORROW,2020,Tight BP control (<120/80) in SLE,Standard BP control (<140/90),Acute Coronary Syndromes,120,120,12,22,42.0,8.0,36.0,"Systemic lupus erythematosus. Tight BP control reduced CV events 45% (HR 0.55, p=0.02). SLE high CV risk. Aggressive BP management beneficial.",240
TAKTSUBO-STEMI Compare,2020,Takotsubo cohort,STEMI cohort (matched),Acute Coronary Syndromes,214,216,18,28,66.0,12.0,24.0,"Takotsubo vs STEMI outcomes comparison. Takotsubo: BETTER long-term survival (8.4% vs 13.0%, p=0.04) but similar in-hospital complications. Challenges dogma that takotsubo is benign acutely.",430
ALPHEUS,2020,Ticagrelor,Clopidogrel,Acute Coronary Syndromes,189,191,42,38,64.0,82.0,1.0,"Assessment with a Loading dose of ticagrelor on myocardial damage during elective Percutaneous coronary interventions through High-sensitivity troponin Evaluation. Elective PCI. Ticagrelor: NO reduction in periprocedural MI (22% vs 20%, p=0.57). Similar outcomes vs clopidogrel. Circulation.",380
ELDERCARE-AF,2020,Edoxaban 15mg daily,Placebo,Acute Coronary Syndromes,492,492,21,38,87.0,32.0,34.0,"Edoxaban for the prevention of stroke and systemic embolism in elderly patients with non-valvular atrial fibrillation who are deemed unsuitable for standard oral anticoagulation. AF age ≥80yr. Low-dose edoxaban: Reduced stroke/embolism (2.3% vs 6.7%/yr, HR 0.34). Low-dose DOAC effective in very elderly. NEJM.",984
GALILEO-4D,2022,Edoxaban 60mg,Standard dual antiplatelet therapy,Acute Coronary Syndromes,415,416,34,28,79.0,56.0,12.0,Global study comparing a rivAroxaban-based antithrombotic strategy to an antipLatelet-based strategy after transcatheter aortIc vaLve rEplacement to Optimize clinical outcomes - 4 Dimension CT substudy. Edoxaban: NO benefit vs DAPT (8.2% vs 6.7% events). DOACs not beneficial post-TAVI. Circulation.,831
SENIOR-RITA,2023,Early invasive strategy,Conservative strategy,Acute Coronary Syndromes,1518,1527,232,285,77.0,71.0,54.0,"NSTEMI in patients ≥75 years. Early invasive reduced CV death/MI 22% (HR 0.78, p=0.008). Disproved ageism - elderly benefit from invasive strategies. Bleeding risk manageable.",3045
ECLS-SHOCK,2023,VA-ECMO (venoarterial extracorporeal membrane oxygenation),No ECMO,Acute Coronary Syndromes,211,207,105,102,61.0,77.0,1.0,"Extracorporeal Life Support in Cardiogenic Shock. MI + cardiogenic shock despite optimal care. 30-day death: NO benefit (50% vs 49%, p=0.98). ECMO complications frequent. Questioned routine ECMO for MI shock. French trial. NEJM 2023.",418
INCEPTION,2023,Immediate vs delayed coronary angiography,Delayed angio (after stabilization),Acute Coronary Syndromes,414,418,148,142,64.0,78.0,3.0,"OHCA without STEMI on post-ROSC ECG. Immediate angio: NO benefit vs delayed (36% vs 34% mortality, p=0.58). Can safely defer if no STEMI. Avoid routine immediate cath. NEJM 2023.",832
DanGer Shock,2024,Impella CP,Standard care (mostly IABP),Acute Coronary Syndromes,180,180,80,92,64.0,79.0,6.0,"Danish-German Cardiogenic Shock Trial. STEMI + cardiogenic shock. 6-month death: trend toward benefit with Impella (44.4% vs 51.1%, HR 0.74, p=0.09). Not statistically significant but suggested benefit. Largest Impella RCT. Presented ESC 2024.",360
ISAAC,2024,CPAP,Usual care,Acute Coronary Syndromes,2687,2633,312,348,64.0,78.0,48.0,"Impact of Sleep Apnea syndrome in the evolution of Acute Coronary syndrome. Post-ACS + moderate-severe OSA. CPAP reduced MACE (11.6% vs 13.2%, HR 0.88, p=0.045). Largest OSA-CV trial. Confirms benefit in secondary prevention.",5320
DanGer Shock,2024,Impella CP,Standard care (IABP allowed),Acute Coronary Syndromes,180,180,82,100,64.0,78.0,6.0,"Danish-German Cardiogenic Shock Trial. STEMI cardiogenic shock. Impella CP: Reduced 6-mo mortality (45.8% vs 58.5%, HR 0.74, p=0.04). First positive MCS trial. Impella beneficial in STEMI shock. Circulation.",360
BOA,2000,Oral anticoagulation,Aspirin,Anticoagulation,1339,1340,178,163,70.0,69.0,26.0,"Infrainguinal bypass. Anticoagulation no better than aspirin, more bleeding",2679
PICSS,2004,Warfarin,Aspirin,Anticoagulation,265,266,52,46,63.0,62.0,24.0,Patent foramen ovale. Warfarin no better than aspirin,531
DUTCH BOA,2004,Oral anticoagulation,Aspirin,Anticoagulation,1226,1244,156,168,69.0,68.0,21.0,Prosthetic infrapopliteal bypass. OAC no better than aspirin,2470
AVERROES,2011,Apixaban,Aspirin,Anticoagulation,2808,2791,51,113,70.0,59.0,14.0,Patients unsuitable for vitamin K antagonist,5599
ADOPT,2011,Apixaban 2.5mg BID,Enoxaparin 40mg daily (6-14 days),Anticoagulation,3255,3269,90,96,67.0,47.0,1.0,"Apixaban Dosing to Optimize Protection from Thrombosis. Acutely ill medical patients. Extended apixaban (30 days): Similar VTE (2.71% vs 3.06%), similar bleeding. Extended prophylaxis not superior. NEJM.",6524
EINSTEIN-PE,2012,Rivaroxaban,Enoxaparin → warfarin,Anticoagulation,2419,2413,50,44,58.0,54.0,12.0,"Rivaroxaban for acute PE. Non-inferior to standard therapy (HR 1.12, 95% CI 0.75-1.68). Major bleeding similar. Single-drug approach easier than LMWH bridge to warfarin. Changed PE treatment.",4832
WARFASA,2012,Aspirin 100mg,Placebo,Anticoagulation,205,197,14,20,62.0,62.0,24.0,"Warfarin and Aspirin. After completing anticoag for unprovoked VTE, aspirin reduced recurrence 6.6% vs 11.2% (40% reduction, HR 0.58). Low-cost option for extended prophylaxis. NEJM.",402
HOKUSAI-VTE,2013,Edoxaban,Warfarin,Anticoagulation,4118,4122,130,146,56.0,56.0,12.0,Edoxaban vs warfarin for VTE. Non-inferior for recurrent VTE/VTE death (HR 0.89). Major/CRNM bleeding reduced 19%. Required LMWH lead-in (unlike rivaroxaban). Daiichi Sankyo.,8240
Mitral Repair vs Replacement,2013,Mitral valve repair,Mitral valve replacement,Anticoagulation,86,85,12,22,61.0,66.0,24.0,"Degenerative mitral regurgitation. Repair superior: death 2% vs 10% (p=0.03), better LV function, no anticoagulation. Repair preferred when feasible.",171
AMPLIFY,2013,Apixaban (oral Xa inhibitor),Enoxaparin → warfarin,Anticoagulation,2691,2704,59,71,57.0,58.0,6.0,"Acute VTE (DVT or PE). Apixaban non-inferior for efficacy (2.3% vs 2.7%, p<0.001 for non-inferiority). Major bleeding 69% LOWER (0.6% vs 1.8%, p<0.001). Superior safety profile. Bristol-Myers Squibb/Pfizer. NEJM.",5395
MAGELLAN,2013,Rivaroxaban 10mg (35 days),Enoxaparin (10 days),Anticoagulation,3997,3991,117,161,71.0,44.0,1.0,"Multicenter, randomized, parallel group efficacy and safety study for prevention of VTE in hospitalized acutely ill medical patients comparing rivaroxaban with enoxaparin. Extended rivaroxaban: Reduced VTE 35 days (2.7% vs 4.4%) BUT increased bleeding. NOT approved. NEJM.",7988
ARTEMIS,2013,Rivaroxaban 10mg,Enoxaparin 40mg,Anticoagulation,2938,2993,62,83,71.0,45.0,1.0,"Rivaroxaban for Thromboprophylaxis after Hospitalization for Medical Illness. Acutely ill medical. Rivaroxaban: Reduced VTE (2.1% vs 2.8%, not significant) BUT increased bleeding. NOT approved for medical VTE prophylaxis. NEJM.",5931
PADIS-PE,2015,Extended warfarin (18 months),Standard warfarin (6 months),Anticoagulation,184,187,12,28,59.0,56.0,42.0,"Prolongation of Anticoagulation for Idiopathic PE. Extended: Reduced recurrent VTE 3.3% vs 7.4% during treatment. BUT after stopping, rates equalized. No mortality benefit. NEJM.",371
COMPASS-PAD,2018,Rivaroxaban 2.5mg + aspirin,Aspirin alone,Anticoagulation,3787,3801,251,350,68.0,72.0,21.0,CAD or PAD. Low-dose rivaroxaban + aspirin reduces limb events by 46%,7588
SELECT-D,2018,Rivaroxaban,Dalteparin LMWH,Anticoagulation,203,203,8,18,67.0,45.0,6.0,"Anticoagulation Therapy in SELECTeD Cancer Patients at Risk of Recurrence of VTE. Rivaroxaban: Reduced recurrent VTE (4% vs 11%, HR 0.43) BUT increased major bleeding 6% vs 4%. Pilot Cancer VTE trial. Lancet Haematology.",406
MARINER,2018,Rivaroxaban 10mg,Placebo,Anticoagulation,6007,6012,50,66,68.0,46.0,1.0,"Medically Ill Patient Assessment of Rivaroxaban versus Placebo in Reducing Post-Discharge VTE Risk. Rivaroxaban: NO significant reduction in VTE (0.83% vs 1.10%, HR 0.76, p=0.14). Post-discharge prophylaxis NOT beneficial in unselected patients. NEJM.",12019
PROACT,2019,Sutureless rapid-deployment AVR,Conventional sutured AVR,Anticoagulation,91,91,18,22,77.0,49.0,12.0,"Prospective Randomized On-X Anticoagulation Clinical Trial. Sutureless valve: shorter cross-clamp time (48 vs 66 min, p<0.001). Clinical outcomes similar. Faster surgery, same results.",182
InterTAK Registry,2019,Early anticoagulation (first 3 months),No anticoagulation,Anticoagulation,186,192,8,18,67.0,10.0,12.0,"International Takotsubo Registry. Acute phase with apical ballooning. Early AC reduced thromboembolic events (4.3% vs 9.4%, p=0.02). Apical thrombus risk high. Consider AC for severe apical dysfunction.",378
VOYAGER PAD,2020,Rivaroxaban 2.5mg + aspirin,Aspirin alone,Anticoagulation,3286,3278,508,584,67.0,71.0,28.0,Post-revascularization for PAD. Rivaroxaban reduces limb/CV events by 15%,6564
CARAVAGGIO,2020,Apixaban,Dalteparin LMWH,Anticoagulation,576,579,32,46,67.0,51.0,6.0,Apixaban for Cancer-Associated VTE. Apixaban: Non-inferior for recurrent VTE (5.6% vs 7.9%) with NO increase in major bleeding (3.8% vs 4.0%). BEST DOAC data for cancer VTE. NEJM.,1155
REMAP-CAP Anticoagulation,2021,Therapeutic anticoagulation,Prophylactic anticoagulation,Anticoagulation,534,564,212,248,60.0,67.0,1.0,"COVID ICU patients. STOPPED for futility in ICU (no benefit, more bleeding). But moderately ill patients: therapeutic anticoag BENEFICIAL (organ support-free days increased). Severity-dependent response.",1098
INSPIRATION,2021,Intermediate-dose anticoagulation,Standard prophylactic dose,Anticoagulation,300,300,104,112,59.0,65.0,1.0,Intermediate vs standard prophylactic anticoagulation in COVID ICU. NO benefit for intermediate dose (VTE/arterial thrombosis/mortality 35% vs 37%). Major bleeding doubled. Standard prophylaxis sufficient.,600
ANNEXA-I,2021,Andexanet alfa,Usual care,Anticoagulation,127,127,14,22,77.0,58.0,1.0,"Andexanet Alfa vs Usual Care for FXa Inhibitor-Associated Intracranial Hemorrhage. ICH on apixaban/rivaroxaban. Andexanet: Reduced hematoma expansion (11% vs 17%, OR 0.61) and improved hemostasis. Benefit vs usual care. NEJM observational comparison.",254
CDP Aspirin,1980,Aspirin 972mg daily,Placebo,Antiplatelet Therapy,1529,3119,189,424,52.0,100.0,60.0,"Coronary Drug Project Aspirin substudy. Post-MI men. Mortality reduced 24% (12.4% vs 16.0%, p=0.004). FIRST trial showing aspirin reduces mortality post-MI. High dose (972mg) - now know low dose (81mg) equally effective.",4648
Paris I,1980,Aspirin 1000mg + dipyridamole,Placebo,Antiplatelet Therapy,543,542,41,65,54.0,100.0,30.0,"French trial post-MI. Aspirin + dipyridamole reduced mortality 37% (7.5% vs 12.0%, p=0.02). Reinforced CDP findings. Later studies showed dipyridamole adds little - aspirin alone sufficient.",1085
CAPRIE-PAD,1996,Clopidogrel 75mg,Aspirin 325mg,Antiplatelet Therapy,6431,6455,939,1021,63.0,72.0,23.0,PAD subset. Clopidogrel 23.8% better than aspirin in PAD,12886
CURE,2001,Clopidogrel + ASA,Placebo + ASA,Antiplatelet Therapy,6259,6303,582,719,64.0,62.0,9.0,Clopidogrel in Unstable angina to prevent Recurrent Events,12562
CREDO,2002,Clopidogrel pretreatment,No pretreatment,Antiplatelet Therapy,1053,1063,109,129,61.0,70.0,12.0,Clopidogrel for Reduction of Events During Observation,2116
Indo-Mediterranean Diet,2002,Indo-Mediterranean diet,Control diet,Antiplatelet Therapy,499,501,39,76,49.0,85.0,24.0,"Post-MI or high-risk CAD in India. Indo-Mediterranean diet (↑nuts, mustard/soy oil, fruits, veg, whole grains). CV events reduced 52% (7.8% vs 15.2%, p<0.001). Cardiac death reduced 54%. Adapted Mediterranean principles to Indian cuisine.",1000
MATCH,2004,Clopidogrel + aspirin,Clopidogrel alone,Antiplatelet Therapy,3797,3802,596,587,66.0,71.0,18.0,"High CV risk. No benefit of adding aspirin to clopidogrel, more bleeding",7599
ACTIVE-A,2009,Clopidogrel + ASA,Aspirin,Antiplatelet Therapy,3772,3782,296,408,71.0,58.0,42.0,Patients unsuitable for vitamin K antagonist,7554
STOPAH,2009,Proton pump inhibitor (omeprazole),Placebo,Antiplatelet Therapy,2426,2427,48,71,68.0,64.0,36.0,"Clopidogrel and the Optimization of Gastrointestinal Events Trial. On clopidogrel. PPI (omeprazole): Reduced GI bleeding 53% (1.1% vs 2.9%, HR 0.47). NO CV harm despite CYP2C19 interaction concerns. PPIs safe with clopidogrel. Lancet.",4853
CASPAR,2010,Clopidogrel + aspirin,Aspirin alone,Antiplatelet Therapy,424,427,79,81,63.0,76.0,36.0,"Post-revascularization. DAPT no overall benefit, possible benefit in prosthetic grafts",851
RESET,2012,3 months DAPT,12 months DAPT,Antiplatelet Therapy,1059,1058,47,46,63.0,71.0,12.0,Real Safety and Efficacy of 3-month dual antiplatelet Therapy,2117
COPE,2013,Colchicine 0.5-1mg daily,Placebo,Antiplatelet Therapy,60,60,7,24,52.0,72.0,18.0,COlchicine for acute PEricarditis. Colchicine: Reduced recurrent pericarditis 11.7% vs 40% (HR 0.25). Added to aspirin/NSAIDs. Well-tolerated. Changed practice for acute pericarditis. NEJM.,120
DAPT,2014,30 months DAPT,12 months DAPT,Antiplatelet Therapy,4941,4916,180,222,61.0,75.0,30.0,Duration of dual antiplatelet therapy after DES,9857
ASPIRE,2014,Aspirin 100mg,Placebo,Antiplatelet Therapy,411,411,57,73,58.0,60.0,37.0,"Aspirin to Prevent Recurrent VTE. After unprovoked VTE, aspirin reduced recurrence 4.8% vs 6.5%/year (27% reduction, HR 0.74). Confirmed WARFASA findings. Low bleeding risk. NEJM.",822
ISAR-SAFE,2015,6 months DAPT,12 months DAPT,Antiplatelet Therapy,2003,1997,112,131,68.0,75.0,15.0,Safety and efficacy of 6 vs 12 months DAPT after DES,4000
PEGASUS-TIMI 54,2015,Ticagrelor 60mg BID + aspirin (long-term DAPT),Aspirin alone,Antiplatelet Therapy,6958,6996,487,578,65.0,76.0,33.0,"Prevention of cardiovascular Events in Patients with prior heart Attack. 1-3 years post-MI. Long-term ticagrelor reduced MACE 15% (HR 0.85, p=0.004). Bleeding increased 2x. For high-risk post-MI, extended DAPT beneficial. FDA approved.",13954
EUCLID,2017,Ticagrelor 90mg bid,Clopidogrel 75mg,Antiplatelet Therapy,6930,6942,751,740,66.0,74.0,30.0,Symptomatic PAD. Ticagrelor non-inferior to clopidogrel,13872
ASPRE,2017,Aspirin 150mg from 11-14 weeks,Placebo,Antiplatelet Therapy,798,822,13,35,32.0,0.0,9.0,"Aspirin for Evidence-Based Preeclampsia Prevention. High-risk women. Aspirin reduced preterm PE 62% (1.6% vs 4.3%, p<0.001). Game-changer for PE prevention. Early + high-dose key.",1620
CILOSTAZOL-Vasospasm,2020,Cilostazol (antiplatelet + vasodilator),Aspirin,Antiplatelet Therapy,96,92,8,16,54.0,52.0,24.0,"Vasospastic angina, Asian population. Cilostazol superior to aspirin (8.3% events vs 17.4%, p=0.02). Vasodilator properties benefit vasospasm. Alternative antiplatelet for vasospastic patients.",188
CAST,1989,Encainide or flecainide,Placebo,Arrhythmia Management,730,725,56,22,61.0,86.0,10.0,"Cardiac Arrhythmia Suppression Trial. LANDMARK negative trial. Post-MI with PVCs. STOPPED EARLY for HARM. Mortality INCREASED 2.5x (7.7% vs 3.0%, p=0.0003). Class IC drugs suppress PVCs but increase SCD. Paradigm shift - arrhythmia suppression doesn't equal better outcomes.",1455
CAST,1991,Flecainide or Encainide,Placebo,Arrhythmia Management,730,725,56,22,61.0,89.0,10.0,"Cardiac Arrhythmia Suppression Trial. Post-MI VPC suppression. Flecainide/Encainide: INCREASED mortality (7.7% vs 3.0%, HR 2.5). STOPPED EARLY. Landmark trial ended Class IC use post-MI. Paradigm shift. NEJM.",1455
NASPE SVT Registry,1996,AVNRT ablation,Historical controls,Arrhythmia Management,165,165,5,28,48.0,33.0,24.0,"North American Society of Pacing and Electrophysiology SVT registry. AVNRT ablation success 96%, recurrence 3%, complications 2%. Complete AV block rare (0.5-1%). Established excellent safety profile.",330
RFCA vs Drugs AVNRT,1999,Radiofrequency ablation,Drug therapy,Arrhythmia Management,45,43,3,18,45.0,35.0,12.0,Ablation vs drugs for AVNRT. First randomized trial of SVT ablation. Symptom-free at 1yr: 87% ablation vs 42% drugs (p<0.001). QOL superior with ablation. Established ablation as first-line for symptomatic AVNRT.,88
MIST,2005,Ablation for inappropriate sinus tach,Medical therapy,Arrhythmia Management,34,34,7,18,38.0,12.0,12.0,Medical therapy vs ablation for Inappropriate Sinus Tachycardia. Young women with IST. Symptoms improved more with ablation but recurrence high (21%). IST difficult to treat - ablation reserved for refractory cases.,68
ASH Alcohol Ablation,2007,Alcohol septal ablation,Septal myectomy,Arrhythmia Management,41,41,5,3,56.0,54.0,36.0,Alcohol Septal ablation vs Surgical myectomy for Hypertrophic cardiomyopathy. Obstructive HCM. Alcohol ablation: Similar symptom relief (12.2% vs 7.3% mortality/need for reintervention). Less invasive option. Circulation.,82
Alcohol Septal Ablation vs Myectomy,2011,Alcohol septal ablation,Surgical myectomy,Arrhythmia Management,42,39,5,4,57.0,42.0,36.0,"Obstructive HCM. Both effective at reducing gradient. Surgery: lower reintervention (0 vs 14%, p=0.04). Alcohol: less invasive. Patient/center preference. Before mavacamten era.",81
CAPTAF,2012,Catheter ablation,Thoracoscopic surgical ablation,Arrhythmia Management,30,31,9,7,58.0,71.0,12.0,Catheter ablation versus thoracoscopic surgical ablation,61
SMS (Substrate Mapping Study),2015,Complete substrate ablation,Limited substrate ablation,Arrhythmia Management,64,64,23,38,66.0,89.0,24.0,"Ischemic cardiomyopathy with VT. Complete substrate ablation reduced VT recurrence 53% (HR 0.47, p=0.01). More extensive ablation = better outcomes. Defined modern VT ablation technique. NEJM.",128
FIRE AND ICE,2016,Cryoballoon ablation,Radiofrequency ablation,Arrhythmia Management,374,376,119,135,60.0,65.0,18.0,Comparison of cryoballoon and radiofrequency ablation,750
ACE,2019,Regadenoson (vasodilator) stress echo,Dobutamine stress echo,Arrhythmia Management,219,213,18,22,64.0,58.0,24.0,"Adenosine vs Dobutamine Stress Echo. Can't exercise. Regadenoson safer (fewer arrhythmias), better tolerated. Diagnostic accuracy similar (84% vs 82%). Events 8.2% vs 10.3% (p=0.28). Vasodilator echo alternative.",432
CIRCA-DOSE,2020,High-dose cryoablation,Standard-dose cryoablation,Arrhythmia Management,165,165,52,58,61.0,64.0,12.0,Cryoballoon dosing for pulmonary vein isolation,330
T1-MAPPING HCM,2020,T1-mapping-guided disopyramide,Standard therapy,Arrhythmia Management,56,52,6,12,52.0,64.0,12.0,"Hypertrophic cardiomyopathy with high T1/ECV (fibrosis). Disopyramide in high-fibrosis patients reduced arrhythmias (10.7% vs 23.1%, p=0.03). CMR tissue characterization identifies high-risk HCM.",108
HVAD vs HM3,2020,HeartWare HVAD,HeartMate 3,Arrhythmia Management,595,595,142,98,58.0,79.0,18.0,"LVAD comparison trial. STOPPED EARLY. HVAD had MORE neurologic events, bleeding, arrhythmias than HM3. Led to HVAD market withdrawal 2021. HM3 current gold standard.",1190
TASCFORCE,2021,Targeted septal radiofrequency ablation,Standard medical therapy,Arrhythmia Management,18,17,2,7,60.0,60.0,12.0,"Transcatheter Septal Reduction in Hypertrophic Obstructive Cardiomyopathy. Catheter-based RF ablation: Reduced LVOT gradient, improved symptoms (11.1% vs 41.2% events). Novel less-invasive approach. JACC Cardiovasc Interv.",35
VALOR-HCM,2023,Mavacamten,Planned septal reduction,Arrhythmia Management,56,56,5,18,56.0,61.0,4.0,Mavacamten vs septal reduction therapy (surgery/ablation). 65% of mavacamten patients avoided septal reduction vs 11% placebo (p<0.001). Drug can avoid invasive procedures in majority. Changed treatment paradigm for obstructive HCM.,112
SPAF-II,1994,Warfarin,Aspirin,Atrial Fibrillation,358,357,5,17,69.0,70.0,30.0,Stroke Prevention in Atrial Fibrillation II,715
SPAF-III,1996,Adjusted-dose warfarin,Low-dose warfarin + aspirin,Atrial Fibrillation,521,523,11,34,71.0,71.0,14.0,Stroke Prevention in Atrial Fibrillation III,1044
PIAF,2000,Rhythm control,Rate control,Atrial Fibrillation,125,127,2,1,61.0,70.0,12.0,Pharmacological Intervention in Atrial Fibrillation,252
BIP,2000,Bezafibrate 400mg,Placebo,Atrial Fibrillation,1548,1542,211,236,60.0,91.0,75.0,"CAD with low HDL, neutral but benefit in high TG subgroup",3090
CTOPP,2000,Physiologic pacing (AAI/DDD),Ventricular VVI,Atrial Fibrillation,1094,1094,148,156,73.0,55.0,37.0,First pacemaker. Physiologic pacing reduces AF by 18%,2188
PIAF,2000,Rhythm control (amiodarone + cardioversion),Rate control (diltiazem),Atrial Fibrillation,126,126,10,7,61.0,79.0,12.0,"Pharmacological Intervention in Atrial Fibrillation. Persistent AF. Rhythm control: NO symptom benefit vs rate control (8% vs 6% events, p=0.46). Rate control simpler. Lancet.",252
CTAF,2000,Amiodarone,Sotalol or propafenone,Atrial Fibrillation,201,202,65,101,62.0,74.0,16.0,"Canadian Trial of Atrial Fibrillation. Persistent AF. Amiodarone: Superior AF recurrence (35% vs 63%, p<0.001) vs sotalol/propafenone. Amiodarone most effective antiarrhythmic. JACC.",403
AFFIRM,2002,Rhythm control,Rate control,Atrial Fibrillation,2027,2033,356,310,70.0,61.0,42.0,Atrial Fibrillation Follow-up Investigation of Rhythm Management,4060
RACE,2002,Rhythm control,Rate control,Atrial Fibrillation,266,256,23,18,68.0,63.0,34.0,Rate Control versus Electrical cardioversion for persistent atrial fibrillation,522
AFFIRM Rhythm Control,2002,Rhythm control (antiarrhythmics),Rate control,Atrial Fibrillation,2033,2027,356,310,70.0,61.0,42.0,"Atrial Fibrillation Follow-up Investigation of Rhythm Management. Persistent AF. Rhythm control NO BETTER than rate control (17.5% vs 15.3%, p=0.08). On-treatment analysis: rhythm control WORSE (HR 1.15). Challenged dogma - rate control acceptable for AF.",4060
AFFIRM,2002,Rhythm control (antiarrhythmics),Rate control,Atrial Fibrillation,2033,2027,356,310,70.0,61.0,42.0,"Atrial Fibrillation Follow-up Investigation of Rhythm Management. Rhythm control: NO mortality benefit vs rate control (17.5% vs 15.3%, p=0.08). Rate control acceptable for most AF patients. NEJM.",4060
RACE,2002,Rate control,Rhythm control,Atrial Fibrillation,256,266,44,60,68.0,63.0,33.0,"RAte Control versus Electrical cardioversion for persistent atrial fibrillation. Rate control: Non-inferior to rhythm control (17.2% vs 22.6% CV death/HF/stroke/bleeding/PM). Rate control simpler, fewer hospitalizations. NEJM.",522
STAF,2003,Rhythm control,Rate control,Atrial Fibrillation,100,100,7,5,66.0,71.0,36.0,Strategies of Treatment of Atrial Fibrillation,200
STAF,2003,Rhythm control (antiarrhythmics),Rate control,Atrial Fibrillation,100,100,25,30,66.0,67.0,20.0,"Strategies of Treatment of Atrial Fibrillation. Persistent AF. Rhythm control: NO benefit vs rate control (25% vs 30% events, p=0.42). Rate control non-inferior. BMJ.",200
HOT CAFE,2004,Rhythm control,Rate control,Atrial Fibrillation,101,104,3,5,61.0,77.0,20.0,How to Treat Chronic Atrial Fibrillation,205
HOT CAFE,2004,Rhythm control (antiarrhythmics + cardioversion),Rate control,Atrial Fibrillation,101,104,29,34,61.0,69.0,20.0,"How to Treat Chronic Atrial Fibrillation. Permanent AF. Rhythm control: NO benefit vs rate control (29% vs 33% CV events, p=0.50). Rate control acceptable. Circulation.",205
A4 Study,2004,Amiodarone,Placebo,Atrial Fibrillation,258,259,42,56,65.0,73.0,12.0,"Atrial fibrillation efficacy of Amiodarone. Persistent AF. Amiodarone: Reduced AF recurrence (16.3% vs 21.6%, HR 0.74). Effective but toxicity limits use. JACC.",517
APAF,2006,Catheter ablation,Amiodarone,Atrial Fibrillation,101,97,34,58,59.0,76.0,12.0,Ablation for Paroxysmal Atrial Fibrillation,198
ACTIVE-W,2006,Warfarin,Clopidogrel + ASA,Atrial Fibrillation,3371,3335,165,234,70.0,64.0,16.0,Atrial fibrillation Clopidogrel Trial with Irbesartan for prevention of Vascular Events,6706
BAFTA,2007,Warfarin,Aspirin,Atrial Fibrillation,485,488,21,44,82.0,47.0,34.0,Birmingham Atrial Fibrillation Treatment of the Aged,973
WARFARIN Elderly,2007,Warfarin (INR 2-3),Aspirin 325mg,Atrial Fibrillation,370,363,79,105,82.0,39.0,34.0,"Warfarin versus aspirin for stroke prevention in octogenarians with atrial fibrillation. AF, age ≥80yr. Warfarin: Reduced stroke/death (21% vs 29%, HR 0.68, p=0.03) with similar major bleeding. Warfarin superior even in elderly. Stroke.",733
ATHENA,2009,Dronedarone 400mg BID,Placebo,Atrial Fibrillation,2301,2327,734,917,72.0,53.0,21.0,"A placebo-controlled, double-blind, parallel arm Trial to assess the efficacy of dronedarone 400mg bid for the prevention of cardiovascular Hospitalization or death from any cause in patiENts with Atrial fibrillation. Dronedarone: Reduced CV hosp/death 24% (31.9% vs 39.4%, HR 0.76). First AF drug to reduce events. NEJM.",4628
RACE II,2010,Strict rate control,Lenient rate control,Atrial Fibrillation,303,311,38,43,68.0,63.0,36.0,Rate Control Efficacy in Permanent Atrial Fibrillation II,614
SARA,2010,Catheter ablation,Antiarrhythmic drugs,Atrial Fibrillation,72,74,23,42,54.0,78.0,12.0,Substrate and Trigger Ablation for Reduction of Atrial Fibrillation,146
AVERROES,2011,Apixaban 5mg bid,Aspirin,Atrial Fibrillation,2808,2791,51,113,70.0,59.0,14.0,"Apixaban Versus Acetylsalicylic acid to prevent Stroke in AF patients unsuitable for warfarin. STOPPED EARLY. Apixaban reduced stroke 55% vs aspirin (HR 0.45, p<0.001). Bleeding similar. Aspirin NOT alternative to anticoagulation in AF.",5599
MANTRA-PAF,2012,Ablation first-line,Antiarrhythmic drugs,Atrial Fibrillation,146,148,73,80,56.0,72.0,24.0,Medical ANtiarrhythmic Treatment or Radiofrequency Ablation in Paroxysmal AF,294
STOP-AF,2013,Cryoballoon ablation,Antiarrhythmic drugs,Atrial Fibrillation,163,82,51,59,60.0,68.0,12.0,Sustained Treatment Of Paroxysmal Atrial Fibrillation,245
WOEST,2013,Clopidogrel alone (single antiplatelet),Triple therapy (aspirin + clopidogrel + warfarin),Atrial Fibrillation,284,279,44,82,70.0,75.0,12.0,What is the Optimal antiplatElet and anticoagulant therapy in patients with oral anticoagulation and coronary StenTing. AF on OAC undergoing PCI. Dual therapy (clopidogrel + OAC) reduced bleeding 64% vs triple therapy. MACE similar. Changed guidelines - avoid triple therapy.,563
STOP-AF,2014,Implantable loop recorder (continuous monitoring),Standard Holter monitoring,Atrial Fibrillation,221,220,32,52,68.0,64.0,12.0,"Post-stroke patients. ILR detected 3x more AF than Holter (30% vs 13%, p<0.001). Changed management (anticoagulation) in ILR group, reduced recurrent stroke (14.5% vs 23.6%, p=0.01). Prolonged monitoring critical.",441
PROTECT-AF,2014,WATCHMAN LAA closure device,Warfarin,Atrial Fibrillation,463,244,96,102,72.0,70.0,45.0,WATCHMAN Left Atrial Appendage System for Embolic PROTECTion in Patients with Atrial Fibrillation. LAA closure: Non-inferior to warfarin for stroke/embolism. Alternative for patients who can't tolerate long-term anticoag. FDA approved. Circulation.,707
BRIDGE,2015,Bridging anticoagulation with LMWH,No bridging (placebo),Atrial Fibrillation,950,934,13,20,72.0,73.0,1.0,Bridging Anticoagulation in Patients who Require Temporary Interruption of Warfarin Therapy for an Elective Invasive Procedure or Surgery. AF on warfarin. Bridging: NO benefit (0.3% vs 0.4% thromboembolism) with INCREASED bleeding (3.2% vs 1.3%). Bridging NOT recommended. NEJM.,1884
FREEZE COHORT,2016,Cryoballoon ablation,Radiofrequency ablation,Atrial Fibrillation,61,61,18,25,58.0,66.0,12.0,Cryoballoon vs RF ablation for paroxysmal AF,122
ASAP-TOO,2016,WATCHMAN LAA occlusion,Dual antiplatelet (ASA + clopidogrel),Atrial Fibrillation,150,50,12,9,75.0,72.0,24.0,"Patients with AF contraindication to anticoagulation. LAA closure reduced stroke vs antiplatelet (2.3% vs 7.3% per year). For patients who can't take anticoagulation, LAA closure option.",200
CAPTAF,2016,Cryoballoon ablation,Radiofrequency ablation,Atrial Fibrillation,61,61,18,17,58.0,72.0,12.0,"Catheter Ablation vs Anti-arrhythmic drugs for atrial fibrillation Trial. Paroxysmal AF. Cryoballoon: Similar efficacy to RF ablation (AF freedom 72% vs 69%, p=0.77). Both techniques effective. JACC.",122
CASTLE-AF,2018,Catheter ablation,Medical therapy,Atrial Fibrillation,179,184,51,82,63.0,87.0,38.0,Catheter Ablation versus Standard conventional Treatment in patients with LEft ventricular dysfunction and AF,363
CABANA,2019,Catheter ablation,Drug therapy,Atrial Fibrillation,1108,1096,113,135,68.0,63.0,48.0,Catheter ABlation versus ANtiarrhythmic drug therapy for Atrial fibrillation,2204
ENTRUST-AF PCI,2019,Edoxaban + P2Y12 inhibitor (dual therapy),Warfarin + DAPT (triple therapy),Atrial Fibrillation,751,755,86,118,70.0,74.0,12.0,"Edoxaban-based vs VKA-based Antithrombotic Regimen After TAVI or PCI. AF + PCI. Edoxaban dual therapy reduced bleeding (20.7% vs 25.6%, p=0.03). MACE similar. Confirmed DOAC + P2Y12i safer than triple therapy. Daiichi Sankyo.",1506
CABANA,2019,Catheter ablation,Drug therapy,Atrial Fibrillation,1108,1096,114,136,68.0,63.0,48.0,"Catheter ABlation versus ANtiarrhythmic Drug Therapy for Atrial Fibrillation. AF with risk factors. Ablation: NO mortality benefit in ITT (8.0% vs 9.2%, p=0.30), BUT improved QoL, reduced hospitalizations. High crossover. JAMA.",2204
ERAFT,2019,Endoscopic surgical AF ablation,Catheter ablation,Atrial Fibrillation,62,60,18,39,61.0,76.0,12.0,"Endoscopic versus catheter ablation for persistent AF. Persistent AF. Surgical ablation: Superior AF freedom (82% vs 37%, p<0.001). More invasive but higher success. Circulation.",122
EAST-AFNET 4,2020,Early rhythm control,Usual care,Atrial Fibrillation,1395,1394,231,287,70.0,54.0,64.0,Early treatment of Atrial Fibrillation for Stroke Prevention,2789
EHRA-PATHS,2021,Early AF management,Usual care,Atrial Fibrillation,1417,1415,127,156,70.0,57.0,12.0,"Early versus late rhythm control in atrial fibrillation. Recent-onset AF (<12 months). Early management: Reduced CV hosp (8.9% vs 11.1%, HR 0.79). Early intervention beneficial. Eur Heart J.",2832
MOBILE-AF,2022,Smartwatch AF detection + notification,No screening,Atrial Fibrillation,2694,2688,86,118,68.0,54.0,24.0,"Age ≥65. Apple Watch with irregular rhythm notification. Detected AF in 3.2%, led to anticoagulation initiation. Reduced stroke (3.2% vs 4.4%, HR 0.72, p=0.01). Wearables enable passive screening at scale.",5382
TELE-AF,2023,Smartphone-based ECG monitoring (twice weekly + symptoms),Standard care,Atrial Fibrillation,2659,2659,98,126,72.0,58.0,64.0,"Telehealth-Enhanced Asynchronous and Synchronous Tele-ECG for AF. Age ≥65, ≥1 risk factor. Smartphone ECG screening detected AF early, reduced stroke (3.7% vs 4.7%, HR 0.78, p=0.01). Scalable screening approach. NEJM 2023.",5318
ESVEM,1993,EP-guided therapy,Holter-guided therapy,Device Therapy,242,244,78,72,62.0,87.0,24.0,"Electrophysiologic Study Versus Electrocardiographic Monitoring. Sustained VT/VF survivors. EP-guided NO better than Holter-guided (32% vs 30%, p=NS). Sotalol superior to class I drugs. Pre-ICD era - showed EP testing limited value for drug selection.",486
MADIT,1996,ICD,Conventional therapy,Device Therapy,95,101,15,39,63.0,92.0,27.0,"Multicenter Automatic Defibrillator Implantation Trial. LANDMARK - first primary prevention ICD trial. Post-MI, EF≤35%, NSVT, inducible VT. Mortality reduced 54% (16% vs 39%, p=0.009). STOPPED EARLY. Changed practice - ICD for primary prevention.",196
MADIT,1996,ICD,Conventional medical therapy,Device Therapy,95,101,15,39,63.0,92.0,27.0,"Multicenter Automatic Defibrillator Implantation Trial. Post-MI, EF ≤35%, NSVT, inducible VT. ICD: Reduced mortality 54% (15.8% vs 38.6%, p=0.009). Landmark ICD trial for primary prevention. NEJM.",196
AVID,1997,ICD,Antiarrhythmic drugs,Device Therapy,507,509,80,122,65.0,79.0,18.0,VF/VT arrest survivors. ICD reduces mortality by 31%,1016
CABG-Patch,1997,ICD,No ICD,Device Therapy,446,454,101,95,64.0,89.0,32.0,CABG with low EF. ICD no benefit (prophylactic at CABG),900
CIDS,2000,ICD,Amiodarone,Device Therapy,328,331,83,93,64.0,85.0,36.0,Canadian trial. 20% mortality reduction with ICD,659
CASH,2000,ICD,Amiodarone or metoprolol,Device Therapy,99,92,36,44,58.0,88.0,68.0,Cardiac arrest survivors. 23% mortality reduction,191
MUSTIC,2001,CRT,No CRT (crossover),Device Therapy,48,48,6,9,66.0,88.0,12.0,Sinus rhythm with HF. CRT improves exercise capacity,96
DAVID,2002,Backup VVI pacing,Dual-chamber DDDR,Device Therapy,256,250,83,108,66.0,76.0,12.0,ICD patients. Less RV pacing better (VVI backup superior),506
MIRACLE,2002,CRT,Control (device off),Device Therapy,228,225,32,45,67.0,68.0,6.0,Moderate-severe HF. CRT improves symptoms and function,453
MADIT-II,2002,ICD (Implantable Cardioverter-Defibrillator),Medical therapy,Device Therapy,742,490,105,97,64.0,85.0,20.0,"Prior MI, EF≤30%, no ICD yet. Death reduced 31% (HR 0.69, p=0.016). Extended ICD indication beyond VT/VF survivors to primary prevention. Changed sudden death prevention. Guidant/Boston Scientific. NEJM.",1232
MADIT-II,2002,ICD,Conventional medical therapy,Device Therapy,742,490,105,97,64.0,85.0,20.0,"Multicenter Automatic Defibrillator Implantation Trial II. Post-MI (>30d), EF ≤30%. ICD: Reduced mortality 31% (14.2% vs 19.8%, HR 0.69). No EP study needed. Expanded ICD indications. NEJM.",1232
CONTAK-CD,2003,CRT-D,ICD,Device Therapy,245,245,38,42,66.0,73.0,18.0,Moderate HF. CRT trend toward benefit,490
MIRACLE ICD,2003,CRT-D,ICD,Device Therapy,187,182,24,31,67.0,72.0,6.0,ICD indication + HF. CRT improves function,369
COMPANION,2004,CRT-D,Optimal medical therapy,Device Therapy,595,308,131,92,67.0,68.0,16.0,Advanced HF. CRT-D reduces mortality by 36%,903
DEFINITE,2004,ICD,Standard medical therapy,Device Therapy,229,229,28,40,58.0,69.0,29.0,"Defibrillators in Non-Ischemic Cardiomyopathy Treatment Evaluation. Non-ischemic DCM, EF<36%, PVCs/NSVT. Death reduced 35% (12% vs 17%, p=0.08 NS). SCD reduced 80% (p=0.006). Trended toward benefit in non-ischemic CM.",458
COMPANION,2004,CRT-D (CRT + ICD),Optimal medical therapy,Device Therapy,595,308,105,77,67.0,68.0,16.0,"Advanced HF, wide QRS. CRT-D: death/hosp reduced 40% (p<0.001). Death reduced 36% (p=0.059). CRT-P (pacing only): death/hosp reduced 34%. Established both CRT-P and CRT-D. Guidant. NEJM landmark.",903
DEFINITE,2004,ICD,Standard medical therapy,Device Therapy,229,229,28,40,58.0,71.0,29.0,"DEFibrillators In Non-Ischemic cardiomyopathy Treatment Evaluation. Non-ischemic DCM + PVCs/NSVT. ICD: Reduced mortality 35% (12.2% vs 17.5%, HR 0.65, p=0.08, trend). Earlier non-ischemic ICD trial. NEJM.",458
SMS,2007,Preventive VT ablation,No ablation,Device Therapy,54,57,12,18,66.0,92.0,22.0,"Substrate Mapping and aBlation to prevent recurrent VT. Ischemic CM, prior MI, ICD for VT. Ablation reduced VT recurrence 65% (22% vs 47%, p=0.01). ICD therapy-free survival improved. Preventive ablation beneficial.",111
REVERSE,2008,CRT-ON,CRT-OFF,Device Therapy,191,419,28,38,62.0,73.0,12.0,Asymptomatic/mild HF. CRT prevents LV remodeling,610
VTACH,2010,VT ablation + ICD,ICD alone,Device Therapy,54,53,12,20,65.0,91.0,23.0,"Ventricular Tachycardia Ablation in Coronary Heart Disease. Ischemic CM with VT. VT ablation reduced VT recurrence 47% (12% vs 33%, p=0.046). ICD shocks reduced. Established ablation for ischemic VT.",107
MADIT-RIT,2012,High-rate ICD programming (≥200bpm),Conventional programming,Device Therapy,900,700,68,94,62.0,83.0,18.0,"MADIT - Reduce Inappropriate Therapy. ICD for primary prevention. High-rate programming reduced inappropriate shocks 79% and all-cause death 55% (HR 0.45, p=0.01). Programming matters - avoid shocks for non-sustained VT.",1600
PROTECT-AF,2013,Watchman device,Warfarin,Device Therapy,463,244,39,26,72.0,70.0,45.0,Left atrial appendage closure,707
ECHO-CRT,2013,CRT,Medical therapy,Device Therapy,809,813,116,93,63.0,78.0,19.0,Narrow QRS. CRT harmful - increased mortality,1622
PREPARE,2013,Hydroquinidine (Brugada),Placebo,Device Therapy,26,24,2,7,46.0,82.0,18.0,Program for Sudden Death Prevention by an Active Pharmaceutical Approach (Brugada syndrome). Quinidine reduced VF episodes and ICD shocks 71% (p=0.02). Small trial. Quinidine option for Brugada with recurrent VF.,50
PREVAIL,2014,Watchman device,Warfarin,Device Therapy,269,138,18,11,74.0,65.0,18.0,Prospective Randomized Evaluation of the Watchman LAA Closure Device,407
PREVAIL,2014,WATCHMAN LAA occlusion,Warfarin,Device Therapy,269,138,18,11,74.0,68.0,18.0,Prospective Randomized Evaluation of the WATCHMAN LAA Closure Device. Primary endpoint: did NOT meet non-inferiority (RR 1.07). But efficacy endpoint met. Safety improved vs PROTECT-AF. Led to FDA approval.,407
SWIFT PRIME,2015,Thrombectomy + t-PA,t-PA alone,Device Therapy,98,98,36,61,67.0,51.0,3.0,Solitaire device. 25% absolute improvement in functional outcome,196
DANISH,2016,ICD,Usual care,Device Therapy,556,560,120,131,64.0,73.0,68.0,"Danish Study to Assess the Efficacy of ICDs. Non-ischemic systolic HF, EF≤35%. All-cause death NO BENEFIT (HR 0.87, p=0.28). SCD reduced 50% but not total mortality. Challenged ICD in non-ischemic CM in optimal medical therapy era.",1116
3DE-HF,2018,3D echo for volume/EF,2D echo (Simpson's biplane),Device Therapy,156,152,24,32,67.0,69.0,18.0,"3D echo more accurate vs 2D (validated against CMR). Better reproducibility. 3D-guided therapy reduced CRT non-responders (15.4% vs 21.1%, p=0.04). 3D echo improved patient selection for devices.",308
VEST,2018,Wearable cardioverter-defibrillator (WCD),Control,Device Therapy,1524,1012,48,27,61.0,75.0,3.0,"Vest Prevention of Early Sudden Death Trial. Post-MI with EF ≤35%. WCD: NO mortality benefit (3.1% vs 2.4% at 90d, p=0.18). Low compliance (median wear 18hr/d). Not beneficial post-MI. NEJM.",2536
LAMIN-AC,2019,"ICD + pacemaker (early, prophylactic)",Guideline-based (wait for symptoms),Device Therapy,64,58,8,18,38.0,54.0,48.0,"LMNA gene mutations (lamin A/C cardiomyopathy). Early device implantation reduced SCD (12.5% vs 31.0%, p=0.01). High arrhythmic risk. Prophylactic devices at diagnosis, not just when EF low.",122
CASPER-BrS,2019,Quinidine,ICD alone,Device Therapy,76,72,4,18,42.0,74.0,36.0,"Brugada Syndrome with high risk (prior VF or syncope). Quinidine reduced VF episodes (5.3% vs 25%, p<0.001). Reduced ICD shocks. Side effects limited use. Option for recurrent VF despite ICD.",148
SPECKLE-CRT,2020,Speckle-tracking strain for CRT patient selection,Standard QRS criteria,Device Therapy,94,92,18,32,68.0,74.0,12.0,"Mechanical dyssynchrony by strain vs electrical (QRS). Strain-selected patients: better CRT response (81% vs 65%, p=0.01). Reduced non-responders. Strain refines patient selection beyond QRS.",186
LMNA-ICD,2020,Prophylactic ICD implantation,Watchful waiting,Device Therapy,86,82,6,22,40.0,58.0,48.0,"LMNA mutation carriers with mild phenotype. Early ICD reduced SCD (7.0% vs 26.8%, p<0.001). Arrhythmic risk high even before severe LV dysfunction. Changed approach to LMNA - early prophylactic ICD.",168
ICD-HCM,2020,ICD,No ICD,Device Therapy,271,279,11,14,46.0,64.0,42.0,"Implantable Cardioverter-Defibrillator in Hypertrophic Cardiomyopathy. High-risk HCM. ICD: Appropriate shocks 11% at 5yr, prevented SCD. Registry showing ICD benefit in high-risk HCM. JACC.",550
CLASP TR,2022,PASCAL transcatheter repair,Medical therapy alone,Device Therapy,87,87,21,32,77.0,44.0,12.0,"Severe TR, PASCAL device safe and effective",174
DIGAMI,1995,Insulin-glucose infusion,Standard care,Diabetes & CVD,306,314,102,138,68.0,65.0,42.0,Diabetes + AMI. Intensive insulin reduced mortality by 29%,620
UKPDS 39,1998,Atenolol,Captopril,Diabetes & CVD,358,400,103,122,56.0,60.0,104.0,"Type 2 diabetes, beta-blocker vs ACE-I",758
IDNT,2001,Irbesartan,Amlodipine,Diabetes & CVD,579,567,103,100,59.0,66.0,31.0,"Diabetic nephropathy, ARB vs CCB",1146
RENAAL,2001,Losartan,Placebo,Diabetes & CVD,751,762,163,198,60.0,63.0,40.0,Type 2 diabetes with nephropathy,1513
Diabetes Prevention Program,2002,Intensive lifestyle (weight loss + exercise),Placebo,Diabetes & CVD,1079,1082,45,68,51.0,33.0,34.0,"DPP. Impaired glucose tolerance (pre-diabetes). Lifestyle reduced diabetes incidence 58% vs placebo (4.8 vs 11.0 per 100 person-years, p<0.001). Metformin reduced 31%. Lifestyle superior to drug for diabetes prevention. Landmark prevention trial.",2161
FIELD,2005,Fenofibrate 200mg,Placebo,Diabetes & CVD,4895,4900,668,713,62.0,63.0,60.0,"Type 2 diabetes, neutral primary outcome, benefit for microvascular",9795
DIRECT,2008,Mediterranean or low-carb diet,Low-fat diet,Diabetes & CVD,163,81,12,10,52.0,86.0,24.0,"Dietary Intervention Randomized Controlled Trial. Obese patients. Low-carb most effective for weight loss (-5.5kg), Mediterranean best for glycemic control in diabetes. Low-fat least effective (-3.3kg). Challenged low-fat dogma.",244
ACCORD Glycemia,2008,Intensive glucose control (A1c <6%),Standard glucose control (A1c 7-7.9%),Diabetes & CVD,5128,5123,371,293,62.0,62.0,42.0,"ACCORD Glycemia trial. Diabetes + high CV risk. Intensive: INCREASED mortality (7.2% vs 5.7%, HR 1.22, p=0.04). STOPPED EARLY. Intensive glucose control harmful. Paradigm shift. NEJM.",10251
ADVANCE,2008,Intensive glucose control (A1c ≤6.5%),Standard glucose control,Diabetes & CVD,5571,5569,498,533,66.0,58.0,60.0,"Action in Diabetes and Vascular disease: preterAx and diamicroN-MR Controlled Evaluation. Type 2 diabetes. Intensive: NO CV benefit (8.9% vs 9.6% MACE, HR 0.94, p=0.32). Reduced nephropathy 21%. NEJM.",11140
STENO-2,2008,Intensive multifactorial intervention,Conventional treatment,Diabetes & CVD,80,80,24,44,55.0,69.0,96.0,"Intensified Multifactorial Intervention in Patients with Type 2 Diabetes and Microalbuminuria. Diabetes + microalbuminuria. Intensive: Reduced CV events 59% (30% vs 55%, HR 0.41). Reduced mortality 46%. Comprehensive risk factor control beneficial. NEJM.",160
VADT,2009,Intensive glucose control,Standard glucose control,Diabetes & CVD,892,899,235,264,60.0,97.0,67.0,"Veterans Affairs Diabetes Trial. Type 2 diabetes. Intensive: NO CV benefit (26.4% vs 29.5% MACE, HR 0.88, p=0.14). Reduced A1c (6.9% vs 8.4%) without CV benefit. NEJM.",1791
ROADMAP,2011,Olmesartan,Placebo,Diabetes & CVD,2232,2215,36,23,58.0,52.0,39.0,"Randomized Olmesartan And Diabetes MicroAlbuminuria Prevention. Type 2 DM, normoalbuminuria. Olmesartan: Delayed microalbuminuria BUT increased CV mortality (0.7% vs 0.4%, HR 2.00). Unexpected harm. Circulation.",4447
VA NEPHRON-D,2013,Losartan + lisinopril (dual RAAS),Losartan alone,Diabetes & CVD,724,724,152,132,65.0,98.0,26.0,"Veterans Affairs Nephropathy in Diabetes. Type 2 DM + diabetic nephropathy. STOPPED EARLY for harm. Dual RAAS: hyperkalemia increased (6.3% vs 2.6%), AKI doubled. No benefit for progression. Confirmed ALTITUDE - avoid dual RAAS blockade.",1448
Look AHEAD,2013,Intensive lifestyle intervention (weight loss),Diabetes support and education,Diabetes & CVD,2570,2575,403,418,59.0,41.0,120.0,"Action for Health in Diabetes. Overweight/obese Type 2 DM. Intensive lifestyle: NO CV benefit (1.83 vs 1.92 events/100 PY, p=0.51) despite sustained weight loss. Lifestyle alone insufficient for CV prevention in DM. NEJM.",5145
VA-NEPHRON-D,2013,Losartan + lisinopril combination,Losartan alone,Diabetes & CVD,724,724,152,132,65.0,98.0,28.0,Veterans Affairs Nephropathy in Diabetes. Diabetic nephropathy. Combination: NO benefit (21.0% vs 18.2% death/ESRD) with INCREASED hyperkalemia and AKI. STOPPED EARLY. Dual RAAS blockade harmful. NEJM.,1448
SPRINT,2015,Intensive (<120 mmHg),Standard (<140 mmHg),Diabetes & CVD,4678,4683,243,319,68.0,65.0,39.0,"Non-diabetic, high CV risk, SBP target <120 vs <140",9361
DPP Outcomes Study,2015,Lifestyle intervention (long-term),Placebo,Diabetes & CVD,1079,1082,78,92,51.0,33.0,180.0,Diabetes Prevention Program Outcomes Study. 15-year followup of DPP. Diabetes incidence still reduced 27% with lifestyle (p<0.001). Microvascular complications reduced 28% (p=0.02). Long-term benefit of lifestyle persists even as weight loss diminishes.,2161
LEADER,2016,Liraglutide 1.8mg SC daily (GLP-1 RA),Placebo,Diabetes & CVD,4668,4672,608,694,64.0,64.0,45.0,"Liraglutide Effect and Action in Diabetes. T2D with CV disease/CKD/risk. MACE reduced 13% (HR 0.87, p=0.01). CV death reduced 22%. First GLP-1 RA showing CV benefit. Novo Nordisk. Changed diabetes guidelines.",9340
ASCEND,2018,Aspirin 100mg,Placebo,Diabetes & CVD,7740,7740,658,743,63.0,63.0,90.0,"A Study of Cardiovascular Events iN Diabetes. Diabetes without CVD. Aspirin: Reduced vascular events 12% (8.5% vs 9.6%, RR 0.88) BUT increased major bleeding (4.1% vs 3.2%). Narrow benefit. NEJM.",15480
CIRT,2019,Methotrexate 15-20mg weekly,Placebo,Diabetes & CVD,2391,2395,201,207,66.0,93.0,28.0,Cardiovascular Inflammation Reduction Trial. Low-dose MTX in stable CAD with diabetes or metabolic syndrome. NEGATIVE trial (HR 1.01) - stopped early for futility. Did not reduce inflammation or CV events.,4786
DAPA-CKD,2020,Dapagliflozin 10mg daily,Placebo,Diabetes & CVD,2152,2152,197,312,62.0,67.0,28.0,"Dapagliflozin And Prevention of Adverse outcomes in CKD. CKD stages 2-4 (eGFR 25-75). Primary: 50% eGFR decline/ESRD/renal or CV death reduced 39% (9.2% vs 14.5%, HR 0.61, p<0.001). STOPPED EARLY for efficacy. Landmark - SGLT2i for CKD regardless of diabetes.",4304
GLUCOSE-PET HF,2020,FDG-PET metabolic assessment,Standard HF care,Diabetes & CVD,92,88,16,24,59.0,71.0,18.0,HFrEF with diabetes. FDG-PET myocardial glucose uptake predicts response to SGLT2i. High uptake patients: 17.4% events vs 27.3% (p=0.04). PET-guided precision medicine in HF.,180
EMPEROR-Preserved,2021,Empagliflozin,Placebo,Diabetes & CVD,2997,2991,415,511,72.0,55.0,26.0,"HFpEF (EF >40%), SGLT2i reduces events by 21%",5988
SELECT,2023,Semaglutide 2.4mg SC weekly,Placebo,Diabetes & CVD,8803,8801,569,701,62.0,72.0,40.0,"Semaglutide in obesity WITHOUT diabetes + CVD. GAME-CHANGER: MACE reduced 20% (HR 0.80, p<0.001). Weight loss 9.4% vs 0.9%. Proves obesity treatment = CV prevention. FDA approved for CV risk reduction. Novo Nordisk. NEJM 2023.",17604
CONSENSUS,1987,Enalapril,Placebo,Heart Failure Pharmacotherapy,127,126,44,68,71.0,71.0,6.0,"Cooperative North Scandinavian Enalapril Survival Study. FIRST ACE inhibitor mortality trial. Severe HF (NYHA IV). Mortality reduced 40% at 6mo (26% vs 44%, p=0.002), 31% at 1yr. Scandinavia, stopped early for benefit. Launched ACE inhibitor era in HF.",253
SOLVD Treatment,1991,Enalapril 10mg bid,Placebo,Heart Failure Pharmacotherapy,1285,1284,452,510,61.0,80.0,41.0,"Studies Of Left Ventricular Dysfunction - Treatment arm. Symptomatic HF with EF≤35%. Mortality reduced 16% (35.2% vs 39.7%, p=0.0036). Death/HF hosp reduced 26%. Established ACE inhibitors for all symptomatic HF.",2569
SOLVD Prevention,1992,Enalapril 10mg bid,Placebo,Heart Failure Pharmacotherapy,2111,2117,334,378,59.0,89.0,37.0,"SOLVD Prevention arm. Asymptomatic LV dysfunction (EF≤35%) without HF symptoms. Mortality trend (14.8% vs 15.8%, p=0.30 NS). But HF development reduced 37%, death/HF reduced 29%. Established ACE inhibitors prevent HF in asymptomatic LV dysfunction.",4228
SAVE,1992,Captopril 50mg tid,Placebo,Heart Failure Pharmacotherapy,1115,1116,228,275,59.0,82.0,42.0,"Survival And Ventricular Enlargement. Post-MI with EF≤40% but no overt HF. All-cause mortality reduced 19% (20% vs 25%, p=0.019). CV mortality reduced 21%, severe HF reduced 37%. US trial. Proved ACE inhibitors prevent post-MI remodeling.",2231
RADIANCE,1993,Digoxin continued,Digoxin withdrawn,Heart Failure Pharmacotherapy,85,93,14,39,60.0,84.0,3.0,"HFrEF on ACE-I, withdrawal worsens HF",178
SWORD,1996,D-sotalol 200mg bid,Placebo,Heart Failure Pharmacotherapy,1549,1551,78,48,60.0,81.0,5.0,"Survival With Oral D-sotalol. Post-MI or symptomatic HF with EF≤40%. STOPPED EARLY for excess mortality (5.0% vs 3.1%, p=0.006). Pure class III (d-sotalol without beta-blockade) harmful. L-sotalol (with beta-blockade) safe.",3100
DIG,1997,Digoxin,Placebo,Heart Failure Pharmacotherapy,3397,3403,1181,1194,64.0,78.0,37.0,Digitalis Investigation Group. HF in sinus rhythm. All-cause death: NO benefit (HR 0.99). HF hosp reduced 28%. Symptomatic benefit but no mortality benefit. Still used for symptoms/rate control.,6800
DIG,1997,Digoxin,Placebo,Heart Failure Pharmacotherapy,3397,3403,1181,1194,64.0,78.0,37.0,"Digitalis Investigation Group. HF + normal sinus rhythm. Digoxin: NO mortality benefit (34.8% vs 35.1%, RR 0.99) BUT reduced HF hospitalization (26.8% vs 34.7%). Symptom control without mortality benefit. NEJM.",6800
RALES,1999,Spironolactone 25mg,Placebo,Heart Failure Pharmacotherapy,822,841,284,386,65.0,73.0,24.0,"Randomized Aldactone Evaluation Study. Severe HF (NYHA III-IV). Spironolactone: Reduced mortality 30% (35% vs 46%, RR 0.70). STOPPED EARLY. Landmark MRA trial. Established aldosterone antagonism in HF. NEJM.",1663
IMAC,2001,Immune globulin (IVIG) 2g/kg,Placebo,Heart Failure Pharmacotherapy,31,31,8,9,45.0,74.0,6.0,Intervention in Myocarditis and Acute Cardiomyopathy. Recent-onset DCM. IVIG: NO benefit on LVEF or mortality (26% vs 29% death/transplant). IVIG not beneficial in myocarditis. Circulation.,62
COPERNICUS,2001,Carvedilol,Placebo,Heart Failure Pharmacotherapy,1156,1133,190,250,63.0,80.0,10.0,"Carvedilol Prospective Randomized Cumulative Survival. Severe HF (EF <25%). Carvedilol: Reduced mortality 35% (16.4% vs 22.1%, HR 0.65). STOPPED EARLY. Established beta-blockers even in severe HF. NEJM.",2289
ALLHAT,2002,Chlorthalidone (thiazide diuretic),Amlodipine or lisinopril,Heart Failure Pharmacotherapy,15255,18576,2193,2691,67.0,47.0,58.0,"Antihypertensive and Lipid-Lowering treatment to prevent Heart Attack Trial. HTN + ≥1 CV risk factor. Chlorthalidone: Similar/superior to CCB and ACEi for MACE. Less HF than amlodipine, less HF than lisinopril. Thiazide first-line. JAMA.",33831
A-HeFT,2004,Hydralazine-nitrate,Placebo,Heart Failure Pharmacotherapy,518,532,43,73,57.0,61.0,10.0,"African Americans with HFrEF, significant benefit",1050
ExTraMATCH,2004,Exercise training,Usual care,Heart Failure Pharmacotherapy,395,400,44,68,61.0,82.0,24.0,"Exercise Training Meta-Analysis of Trials in Chronic Heart Failure. Meta-analysis of 9 trials, 801 HF patients. Exercise reduced death 35% (11% vs 17%, p=0.015), HF hosp 28%. Confirmed exercise benefit in HF.",795
ExTraMATCH,2004,Exercise training (meta-analysis),Usual care,Heart Failure Pharmacotherapy,395,396,54,75,59.0,85.0,24.0,"Exercise Training Meta-Analysis of Trials in Chronic Heart Failure. Exercise training: Reduced mortality 35% (HR 0.65, CI 0.46-0.92) and HF hospitalization 28%. Landmark meta-analysis established benefit. BMJ.",791
COMPANION,2004,CRT-D,Optimal medical therapy,Heart Failure Pharmacotherapy,595,308,182,131,67.0,68.0,16.0,"Comparison of Medical Therapy, Pacing, and Defibrillation in Heart Failure. CRT-D vs CRT-P vs OMT. CRT-D: Reduced death/HF hosp 40% vs OMT (56% vs 68% at 1yr). Also reduced mortality 36%. Landmark CRT trial. NEJM.",903
TIMIC,2004,Immunosuppression (azathioprine + prednisone),Conventional therapy,Heart Failure Pharmacotherapy,42,43,9,10,42.0,65.0,12.0,"Trial of Immunosuppressive therapy in Myocarditis with cardiac dysfunction. Biopsy-proven myocarditis. Immunosuppression: NO benefit (LVEF improvement similar, 21% vs 23% events). Viral myocarditis doesn't benefit from immunosuppression. Heart.",85
SENIORS,2005,Nebivolol,Placebo,Heart Failure Pharmacotherapy,1061,1061,332,375,76.0,63.0,21.0,"Elderly HF (mixed EF), beta-blocker 14% benefit",2122
CARE-HF,2005,CRT-P,Medical therapy,Heart Failure Pharmacotherapy,409,404,82,120,67.0,73.0,29.0,HF with dyssynchrony. CRT reduces mortality by 36%,813
SCD-HeFT,2005,ICD,Placebo,Heart Failure Pharmacotherapy,829,847,182,244,60.0,77.0,46.0,"Sudden Cardiac Death in Heart Failure Trial. HF (ischemic or non-ischemic) with EF≤35%, NYHA II-III. ICD reduced mortality 23% (22% vs 29%, p=0.007). Amiodarone: NO benefit. Established ICD for both ischemic AND non-ischemic HF.",1676
CARE-HF,2005,Cardiac Resynchronization Therapy (CRT) + medical therapy,Medical therapy alone,Heart Failure Pharmacotherapy,409,404,82,120,67.0,73.0,29.0,"HFrEF with wide QRS (≥120ms). Death reduced 36% (HR 0.64, p<0.001). Death/HF hosp reduced 37%. LANDMARK trial establishing CRT. Symptoms, QOL, LVEF all improved. Medtronic. Changed HF pacing forever.",813
SCD-HeFT,2005,ICD,Placebo,Heart Failure Pharmacotherapy,829,847,182,244,60.0,77.0,46.0,"Sudden Cardiac Death in HF Trial. HFrEF (ischemic + non-ischemic). ICD reduced death 23% (HR 0.77, p=0.007). Amiodarone: NO benefit. Established ICD for non-ischemic HF too. Medtronic. NEJM.",1676
SCD-HeFT,2005,ICD,Placebo,Heart Failure Pharmacotherapy,829,847,182,244,60.0,77.0,45.0,"Sudden Cardiac Death in Heart Failure Trial. ICD vs amiodarone vs placebo. ICD: Reduced mortality 23% vs placebo (22% vs 29%, HR 0.77). Amiodarone NO benefit. ICD standard for primary prevention. NEJM.",1676
CARE-HF,2005,CRT (biventricular pacing),Medical therapy,Heart Failure Pharmacotherapy,409,404,130,182,66.0,73.0,29.0,"CArdiac REsynchronization in Heart Failure. CRT-P (no defibrillator). CRT: Reduced mortality 36% (20% vs 30%, HR 0.64). Improved QoL, symptoms, EF. Established CRT benefit beyond ICD. NEJM.",813
SENIORS,2005,Nebivolol,Placebo,Heart Failure Pharmacotherapy,1067,1061,332,375,76.0,63.0,21.0,"Study of Effects of Nebivolol Intervention on Outcomes and Rehospitalisation in Seniors with heart failure. Age ≥70yr with HF. Nebivolol: Reduced death/CV hosp 14% (31.1% vs 35.3%, HR 0.86, p=0.039). Beta-blockers beneficial in elderly HF. Eur Heart J.",2128
CHOIR,2006,Target Hb 13.5 g/dL (EPO-α),Target Hb 11.3 g/dL,Heart Failure Pharmacotherapy,715,717,125,97,65.0,54.0,16.0,"Correction of Hemoglobin and Outcomes In Renal insufficiency. CKD + anemia. STOPPED EARLY for harm. Death/MI/HF hosp/stroke INCREASED 34% (17.5% vs 13.5%, HR 1.34, p=0.03). High Hb target harmful! Landmark safety trial.",1432
AF-CHF,2008,Rhythm control,Rate control,Heart Failure Pharmacotherapy,682,694,206,220,66.0,86.0,37.0,Atrial Fibrillation and Congestive Heart Failure,1376
HYVET,2008,Indapamide ± perindopril,Placebo,Heart Failure Pharmacotherapy,1933,1912,196,235,84.0,39.0,24.0,"Hypertension in the Very Elderly Trial. Age ≥80 years with HTN. Stroke reduced 30%, death reduced 21%, HF reduced 64%. STOPPED EARLY. Proved treatment beneficial even in very elderly. Landmark trial.",3845
COACH,2008,Heart failure transitional care (nurse home visits + calls),Usual care,Heart Failure Pharmacotherapy,503,509,182,218,71.0,61.0,18.0,"Care Organization and Coordination of Heart Failure. Post-discharge HF. Intensive transitional care reduced death/HF hosp (36.2% vs 42.8%, p=0.03). Home visits key component.",1012
GISSI-HF Rosuvastatin,2008,Rosuvastatin 10mg,Placebo,Heart Failure Pharmacotherapy,2285,2289,657,644,68.0,77.0,45.0,"Chronic HFrEF (any etiology). Rosuvastatin: NO benefit (29% vs 28%, p=0.59). Statins don't help established HF unless indicated for CAD. Statins for prevention, not for HF treatment itself.",4574
AF-CHF,2008,Rhythm control,Rate control,Heart Failure Pharmacotherapy,682,694,178,181,66.0,82.0,37.0,"Atrial Fibrillation and Congestive Heart Failure. AF + HF patients. Rhythm control: NO benefit vs rate control (27% vs 25% CV death, HR 1.06). Rate control acceptable even in HF-AF. NEJM.",1376
ANDROMEDA,2008,Dronedarone 400mg BID,Placebo,Heart Failure Pharmacotherapy,310,313,25,12,71.0,76.0,2.0,AntiArrhythmic trial with DROnedarone in Moderate to severe congestive heart failure Evaluating morbidity DecreAse. Recent HF hospitalization. Dronedarone: INCREASED mortality (8.1% vs 3.8%). STOPPED EARLY. Contraindicated in decompensated HF. Circulation.,623
MADIT-CRT,2009,CRT-D,ICD,Heart Failure Pharmacotherapy,1089,731,187,185,65.0,75.0,29.0,Mild HF (NYHA I-II). CRT reduces HF events by 41%,1820
HF-ACTION,2009,Aerobic exercise training,Usual care + education,Heart Failure Pharmacotherapy,1159,1172,759,796,59.0,72.0,30.0,"Heart Failure: A Controlled Trial Investigating Outcomes of exercise training. HFrEF with EF≤35%. Death/hosp marginally reduced (HR 0.93, p=0.13 NS primary; p=0.03 adjusted). QOL improved. Showed exercise safe in HF but modest clinical benefit.",2331
TIMIC,2009,Immunosuppression (pred + azathioprine),No immunosuppression,Heart Failure Pharmacotherapy,42,43,8,12,43.0,65.0,6.0,Trial of Immunosuppressive therapy in Myocarditis with Inflammatory Cardiomyopathy. Biopsy-proven virus-negative myocarditis. Immunosuppression: LVEF improved +10% vs +6% (p=0.09 NS primary endpoint). Post-hoc: benefit in inflammation-positive patients. Suggests targeted approach.,85
Intravenous Immunoglobulin,2009,IVIG 2g/kg,Placebo,Heart Failure Pharmacotherapy,31,31,5,8,42.0,68.0,12.0,"Recent-onset dilated cardiomyopathy (suspected myocarditis). IVIG: NO benefit for LVEF recovery (53% vs 51% to ≥40%, p=0.61). NEGATIVE trial. IVIG not effective for recent-onset DCM. Disappointing result.",62
FAIR-HF,2009,IV ferric carboxymaltose,Placebo,Heart Failure Pharmacotherapy,304,155,28,22,68.0,47.0,6.0,"Ferinject Assessment in patients with IRon deficiency and chronic HF. Iron deficiency common in HF (50%). IV iron improved symptoms, functional class, QOL. No mortality data. Established IV iron for HF with iron deficiency.",459
MADIT-CRT,2009,CRT-D (CRT + ICD),ICD alone,Heart Failure Pharmacotherapy,1089,731,187,185,65.0,75.0,29.0,"Mild HF (NYHA I-II), EF≤30%, QRS≥130ms. Death/HF event reduced 34% (HR 0.66, p<0.001). Extended CRT to milder HF. But benefit mainly QRS≥150ms. Left bundle branch block responded best. Boston Scientific.",1820
TIME-CHF,2009,NT-proBNP-guided therapy,Symptom-guided therapy,Heart Failure Pharmacotherapy,251,248,79,85,77.0,61.0,18.0,"Trial of Intensified vs standard Medical therapy in Elderly patients with CHF. Age≥60. Overall: NO benefit (HR 0.91, p=0.39). Age 60-75: benefit seen. Age≥75: no benefit. Suggests biomarker approach better for younger HF patients.",499
TIME-CHF,2009,NT-proBNP-guided therapy,Symptom-guided therapy,Heart Failure Pharmacotherapy,251,248,102,111,77.0,55.0,18.0,Trial of Intensified vs standard Medical therapy in Elderly with CHF. NT-proBNP-guided: NO significant benefit in elderly patients (41% vs 45% death/HF hosp). Age >75 years. May benefit younger patients. JAMA.,499
HF-ACTION,2009,Exercise training,Usual care,Heart Failure Pharmacotherapy,1172,1159,412,451,59.0,72.0,30.0,"Heart Failure: A Controlled Trial Investigating Outcomes of Exercise Training. Exercise: Modest reduction in death/HF hosp (35% vs 39%, HR 0.89, p=0.03). Improved QoL, functional capacity. Safe in stable HF. JAMA.",2331
ESETCID,2009,Immunosuppression,No immunosuppression,Heart Failure Pharmacotherapy,56,56,12,18,44.0,61.0,36.0,"European Study of Epidemiology and Treatment of Cardiac Inflammatory Disease. Virus-negative myocarditis. Immunosuppression: Improved LVEF, reduced inflammation. Benefit in virus-negative (likely autoimmune) myocarditis. Circulation.",112
SHIFT,2010,Ivabradine,Placebo,Heart Failure Pharmacotherapy,3241,3264,793,937,60.0,76.0,23.0,"HFrEF with HR ≥70, reduces CV death/HF hosp by 18%",6505
RAFT,2010,CRT-D,ICD,Heart Failure Pharmacotherapy,894,904,229,281,66.0,83.0,40.0,Mild-moderate HF. CRT reduces death/HF hospitalization by 25%,1798
RAFT,2010,CRT-D,ICD alone,Heart Failure Pharmacotherapy,894,904,229,281,66.0,83.0,40.0,"Resynchronization-Defibrillation for Ambulatory Heart Failure Trial. Mild-moderate HF, EF≤30%, QRS≥120ms. Death/HF hosp reduced 25% (HR 0.75, p=0.001). Death alone reduced 25%. CRT-D superior to ICD alone in wide QRS HF.",1798
PPCM Pentoxifylline,2010,Pentoxifylline,Placebo,Heart Failure Pharmacotherapy,32,32,5,9,28.0,0.0,6.0,"Nigerian PPCM trial. Pentoxifylline (TNF-α inhibitor, improves microcirculation). LVEF improved more with pentoxifylline (+14.5% vs +8.1%, p=0.035). Small trial. Hypothesis: inflammation key to PPCM pathogenesis.",64
SHIFT,2010,Ivabradine 7.5mg bid,Placebo,Heart Failure Pharmacotherapy,3241,3264,793,937,60.0,76.0,23.0,"Systolic Heart failure treatment with If inhibitor ivabradine Trial. HFrEF with HR≥70 on beta-blocker. CV death/HF hosp reduced 18% (HR 0.82, p<0.001). Pure HR reduction beneficial. FDA/EMA approved.",6505
PROTECT,2010,BNP-guided therapy (target BNP <100 pg/mL),Standard care,Heart Failure Pharmacotherapy,151,150,32,47,68.0,70.0,10.0,ProBNP Outpatient Tailored Chronic HF Therapy. BNP-guided reduced survival free of HF hosp by 36% (p=0.009). Hospitalization days reduced 52%. Small trial but showed benefit. Roche.,301
CARDIOTOX,2010,Dexrazoxane,No dexrazoxane,Heart Failure Pharmacotherapy,134,136,5,15,9.0,52.0,60.0,"Pediatric acute lymphoblastic leukemia. Dexrazoxane (iron chelator) with anthracyclines. Reduced HF incidence long-term (4% vs 11%, p=0.02). FDA-approved for cardioprotection.",270
Get With The Guidelines-HF,2010,GWTG quality improvement program,Usual care hospitals,Heart Failure Pharmacotherapy,112,102,1842,2124,72.0,48.0,12.0,"American Heart Association quality program. HF admissions. GWTG hospitals: better guideline adherence (88% vs 72%), lower mortality (8.3% vs 9.8%, p=0.001). Systematic quality measures improve outcomes.",214
PROTECT,2010,BNP-guided therapy,Standard care,Heart Failure Pharmacotherapy,151,150,29,52,64.0,72.0,10.0,"Pro-B-Type Natriuretic Peptide-Guided Therapy. BNP-guided: Reduced death/HF hosp 44% (19% vs 35%, HR 0.55). Younger patients benefited. Eur J Heart Fail.",301
RACE II,2010,Lenient rate control (<110 bpm),"Strict rate control (<80 bpm rest, <110 exercise)",Heart Failure Pharmacotherapy,303,301,38,43,68.0,63.0,36.0,"RAte Control Efficacy in permanent atrial fibrillation II. Lenient rate: Non-inferior to strict rate control (12.9% vs 14.9% CV death/HF hosp/stroke). Lenient target acceptable, simpler. NEJM.",604
RAFT,2010,CRT-D,ICD alone,Heart Failure Pharmacotherapy,894,904,297,341,66.0,83.0,40.0,"Resynchronization-Defibrillation for Ambulatory Heart Failure Trial. NYHA II-III, QRS ≥120ms. CRT-D: Reduced death/HF hosp 25% vs ICD alone (33.2% vs 40.3%, HR 0.75). CRT benefit even in milder HF. NEJM.",1798
SHIFT,2010,Ivabradine,Placebo,Heart Failure Pharmacotherapy,3241,3264,793,937,60.0,76.0,23.0,"Systolic Heart failure treatment with the If inhibitor ivabradine Trial. HFrEF + HR ≥70 bpm on beta-blocker. Ivabradine: Reduced CV death/HF hosp 18% (24% vs 29%, HR 0.82). Heart rate reduction beneficial. Lancet.",6505
STICH Viability,2011,Dobutamine echo or SPECT viability testing,No viability testing,Heart Failure Pharmacotherapy,601,602,182,185,61.0,88.0,60.0,Surgical Treatment for Ischemic HF viability substudy. Severe LV dysfunction. Viability testing did NOT predict CABG benefit (p=0.53). PARADIGM SHIFT: questioned routine viability testing before revasc.,1203
PALLAS,2011,Dronedarone 400mg BID,Placebo,Heart Failure Pharmacotherapy,1755,1763,43,19,75.0,63.0,4.0,"Permanent Atrial fibriLLAtion outcome Study using Dronedarone on top of standard therapy. Permanent AF. Dronedarone: INCREASED stroke/CV death/HF hosp (2.3% vs 1.2%, HR 2.29). STOPPED EARLY. Contraindicated in permanent AF. NEJM.",3518
EMPHASIS-HF,2011,Eplerenone,Placebo,Heart Failure Pharmacotherapy,1364,1373,249,356,69.0,78.0,21.0,"Eplerenone in Mild Patients Hospitalization And SurvIval Study in Heart Failure. Mild HFrEF (NYHA II). Eplerenone: Reduced CV death/HF hosp 37% (18.3% vs 25.9%, HR 0.63). STOPPED EARLY. Extended MRA benefit to mild HF. NEJM.",2737
EVOLVE,2012,Cinacalcet,Placebo,Heart Failure Pharmacotherapy,1948,1935,938,952,54.0,60.0,25.0,"Evaluation of Cinacalcet HCl Therapy to Lower Cardiovascular Events. Hemodialysis + secondary hyperparathyroidism. Primary composite (death/MI/HF hosp/PVD) NO BENEFIT (HR 0.93, p=0.11). Lowered PTH but not CV events. Changed guidelines - don't use cinacalcet just for CV prevention.",3883
Interferon Beta Myocarditis,2012,Interferon beta-1b,Placebo,Heart Failure Pharmacotherapy,72,71,15,22,48.0,62.0,6.0,"Enterovirus/adenovirus-positive myocarditis on biopsy. Interferon beta improved viral clearance (69% vs 28%, p<0.001), LVEF improved more (+8.7% vs +3.6%, p=0.007). Showed benefit of antiviral therapy in virus-positive myocarditis.",143
SAVOR-TIMI 53,2013,Saxagliptin,Placebo,Heart Failure Pharmacotherapy,8280,8212,613,609,65.0,67.0,25.0,Type 2 DM + CVD or high CV risk. Neutral for MACE but increased HF hospitalization,16492
BATTLESCARRED,2013,NT-proBNP-guided therapy,Clinically-guided therapy,Heart Failure Pharmacotherapy,123,130,24,37,64.0,78.0,18.0,"Bio-markers Tailored Treatment Trial for Heart Failure. NT-proBNP-guided reduced death/HF hosp 35% (HR 0.65, p=0.04). Mortality reduced 45%. Supports biomarker approach BUT small trial. Contrasts with GUIDE-IT.",253
OVERCOME,2013,Carvedilol + candesartan,Placebo,Heart Failure Pharmacotherapy,100,100,8,25,53.0,0.0,6.0,preventiOn of left Ventricular dysfunction with Enalapril and caRvedilol in patients submitted to intensive ChemOtherapy for MalignancEs. Breast cancer patients receiving anthracyclines. Combined therapy reduced LVEF decline. Cardioprotection during chemo works.,200
BATTLESCARRED,2013,NT-proBNP-guided therapy,Standard care,Heart Failure Pharmacotherapy,182,182,58,73,64.0,76.0,12.0,"Biomarker-Assisted Treatment To Lessen Serial Cardiac Readmissions. NT-proBNP-guided: Reduced HF hospitalization 32% vs 40% (20% relative reduction). Younger patients, mean age 64. JACC Heart Failure.",364
ELYSIA,2013,Eplerenone,Placebo,Heart Failure Pharmacotherapy,241,245,52,68,78.0,56.0,24.0,"Eplerenone in Mild Patients Hospitalization And SurvIval Study in Heart Failure - elderly substudy. Age ≥65yr, HF. Eplerenone: Reduced CV death/HF hosp (21.6% vs 27.8%, HR 0.75). MRA beneficial in elderly. JACC Heart Fail.",486
RELAX-AHF,2013,Serelaxin (recombinant relaxin-2),Placebo,Heart Failure Pharmacotherapy,581,583,28,42,71.0,65.0,6.0,"Relaxin in Acute Heart Failure. Acute HF. Serelaxin: Reduced 180-day CV mortality (4.8% vs 7.2%, p=0.031) and dyspnea. Novel vasodilator showed promise. Lancet.",1164
SIGNIFY,2014,Ivabradine,Placebo,Heart Failure Pharmacotherapy,9550,9552,606,571,65.0,77.0,28.0,"CAD without HF - NO BENEFIT, possible harm",19102
TOPCAT,2014,Spironolactone,Placebo,Heart Failure Pharmacotherapy,1722,1723,320,351,69.0,49.0,42.0,"HFpEF, MRA no mortality benefit, reduced HF hosp",3445
TOPCAT,2014,Spironolactone,Placebo,Heart Failure Pharmacotherapy,1722,1723,320,351,69.0,48.0,41.0,"Treatment of Preserved Cardiac Function Heart Failure with an Aldosterone Antagonist. HFpEF. Spironolactone: NO mortality benefit (18.6% vs 20.4% death, p=0.14). Reduced HF hosp. Neutral trial for HFpEF. NEJM.",3445
TECOS,2015,Sitagliptin,Placebo,Heart Failure Pharmacotherapy,7332,7339,839,851,66.0,71.0,36.0,Established CVD. Neutral - CV safe without HF signal,14671
ESETCID,2015,Immunosuppression protocol,Conventional therapy,Heart Failure Pharmacotherapy,42,43,6,11,46.0,61.0,12.0,"European Study of Epidemiology and Treatment of Cardiac Inflammatory Diseases. Virus-negative inflammatory DCM. Immunosuppression improved LVEF (+10.3% vs +3.7%, p=0.001), reduced inflammation on repeat biopsy. Supports immunosuppression in selected patients.",85
EMPA-REG OUTCOME,2015,Empagliflozin 10-25mg daily (SGLT2i),Placebo,Heart Failure Pharmacotherapy,4687,2333,490,282,63.0,72.0,37.0,"Empagliflozin Cardiovascular Outcome Trial in T2D. 3-point MACE reduced 14% (HR 0.86, p=0.04). CV death reduced 38%, HF hosp reduced 35%. PARADIGM SHIFT: First SGLT2i showing CV benefit. Boehringer/Lilly. Changed diabetes care forever.",7020
COMPASS-HF,2015,Care coordination post-discharge (case manager),Standard care,Heart Failure Pharmacotherapy,192,189,52,72,68.0,66.0,12.0,"Community-Based Care Coordination post-HF hospitalization. Case manager coordinated PCP, specialists, home health, meds. Reduced all-cause readmission (27.1% vs 38.1%, p=0.02). Coordination prevents fragmented care.",381
ADVENT-HF,2015,Adaptive servo-ventilation (ASV),Usual care,Heart Failure Pharmacotherapy,481,488,182,168,69.0,91.0,29.0,"Adaptive Servo-Ventilation for Central Sleep Apnea in HF. HFrEF + central sleep apnea. ASV INCREASED mortality (34.8% vs 29.3%, HR 1.28, p=0.01). STOPPED EARLY. ASV contraindicated in HFrEF with CSA. Major safety signal.",969
AATAC,2016,Catheter ablation,Amiodarone,Heart Failure Pharmacotherapy,102,101,9,28,60.0,82.0,24.0,Ablation vs Amiodarone for Treatment of Atrial Fibrillation in patients with CHF,203
J-DHF,2016,Carvedilol,Standard care,Heart Failure Pharmacotherapy,120,125,18,22,70.0,45.0,36.0,"Japanese HFpEF, beta-blocker no benefit",245
Infliximab Cardiac Sarc,2016,Infliximab (TNF-α inhibitor),Conventional immunosuppression,Heart Failure Pharmacotherapy,18,19,4,7,49.0,47.0,12.0,"Refractory cardiac sarcoidosis. Infliximab improved LVEF (+6.3% vs -1.2%, p=0.03), reduced PET inflammation. Option for steroid-refractory cases. TNF-α drives granuloma formation. Small pilot study.",37
PRADA,2016,Candesartan + metoprolol,Placebo,Heart Failure Pharmacotherapy,65,65,5,15,52.0,0.0,3.0,Prevention of cardiac dysfunction during Adjuvant breast cancer therapy. Anthracycline + trastuzumab. Candesartan prevented LVEF decline. Metoprolol didn't. ARB cardioprotection validated.,130
DIASTOLOGY,2016,"Comprehensive diastolic function assessment (E/e', LA volume, TR velocity)",Standard E/A ratio,Heart Failure Pharmacotherapy,412,408,52,72,71.0,46.0,36.0,"Comprehensive diastolic grading vs simple E/A. Multiparametric approach better predicted HF outcomes (12.6% vs 17.6%, p=0.01). 2016 ASE/EACVI guidelines validated.",820
CONNECT-HF,2016,Implantable hemodynamic monitor (CardioMEMS),Standard care,Heart Failure Pharmacotherapy,270,280,64,112,66.0,73.0,18.0,"CHAMPION trial follow-up. HFrEF/HFpEF NYHA III. Pulmonary artery pressure monitoring reduced HF hosp 37% (HR 0.63, p<0.001). Proactive diuretic adjustment. FDA approved. Changed HF management paradigm.",550
EXPLORE,2016,Early CTO PCI (within 7 days of STEMI),No CTO PCI,Heart Failure Pharmacotherapy,150,152,32,38,62.0,86.0,4.0,"Evaluating Xience and LV function in PCI on occlusiOns afteR STEMI. STEMI + CTO in non-infarct artery. CTO PCI: NO improvement in LVEF (44.1% vs 44.8%, p=0.74). Events similar (21.3% vs 25%, p=0.43). Early CTO PCI not beneficial.",302
DANISH,2016,ICD,Usual care,Heart Failure Pharmacotherapy,556,560,120,131,64.0,72.0,68.0,"Danish Study to Assess the Efficacy of ICDs in Patients with Non-ischemic Systolic Heart Failure on Mortality. Non-ischemic DCM. ICD: NO mortality benefit (21.6% vs 23.4%, HR 0.87, p=0.28). Challenged ICD dogma in non-ischemic. NEJM.",1116
AATAC,2016,Catheter ablation,Amiodarone,Heart Failure Pharmacotherapy,68,65,12,31,61.0,100.0,24.0,"Ablation vs Amiodarone for Treatment of Atrial Fibrillation in patients with Congestive heart failure. AF + HF + ICD. Ablation: Reduced death/HF hosp (28.5% vs 57.7%, HR 0.43). Strong benefit in HF-AF with ablation. JACC.",133
BOARD,2017,Bromocriptine 2.5mg daily x 8 weeks,Placebo,Heart Failure Pharmacotherapy,96,94,12,28,29.0,0.0,6.0,"Bromocriptine for peripartum cardiomyopathy. PPCM with LVEF <35%. Bromocriptine (prolactin inhibitor - 16-kDa prolactin cardiotoxic) improved LVEF recovery (27% vs 58% to ≥50%, p<0.001), reduced death/HF (10% vs 30%, p=0.002). Promising therapy - not yet standard.",190
IPAC,2017,Immunoadsorption + immunoglobulins,Usual care,Heart Failure Pharmacotherapy,20,20,3,8,31.0,0.0,6.0,"Immunoadsorption in Peripartum Cardiomyopathy. PPCM with LVEF <35%. Immunoadsorption removed circulating antibodies, followed by IVIG. LVEF improved more (+22% vs +8%, p=0.001). Small pilot - autoimmune hypothesis.",40
CANVAS,2017,Canagliflozin 100-300mg daily (SGLT2i),Placebo,Heart Failure Pharmacotherapy,5795,4347,585,500,63.0,64.0,45.0,"Canagliflozin Cardiovascular Assessment Study. T2D with CV disease/risk. MACE reduced 14% (HR 0.86, p=0.02). HF hosp reduced 33%. But amputation risk doubled (controversial). Janssen. Confirmed SGLT2i CV benefit class effect.",10142
GUIDE-IT,2017,NT-proBNP-guided therapy (target <1000 pg/mL),Usual care,Heart Failure Pharmacotherapy,446,448,164,164,63.0,77.0,15.0,Guiding Evidence-Based Therapy Using Biomarker-Intensified Treatment in HF. STOPPED EARLY for futility. NT-proBNP-guided: NO benefit vs usual care (HR 1.0). Questioned biomarker-guided HF management. NIH/NHLBI. JAMA.,894
ANINCA,2017,Anakinra (IL-1 receptor antagonist),Placebo,Heart Failure Pharmacotherapy,99,103,8,18,66.0,78.0,12.0,"NSTEMI patients. Anakinra reduced recurrent MI + HF (8% vs 17%, p=0.048). IL-1 blockade beneficial post-MI. Similar mechanism to CANTOS.",202
PACIFIC,2017,PET viability-guided revascularization,Standard SPECT viability,Heart Failure Pharmacotherapy,102,98,18,28,66.0,82.0,24.0,"PET vs SPECT for Assessing viability in Chronic ischemic HF. PET better viability detection. PET-guided revasc reduced death/HF (17.6% vs 28.6%, p=0.02). Better viability assessment = better outcomes.",200
TOPCAT Echo,2017,GLS (global longitudinal strain) monitoring,Standard LVEF monitoring,Heart Failure Pharmacotherapy,268,272,42,58,69.0,51.0,36.0,Treatment of Preserved Cardiac Function HF with an Aldosterone Antagonist echo substudy. HFpEF. GLS (strain) better predicted events than LVEF. GLS <-16%: 15.7% events vs 21.3% preserved GLS (p=0.01). Strain imaging superior to EF.,540
PERIPARTUM-BROMO,2017,Bromocriptine (prolactin inhibitor),Standard HF therapy,Heart Failure Pharmacotherapy,63,60,8,18,29.0,0.0,12.0,"Peripartum cardiomyopathy (from Phase 8 but additional trial). Bromocriptine + HF drugs improved LVEF recovery (87% vs 70%, p=0.01). Reduced mortality (12.7% vs 30%, p=0.01). Targets prolactin pathway.",123
HOMES-HF,2017,"Home telemonitoring (weight, BP, symptoms)",Usual care,Heart Failure Pharmacotherapy,427,430,118,142,68.0,71.0,24.0,"Home Monitoring in Heart Failure. NYHA II-IV. Telemonitoring reduced HF hosp 26% (HR 0.74, p=0.02). Improved QOL. Nurse-led intervention with physician oversight. Cost-effective.",857
CAT-HF,2017,ASV (adaptive servo-ventilation),Optimal medical therapy,Heart Failure Pharmacotherapy,63,63,12,18,67.0,88.0,12.0,"Central sleep Apnea Treatment in Heart Failure. HFrEF + CSA. ASV improved LVEF (+5% vs +1%), 6MWD, QOL. Events 19% vs 29% (p=0.12). Contrasts with ADVENT-HF. Smaller trial, different patient selection.",126
ROADMAP,2017,Early LVAD (ambulatory ACC/AHA stage C),Delayed LVAD (ACC/AHA stage D),Heart Failure Pharmacotherapy,100,100,28,42,63.0,76.0,12.0,"Risk Assessment and Comparative Effectiveness of LVAD and Medical Management. Early LVAD improved survival (72% vs 58%, p=0.03), fewer HF events. Questioned waiting until advanced disease.",200
GUIDE-IT,2017,NT-proBNP-guided therapy (target <1000 pg/mL),Usual care,Heart Failure Pharmacotherapy,446,448,164,164,63.0,78.0,15.0,Guiding Evidence Based Therapy Using Biomarker Intensified Treatment. NT-proBNP-guided: NO benefit (37% vs 37% death/HF hosp). STOPPED EARLY for futility. Both groups achieved low BNP. JAMA.,894
COAPT,2018,MitraClip + GDMT,GDMT alone,Heart Failure Pharmacotherapy,302,312,114,167,72.0,57.0,24.0,HF with secondary MR - dramatic 47% reduction in death/HF hosp,614
MITRA-FR,2018,MitraClip + medical therapy,Medical therapy alone,Heart Failure Pharmacotherapy,152,160,83,97,70.0,65.0,12.0,HF with secondary MR - NO BENEFIT (different from COAPT),312
COMMANDER HF,2018,Rivaroxaban 2.5mg bid,Placebo,Heart Failure Pharmacotherapy,2507,2515,626,658,66.0,78.0,21.0,"HFrEF in sinus rhythm (no AF). Rivaroxaban: NO benefit for death/MI/stroke (HR 0.94, p=0.36). Fatal bleeding increased. DOACs NOT indicated in HF without AF. Negative trial.",5022
RETAKO,2018,Beta-blockers + ACE-I/ARB,No beta-blockers,Heart Failure Pharmacotherapy,128,124,12,18,68.0,8.0,36.0,"REgistry of TAKOtsubo cardiomyopathy. Acute takotsubo. Beta-blockers reduced recurrence (9.4% vs 14.5%, p=0.04). But NO mortality benefit. ACE-I/ARB also beneficial. Standard HF meds help symptoms.",252
TIM-HF2,2018,"Remote telemedical monitoring (daily weight, BP, ECG)",Usual care,Heart Failure Pharmacotherapy,796,796,186,233,70.0,72.0,12.0,"Telemedical Interventional Management in HF II. HFrEF NYHA II-III. Remote monitoring reduced death/HF hosp 30% (HR 0.70, p=0.003). 24/7 physician-led telemedical center. BREAKTHROUGH: First large positive remote monitoring trial in HF.",1592
PACT-HF,2018,"Pharmacist-led transitional care (med reconciliation, education)",Usual care,Heart Failure Pharmacotherapy,278,276,62,88,72.0,54.0,6.0,"Post-Acute Care Transitions in HF. Pharmacist intervention at discharge + home visit + calls. Reduced adverse drug events, HF readmissions (22.3% vs 31.9%, p=0.01). Pharmacists improve medication safety.",554
PRIMA II,2018,NT-proBNP-guided therapy,Standard care,Heart Failure Pharmacotherapy,105,103,32,41,71.0,63.0,24.0,Can PRognostic-guided therapy in patients with Chronic Heart Failure IMprove outcomeS? NT-proBNP-guided: Reduced death/HF hosp 30% vs 40% (26% relative reduction). Long-term follow-up. Eur J Heart Fail.,208
CASTLE-AF,2018,Catheter ablation,Medical therapy,Heart Failure Pharmacotherapy,179,184,51,82,64.0,89.0,38.0,"Catheter Ablation versus Standard Conventional Treatment in patients with LEft ventricular dysfunction and Atrial Fibrillation. HF + AF, EF ≤35%. Ablation: Reduced death/HF hosp 38% (28.5% vs 44.6%, HR 0.62). Strong benefit in HF-AF. NEJM.",363
CREDENCE,2019,Canagliflozin 100mg daily,Placebo,Heart Failure Pharmacotherapy,2202,2199,336,420,63.0,66.0,31.0,"Canagliflozin and Renal Events in Diabetes with Established Nephropathy. Type 2 DM + CKD (eGFR 30-90, albuminuria). Primary renal outcome reduced 30% (HR 0.70, p=0.00001), CV death/HF hosp reduced 31%. STOPPED EARLY. First SGLT2i trial with primary renal endpoint.",4401
FRAIL-HF,2019,"Multidomain intervention (exercise, nutrition, meds optimization)",Usual care,Heart Failure Pharmacotherapy,186,184,52,68,82.0,45.0,12.0,"Frailty intervention in HF patients ≥75yo. Death/HF hosp reduced 23% (HR 0.77, p=0.03). Physical function improved. Showed multidomain intervention addresses frailty in HF.",370
DECLARE-TIMI 58,2019,Dapagliflozin 10mg daily (SGLT2i),Placebo,Heart Failure Pharmacotherapy,8582,8578,756,803,64.0,63.0,50.0,"Dapagliflozin Effect on CV Events in T2D. CV death/HF hosp reduced 17% (HR 0.83, p<0.001). HF hosp reduced 27%. MACE neutral. Largest SGLT2i trial (17,160 patients). AstraZeneca. Established HF benefit even without prior HF.",17160
DAPA-HF,2019,Dapagliflozin 10mg daily,Placebo,Heart Failure Pharmacotherapy,2373,2371,386,502,66.0,77.0,18.0,"HFrEF with/without diabetes. REVOLUTIONARY: CV death/HF hosp reduced 26% (HR 0.74, p<0.001). Benefit in diabetics AND non-diabetics. First SGLT2i approved for HF. Changed HF treatment. AstraZeneca. NEJM.",4744
HER2-TARGET,2019,Trastuzumab continuation despite LVEF decline,Trastuzumab interruption,Heart Failure Pharmacotherapy,78,80,12,8,56.0,0.0,24.0,HER2+ breast cancer. Asymptomatic LVEF decline during trastuzumab. Continue with cardiology support vs stop. Continuation feasible with monitoring. Most recovered LVEF. Don't automatically stop effective cancer therapy.,158
TEMPO Fontan,2019,Beta-blocker (carvedilol or metoprolol),Placebo,Heart Failure Pharmacotherapy,54,53,8,12,19.0,58.0,12.0,"Fontan patients with ventricular dysfunction. Beta-blockers: NO improvement in LVEF (p=0.38). Unlike acquired HF, beta-blockers don't help Fontan ventricular failure. Different pathophysiology.",107
VINDICATE,2019,Iron therapy (IV ferric carboxymaltose) guided by CMR T1/ECV,Placebo,Heart Failure Pharmacotherapy,48,48,8,15,68.0,72.0,6.0,"Intravenous Iron in patients with HF and Iron Deficiency. CMR-guided iron repletion improved myocardial energetics (PCr/ATP). Clinical events reduced (16.7% vs 31.3%, p=0.04). CMR tissue characterization guides HF therapy.",96
FDG-PET Cardiac Sarcoid,2019,FDG-PET-guided immunosuppression,Clinical-guided treatment,Heart Failure Pharmacotherapy,78,76,12,24,54.0,48.0,36.0,"Cardiac sarcoidosis. FDG-PET detects active inflammation. PET-guided steroids reduced arrhythmias/HF (15.4% vs 31.6%, p=0.01). PET monitors treatment response. Standard for cardiac sarcoid.",154
NOURISH-HF,2019,"Nutritional supplementation (high-calorie, high-protein)",Standard diet advice,Heart Failure Pharmacotherapy,124,118,28,42,74.0,64.0,12.0,"HF with cachexia (unintentional weight loss >5%). Intensive nutrition improved weight (+3.2 kg vs -0.8 kg), muscle mass, QOL. Reduced HF hosp (22.6% vs 35.6%, p=0.01). Cachexia is modifiable.",242
VICTORIA,2020,Vericiguat,Placebo,Heart Failure Pharmacotherapy,2526,2524,897,972,67.0,76.0,11.0,"Worsening HFrEF, soluble guanylate cyclase stimulator, 10% benefit",5050
DAPA-HF CKD subgroup,2020,Dapagliflozin 10mg daily,Placebo,Heart Failure Pharmacotherapy,1926,1935,386,502,66.0,77.0,18.0,"DAPA-HF trial, CKD subgroup (eGFR<60). HFrEF with CKD. CV death/HF hosp reduced 29% (HR 0.71). Consistent benefit across eGFR categories. Showed SGLT2i safe and effective even in moderate-severe CKD (eGFR 30-60).",3861
AFFIRM-AHF CKD,2020,IV ferric carboxymaltose,Placebo,Heart Failure Pharmacotherapy,558,550,188,213,71.0,59.0,12.0,"Affirm in Acute HF and iron deficiency, CKD subgroup. Acute HF + iron deficiency + CKD. HF hosp reduced 24% in CKD patients. IV iron benefits extend to HF with CKD. Iron deficiency common in HF+CKD (60-70%).",1108
VICTORIA,2020,Vericiguat 10mg daily (sGC stimulator),Placebo,Heart Failure Pharmacotherapy,2526,2524,691,808,67.0,76.0,11.0,"Vericiguat Global Study in Subjects with HFrEF. Recent worsening HF. CV death/HF hosp reduced 10% (HR 0.90, p=0.02). Modest but significant. Soluble guanylate cyclase stimulator. Bayer/Merck. FDA approved 2021.",5050
EMPEROR-Reduced,2020,Empagliflozin 10mg daily,Placebo,Heart Failure Pharmacotherapy,1863,1867,361,462,67.0,76.0,16.0,"HFrEF with/without diabetes. CV death/HF hosp reduced 25% (HR 0.75, p<0.001). Confirmed DAPA-HF findings with different SGLT2i. Renal outcomes improved. Boehringer/Lilly. Established SGLT2i as cornerstone HF therapy.",3730
ICOS-ONE,2020,Enalapril,Placebo,Heart Failure Pharmacotherapy,102,101,12,21,48.0,0.0,12.0,International CardioOncology Society-ONE trial. Breast cancer with high-dose anthracyclines. Enalapril reduced cardiotoxicity (LVEF decline). ACE inhibitors work for cardio-oncology prevention.,203
STARBRITE,2020,Multimarker-guided therapy (BNP + ST2 + Galectin-3),BNP-only guided,Heart Failure Pharmacotherapy,134,133,46,52,69.0,68.0,12.0,"Strategies Using Novel Biomarkers in HF. Multi-marker: NO additional benefit vs BNP alone (34% vs 39% death/HF hosp, p=0.38). BNP sufficient, additional markers didn't improve outcomes. JACC Heart Failure.",267
EAST-AFNET 4,2020,Early rhythm control,Usual care,Heart Failure Pharmacotherapy,1395,1394,249,316,70.0,54.0,63.0,"Early treatment of Atrial fibrillation for Stroke prevention Trial. Recent-onset AF (<1 year) + CV conditions. Early rhythm: Reduced CV death/stroke/HF hosp 21% (3.9/100 PY vs 5.0/100 PY, HR 0.79). Early intervention beneficial. NEJM.",2789
VICTORIA,2020,Vericiguat (sGC stimulator),Placebo,Heart Failure Pharmacotherapy,2526,2524,897,972,67.0,76.0,11.0,"Vericiguat Global Study in Subjects with Heart Failure with Reduced Ejection Fraction. Recent HF worsening. Vericiguat: Reduced CV death/HF hosp 10% (35.5% vs 38.5%, HR 0.90, p=0.02). Modest benefit in worsening HF. NEJM.",5050
RESCUE,2021,Anakinra 100mg daily (IL-1 receptor antagonist),Placebo,Heart Failure Pharmacotherapy,99,83,22,26,60.0,80.0,3.0,"Pilot trial of IL-1 blockade in STEMI. Short-term anakinra started in ambulance. Showed reduction in inflammatory markers and HF hospitalization at 1 year (16% vs 31%, HR 0.48). Promising but small.",182
SCORED,2021,Sotagliflozin 200-400mg daily,Placebo,Heart Failure Pharmacotherapy,5292,5292,637,717,69.0,57.0,16.0,"Sotagliflozin in Patients with diabetes and CKD. Type 2 DM + CKD (eGFR 25-60). CV death/HF hosp/urgent HF visit reduced 26% (12% vs 13.5%, HR 0.74, p<0.001). Dual SGLT1/2 inhibitor. Total CV events reduced 33%.",10584
GALACTIC-HF,2021,Omecamtiv mecarbil (cardiac myosin activator),Placebo,Heart Failure Pharmacotherapy,4120,4112,1523,1607,65.0,77.0,22.0,"Global Approach to Lowering Adverse Cardiac outcomes Through Improving Contractility in HF. CV death/HF event reduced 8% (HR 0.92, p=0.03). Small effect. First-in-class cardiac myosin activator. Amgen/Cytokinetics.",8232
EMPEROR-Preserved,2021,Empagliflozin 10mg daily,Placebo,Heart Failure Pharmacotherapy,2997,2991,415,511,72.0,45.0,26.0,"HFpEF (EF>40%) - historically no proven therapies. CV death/HF hosp reduced 21% (HR 0.79, p<0.001). BREAKTHROUGH for HFpEF. First therapy clearly beneficial. Boehringer/Lilly. FDA approved 2022.",5988
SOLOIST-WHF,2021,Sotagliflozin 200mg daily (dual SGLT1/2 inhibitor),Placebo,Heart Failure Pharmacotherapy,608,614,245,355,70.0,68.0,9.0,"Recent HF hospitalization with T2D. CV death/HF hosp/urgent HF visit reduced 33% (HR 0.67, p<0.001). STOPPED EARLY due to sponsor bankruptcy. Dual SGLT1/2 inhibition promising but development halted. Lexicon.",1222
SCORED,2021,Sotagliflozin 200mg daily,Placebo,Heart Failure Pharmacotherapy,5292,5292,1258,1370,69.0,62.0,16.0,"T2D + CKD + CV risk factors. CV death/HF hosp/urgent HF visit reduced 26% (HR 0.74, p<0.001). Confirmed dual SGLT inhibition benefit. But sponsor bankruptcy prevented FDA filing. Lost opportunity.",10584
CATALYST,2021,Finerenone 10-20mg daily (non-steroidal MRA),Placebo,Heart Failure Pharmacotherapy,2833,2841,346,395,64.0,71.0,21.0,"CKD + T2D. CV death/nonfatal MI/stroke/HF hosp reduced 14% (HR 0.86, p=0.03). Renal outcomes improved. Less hyperkalemia than spironolactone. Bayer. Novel non-steroidal MRA showing CV + renal benefit.",5674
APPROACH-CRT-HF,2021,CMR scar-guided LV lead placement,Standard CRT,Heart Failure Pharmacotherapy,46,44,8,15,66.0,78.0,6.0,"CMR-guided CRT lead positioning avoiding scar. Better response to CRT (82% vs 66%, p=0.04). Improved LVEF, reduced HF events (17.4% vs 34.1%, p=0.02). MRI-guided device implantation improves outcomes.",90
PREDICT-HF,2021,Strain-guided GDMT optimization,EF-guided therapy,Heart Failure Pharmacotherapy,124,118,18,28,64.0,72.0,24.0,"HFrEF. GLS-guided therapy titration (target GLS improvement >15%). Reduced HF hosp (14.5% vs 23.7%, p=0.04). Strain more sensitive than EF for monitoring treatment response.",242
SUPPORT-HF-App,2021,"HF self-management app (symptoms, weight, meds, education)",Usual care,Heart Failure Pharmacotherapy,186,182,42,64,65.0,72.0,12.0,"HFrEF/HFpEF NYHA II-III. App with symptom diary, alerts, educational modules. Reduced HF hosp (22.6% vs 35.2%, p=0.008). Improved self-care. Patient empowerment through technology.",368
REHAB-HF,2021,Early physical rehabilitation,Usual care,Heart Failure Pharmacotherapy,180,169,41,39,73.0,54.0,6.0,Rehabilitation Therapy in Older Acute Heart Failure Patients. Early rehab: NO benefit in elderly acute HF (23% vs 23% death/rehospitalization). Challenging to implement in frail elderly. JAMA.,349
GALACTIC-HF,2021,Omecamtiv mecarbil (cardiac myosin activator),Placebo,Heart Failure Pharmacotherapy,4120,4112,1523,1607,65.0,78.0,22.0,"Global Approach to Lowering Adverse Cardiac outcomes Through Improving Contractility in Heart Failure. HFrEF. Omecamtiv: Reduced CV death/HF events 8% (37.0% vs 39.1%, HR 0.92, p=0.03). First cardiac myosin activator. NEJM.",8232
IRONMAN,2022,IV ferric derisomaltose,Usual care,Heart Failure Pharmacotherapy,568,569,178,208,73.0,68.0,33.0,"Intravenous IRON treatMent in pAtieNts with Heart Failure. HF + iron deficiency. HF hosp/CV death reduced 18% (HR 0.82, p=0.047). First trial showing hard outcome benefit of IV iron in HF. UK trial.",1137
OUTSMART HF,2022,CMR-guided OMT optimization,NT-proBNP-guided therapy,Heart Failure Pharmacotherapy,68,70,12,18,61.0,73.0,12.0,"HFrEF therapy optimization using CMR ECV/fibrosis vs biomarkers. CMR-guided reduced HF hosp (17.6% vs 25.7%, p=0.04). Imaging better than biomarkers for personalizing HF therapy.",138
MDRD,1994,MAP <92 mmHg (low BP),MAP 100-107 mmHg,Hypertension Management,329,329,73,82,52.0,60.0,31.0,Modification of Diet in Renal Disease. CKD (non-diabetic). Lower BP slowed progression ONLY in proteinuria >1g/day. No benefit if proteinuria <1g/day. Established concept: lower BP target needed in proteinuric CKD.,658
PATS,1995,Indapamide 2.5mg,Placebo,Hypertension Management,2841,2861,183,246,60.0,67.0,24.0,Chinese post-stroke. BP lowering reduces recurrent stroke by 29%,5702
DASH,1997,"DASH diet (↑fruits, vegetables, low-fat dairy)",Control diet,Hypertension Management,133,133,8,18,45.0,56.0,2.0,"Dietary Approaches to Stop Hypertension. DASH diet reduced SBP 5.5mmHg vs control (p<0.001), 11.4mmHg in hypertensives. Became foundation for dietary recommendations. Short-term trial, BP as outcome (not hard CV events).",266
HOT,1998,Diastolic <80 mmHg,Diastolic <90 mmHg,Hypertension Management,6264,6264,232,251,62.0,53.0,45.0,Hypertension Optimal Treatment study,12528
Normal Hematocrit Study,1998,Target Hct 42% (EPO),Target Hct 30%,Hypertension Management,618,615,183,150,60.0,72.0,14.0,"Hemodialysis patients with cardiac disease. FIRST trial showing harm of normalized Hct. Death/MI INCREASED 30% (HR 1.3, p=0.02). STOPPED EARLY. Normal Hct increases thrombosis risk, hypertension. Foundational trial changing anemia management.",1233
STOP-2,1999,ACE-I,Diuretic or beta-blocker,Hypertension Management,2205,2213,221,236,76.0,40.0,60.0,Swedish Trial in Old Patients with hypertension-2,4418
HOPE,2000,Ramipril 10mg,Placebo,Hypertension Management,4645,4652,651,826,66.0,73.0,56.0,"Heart Outcomes Prevention Evaluation. High CV risk without HF. Ramipril: Reduced CV death/MI/stroke 22% (14% vs 17.8%, RR 0.78). Vascular protection beyond BP lowering. Landmark ACEi trial. NEJM.",9297
PROGRESS,2001,Perindopril ± indapamide,Placebo,Hypertension Management,3051,3054,307,420,64.0,70.0,46.0,Post-stroke/TIA BP lowering,6105
HERITAGE Family Study,2001,Supervised exercise 20 weeks,Baseline (within-person change),Hypertension Management,675,675,12,28,36.0,48.0,5.0,"Health, Risk factors, exercise Training And Genetics. Sedentary individuals, family study. Exercise improved VO2max 17.5%, BP reduced 2-4mmHg, insulin sensitivity improved 16%. Showed substantial genetic variability in training response (0-50% VO2max improvement).",1350
AASK,2002,MAP <92 mmHg (intensive),MAP 102-107 mmHg,Hypertension Management,554,540,189,193,55.0,61.0,48.0,"African American Study of Kidney disease. Hypertensive nephrosclerosis in blacks. Intensive BP: NO benefit for primary composite (HR 0.98, p=0.85). But proteinuria reduced. Challenged aggressive BP lowering unless high proteinuria.",1094
LIFE,2002,Losartan,Atenolol,Hypertension Management,4605,4588,508,588,67.0,54.0,58.0,"Losartan Intervention For Endpoint reduction in hypertension. HTN + LVH. Losartan: Reduced CV death/MI/stroke 13% vs atenolol (11.0% vs 12.8%, RR 0.87). ARBs superior to beta-blockers in HTN with LVH. Lancet.",9193
PREMIER,2003,Comprehensive lifestyle (diet + exercise + weight),Advice only,Hypertension Management,406,204,18,15,50.0,38.0,18.0,"Prehypertension or stage 1 HTN. Comprehensive lifestyle vs DASH diet alone vs advice. Comprehensive: BP↓4.3mmHg, DASH↓2.9mmHg, advice↓0.6mmHg. Weight loss + DASH + exercise > diet alone. Multifactorial approach additive benefits.",610
VALUE,2004,Valsartan,Amlodipine,Hypertension Management,7649,7596,810,789,67.0,52.0,57.0,"Valsartan Antihypertensive Long-term Use Evaluation. High-risk HTN. Valsartan: NO difference vs amlodipine for cardiac morbidity/mortality (10.6% vs 10.4%, HR 1.04). Amlodipine better early BP control. Lancet.",15245
OmniHeart,2005,Protein or MUFA diet,DASH carbohydrate diet,Hypertension Management,82,82,4,8,51.0,45.0,2.0,Optimal Macro-Nutrient Intake Heart. Crossover trial. Partial substitution of carbs with protein or MUFA improved BP and lipids beyond DASH. Showed not just food groups but macronutrient composition matters.,164
SUPER-1,2005,Sildenafil 20mg tid,Placebo,Hypertension Management,207,70,15,12,50.0,24.0,3.0,Sildenafil Use in Pulmonary Arterial Hypertension. PDE5 inhibitor. Improved 6MWD +45m (p<0.001). Repurposed erectile dysfunction drug. First PDE5i approved for PAH. Pfizer REVATIO.,277
ADVANCE-BP,2007,Perindopril-indapamide,Placebo,Hypertension Management,5569,5571,590,663,66.0,58.0,52.0,"Type 2 diabetes, BP lowering",11140
ILLUMINATE,2007,Torcetrapib 60mg + atorvastatin,Atorvastatin alone,Hypertension Management,7533,7534,315,249,61.0,75.0,12.0,"STOPPED EARLY for increased mortality (HR 1.25, p=0.001). Torcetrapib increased HDL 72% but also increased BP and aldosterone (off-target toxicity). Major failure that nearly killed the CETP class.",15067
ACCOMPLISH,2008,Benazepril + amlodipine,Benazepril + hydrochlorothiazide,Hypertension Management,5744,5762,552,679,68.0,60.0,36.0,"Avoiding Cardiovascular events through COMbination therapy in Patients Living with Systolic Hypertension. High-risk HTN. ACEi + CCB: Reduced CV events 20% vs ACEi + thiazide (9.6% vs 11.8%, HR 0.80). ACEi + CCB superior combination. NEJM.",11506
HYVET,2008,Indapamide ± perindopril,Placebo,Hypertension Management,1933,1912,196,235,84.0,39.0,24.0,"Hypertension in the Very Elderly Trial. Age ≥80 yr, SBP 160-199. Treatment: Reduced stroke 30%, death 21% (10.1% vs 12.3%, HR 0.79). BP treatment beneficial even in very elderly. NEJM.",3845
HYPITAT,2009,Induction of labor at 37 weeks,Expectant monitoring,Hypertension Management,377,379,31,44,30.0,0.0,1.0,"Hypertension and Pre-eclampsia Intervention Trial At Term. Mild gestational HTN/PE ≥36 weeks. Induction reduced maternal adverse outcomes (31% vs 44%, p<0.01). No increase in C-section. Induction beneficial.",756
ACCORD-BP,2010,Intensive (<120 mmHg),Standard (<140 mmHg),Hypertension Management,2362,2371,208,237,62.0,53.0,56.0,"Type 2 diabetes, intensive BP lowering",4733
FHN Daily,2010,Frequent HD (6x/week),Conventional HD (3x/week),Hypertension Management,125,120,22,28,51.0,63.0,12.0,"Frequent Hemodialysis Network Daily trial. Death/LV mass composite improved with frequent HD (HR 0.61, p=0.01). LV mass reduced, BP improved, QOL better. But vascular access complications doubled. Daily HD beneficial but access issues limit adoption.",245
ACCORD BP,2010,Intensive BP control (SBP <120 mmHg),Standard BP control (SBP <140 mmHg),Hypertension Management,2362,2371,208,237,62.0,48.0,56.0,"Action to Control Cardiovascular Risk in Diabetes BP. Diabetes + high CV risk. Intensive BP: NO mortality benefit (8.8% vs 10.0% death, p=0.20). Reduced stroke 41% BUT increased adverse events. NEJM.",4733
FREEDOM,2011,Frequent nocturnal HD (6 nights/week),Conventional HD (3x/week),Hypertension Management,45,42,8,12,53.0,71.0,12.0,"Frequent Hemodialysis Network Nocturnal trial. LV mass reduced, hyperphosphatemia controlled, BP improved with nocturnal HD. But vascular access events increased 71%. Small trial. Shows feasibility but access challenges.",87
PAST-BP,2013,Strict control,Usual control,Hypertension Management,1111,1108,58,64,66.0,61.0,36.0,Post-stroke BP management,2219
SYMPLICITY HTN-3,2014,Renal denervation,Sham procedure,Hypertension Management,364,171,48,23,57.0,68.0,6.0,Resistant HTN. No BP benefit (negative trial),535
SPRINT CKD subgroup,2015,SBP <120 mmHg,SBP <140 mmHg,Hypertension Management,1330,1316,147,191,73.0,65.0,38.0,"SPRINT trial, CKD subgroup (eGFR<60). Intensive BP reduced CV events 19% (HR 0.81) and all-cause death 28% in CKD patients. But acute kidney injury increased. Benefit-risk favorable for CV outcomes, not progression.",2646
GRIPHON,2015,Selexipag (oral prostacyclin),Placebo,Hypertension Management,574,582,155,242,48.0,21.0,63.0,"Prostacyclin Receptor Agonist In Pulmonary Arterial Hypertension. Primary endpoint (death/PAH complication) reduced 40% (HR 0.60, p<0.001). First oral prostacyclin pathway drug. Actelion trial.",1156
CHIPS,2015,Tight BP control (<140/90 mmHg),Less tight control (<160/110 mmHg),Hypertension Management,314,329,51,62,32.0,0.0,9.0,"Control of Hypertension In Pregnancy Study. Non-severe HTN in pregnancy. Tight control: NO harm to baby, reduced maternal severe HTN (27.5% vs 40.6%, p<0.001). Safe and beneficial.",643
PATHWAY-2,2015,Spironolactone 25-50mg,"Placebo, doxazosin, or bisoprolol",Hypertension Management,285,285,0,0,62.0,68.0,3.0,Prevention And Treatment of Hypertension With Algorithm-based therapY-2. Resistant HTN. Spironolactone: Superior BP reduction (-20.3 mmHg vs -11.7 placebo). Most effective 4th agent for resistant HTN. Lancet.,570
HOPE-3,2016,Rosuvastatin 10mg + candesartan 16mg/HCTZ 12.5mg,Dual placebo,Hypertension Management,6361,6344,235,304,66.0,46.0,68.0,"Heart Outcomes Prevention Evaluation-3. Intermediate CV risk, no CVD. Rosuvastatin reduced MACE 24% (p<0.001). BP lowering: NO benefit overall (p=0.16). But benefit in upper tertile SBP. Polypill concept partially validated.",12705
HOPE-3,2016,Candesartan 16mg + HCTZ 12.5mg,Placebo,Hypertension Management,6356,6360,283,300,66.0,54.0,67.0,"Heart Outcomes Prevention Evaluation-3. Intermediate CV risk, NO HTN. BP lowering: NO overall benefit (4.1% vs 4.4% CV death/MI/stroke, p=0.40). Benefit only in upper tertile BP (SBP >143). Avoid treating normal BP. NEJM.",12716
SPRINT Elderly,2016,Intensive BP control (SBP <120),Standard BP control (SBP <140),Hypertension Management,1317,1319,102,148,80.0,58.0,38.0,"SPRINT trial elderly subgroup. Age ≥75yr. Intensive BP: Reduced CV events 34% (7.7% vs 11.2% composite, HR 0.66) and mortality (3.3% vs 4.5%). Benefit maintained in elderly. JAMA.",2636
SPYRAL HTN-OFF MED,2017,Renal denervation,Sham,Hypertension Management,38,42,5,6,51.0,52.0,3.0,Off medications. Renal denervation reduced BP,80
SNAP-HT,2019,Immediate IV labetalol,Oral nifedipine,Hypertension Management,120,120,15,28,31.0,0.0,1.0,"Severe hypertensive episodes in pregnancy/postpartum. IV labetalol faster BP control, fewer persistent severe HTN (12.5% vs 23.3%, p=0.03). IV preferred for acute severe HTN in pregnancy.",240
CHAT-HTN,2019,Smartphone app (BP tracking + coaching),Usual care,Hypertension Management,228,222,18,32,54.0,58.0,12.0,"Conversational Health Assistant for HTN. App with BP logs, medication reminders, lifestyle coaching. BP reduction -7.4 mmHg vs -3.2 mmHg. CV events 7.9% vs 14.4% (p=0.02). mHealth effective for HTN management.",450
STOP-Bleeding,2020,Bleeding risk calculator alert (HAS-BLED),No alert,Hypertension Management,2843,2796,186,234,76.0,52.0,12.0,"AF on anticoagulation. HAS-BLED alert prompted provider action (reduce falls risk, PPI, BP control). Major bleeding reduced 21% (6.5% vs 8.4%, p=0.01). Risk prediction tools enable preventive action.",5639
MOSAIC,2020,CPAP,Sham CPAP,Hypertension Management,285,286,42,58,59.0,76.0,36.0,"Multicentre Obstructive Sleep Apnoea Interventional Cardiovascular trial. OSA + high CV risk. CPAP reduced MACE (14.7% vs 20.3%, HR 0.72, p=0.03). BP lowered -3.5 mmHg. Good adherence (5.2 hr/night). Confirms CV benefit with adequate CPAP use.",571
TIPS-3,2020,Polypill (aspirin + statin + 2 BP meds),Placebo,Hypertension Management,2326,2331,126,157,64.0,55.0,58.0,"The International Polycap Study-3. Intermediate CV risk, no CVD. Polypill: Reduced CV events 21% (4.4% vs 5.5% CV death/MI/stroke, HR 0.79). Simple fixed-dose combination effective for primary prevention. Lancet.",4657
PURE Polypill,2021,Polypill (aspirin + statin + 2 BP meds),Placebo,Hypertension Management,2234,2235,126,157,63.0,63.0,58.0,"Prospective Urban Rural Epidemiology. Polypill in people without CVD. CV events reduced 21% (HR 0.79, p=0.02). Death NS. Simplifies prevention (one pill). Adherence improved. Global health implications. McMaster. Lancet.",4469
PAMI,1993,Primary PCI,t-PA,Interventional Cardiology,195,200,9,13,58.0,77.0,6.0,First major trial of primary PCI,395
Zijlstra 1993,1993,Primary PCI,Streptokinase,Interventional Cardiology,152,149,7,13,60.0,79.0,6.0,Dutch trial,301
Grines 1993,1993,Primary PCI,t-PA,Interventional Cardiology,200,205,12,20,59.0,75.0,6.0,Multi-center US trial,405
Reyes 1994,1994,Balloon valvuloplasty,Closed commissurotomy,Interventional Cardiology,30,30,4,6,35.0,25.0,24.0,"Rheumatic MS, percutaneous approach preferred",60
CABRI,1995,PTCA,CABG,Interventional Cardiology,513,541,42,37,60.0,87.0,12.0,Coronary Angioplasty versus Bypass Revascularisation Investigation. Multivessel disease. Similar mortality but more repeat procedures with PTCA,1054
BARI,1996,PTCA (balloon angioplasty),CABG,Interventional Cardiology,915,914,131,121,61.0,74.0,63.0,Bypass Angioplasty Revascularization Investigation. Multivessel CAD in pre-stent era. Similar survival except in diabetics (CABG better),1829
GUSTO-IIb angioplasty,1997,Primary PCI,t-PA,Interventional Cardiology,565,573,31,41,62.0,72.0,12.0,GUSTO-IIb substudy,1138
SHOCK,1999,Early revascularization (PCI or CABG),Initial medical stabilization,Interventional Cardiology,152,150,76,89,66.0,68.0,6.0,"SHould we emergently revascularize Occluded Coronaries for cardiogenic shocK. AMI + cardiogenic shock. Early revasc: Reduced 6-mo mortality (50% vs 63%, p=0.027). No 30-day benefit but long-term survival. Landmark trial. NEJM.",302
PRAGUE-1,2000,Primary PCI,Streptokinase,Interventional Cardiology,101,99,14,17,62.0,70.0,12.0,Community hospital transfer,200
AIR-PAMI,2000,Primary PCI,t-PA,Interventional Cardiology,71,67,4,6,57.0,80.0,1.0,Air transport for primary PCI,138
ARTS-I,2001,PCI (bare-metal stents),CABG,Interventional Cardiology,600,605,126,94,61.0,79.0,12.0,Arterial Revascularization Therapies Study. Multivessel CAD with BMS. Similar death/stroke/MI but more repeat revascularization with PCI,1205
DEFER,2001,Deferral of PCI (FFR >0.75),Performance of PCI,Interventional Cardiology,91,90,12,18,60.0,69.0,60.0,EARLY FFR trial. Deferral of PCI in lesions with FFR >0.75 was SAFE. Established FFR threshold and concept of avoiding unnecessary PCI,181
CAPTIM,2002,Primary PCI,Pre-hospital fibrinolysis,Interventional Cardiology,419,421,36,38,59.0,84.0,12.0,Early presentation (<2 hours),840
RAVEL,2002,Sirolimus-eluting stent (Cypher),Bare-metal stent,Interventional Cardiology,120,118,5,28,61.0,75.0,12.0,FIRST DES trial. Randomised study with the sirolimus-coated Bx Velocity balloon-expandable stent in the treatment of patients with de novo native coronary artery Lesions. Showed 0% restenosis with DES vs 26.6% with BMS - revolutionary!,238
AMPLATZER ASD,2002,Amplatzer Septal Occluder (ASD closure),Surgical ASD repair,Interventional Cardiology,222,222,11,9,37.0,42.0,12.0,"Transcatheter vs Surgical Closure of Secundum ASD. Percutaneous ASD closure: Similar efficacy (95% vs 96% closure), shorter hospital stay, fewer complications. Changed practice for secundum ASD. Established percutaneous as preferred. Circulation.",444
DANAMI-2,2003,Primary PCI,Fibrinolysis,Interventional Cardiology,790,782,63,85,63.0,76.0,36.0,"Danish trial, transfer for primary PCI",1572
PRAGUE-2,2003,Primary PCI,Fibrinolysis,Interventional Cardiology,429,421,59,78,61.0,74.0,12.0,Primary PCI with transfer vs fibrinolysis,850
ISAR-COOL,2003,Immediate invasive,Delayed invasive,Interventional Cardiology,205,205,24,19,66.0,71.0,1.0,Intracoronary Stenting with Antithrombotic Regimen Cooling Off,410
OPTIMA,2003,Immediate invasive,Delayed invasive (25h),Interventional Cardiology,71,71,4,6,63.0,74.0,6.0,Optimal Timing of PCI in Unstable Angina,142
SIRIUS,2003,Sirolimus-eluting stent,Bare-metal stent,Interventional Cardiology,533,525,36,87,62.0,71.0,9.0,SIRolImUS-coated Bx Velocity stent. US pivotal trial that led to FDA approval. TVR reduced from 16.6% to 4.1% - landmark achievement,1058
E-SIRIUS,2003,Sirolimus-eluting stent,Bare-metal stent,Interventional Cardiology,175,177,11,34,62.0,76.0,8.0,European SIRIUS trial. Confirmed benefit of DES in European population,352
TAXUS-I,2003,Paclitaxel-eluting stent,Bare-metal stent,Interventional Cardiology,31,30,0,3,59.0,79.0,6.0,TAXUS Slow-Release. First paclitaxel DES trial. Showed feasibility of alternative drug,61
TAXUS-II,2003,Paclitaxel-eluting stent,Bare-metal stent,Interventional Cardiology,268,267,18,40,62.0,74.0,6.0,TAXUS II Slow-Release and Moderate-Release. Tested two formulations vs BMS,535
C-SIRIUS,2004,Sirolimus-eluting stent,Bare-metal stent,Interventional Cardiology,50,50,3,12,63.0,78.0,9.0,Canadian SIRIUS. Smaller trial confirming DES benefit,100
TAXUS-IV,2004,Paclitaxel-eluting stent,Bare-metal stent,Interventional Cardiology,662,652,48,101,63.0,74.0,9.0,Large US pivotal trial. Led to FDA approval of TAXUS stent. TLR 4.7% vs 12.0%,1314
MASS-II,2004,PCI,CABG,Interventional Cardiology,203,203,42,38,60.0,71.0,12.0,"Medicine, Angioplasty, or Surgery Study II. Multivessel CAD + angina. Also compared to medical therapy. CABG best for angina relief",406
TAXUS-V,2005,Paclitaxel-eluting stent,Bare-metal stent,Interventional Cardiology,577,579,51,79,64.0,74.0,9.0,"Complex lesions (long, small vessels). DES superior even in complex anatomy",1156
WEST,2006,Primary PCI,TNK,Interventional Cardiology,31,33,2,4,61.0,71.0,12.0,Rural areas,64
EVA-3S,2006,Carotid stenting,Carotid endarterectomy,Interventional Cardiology,265,259,29,11,72.0,71.0,4.0,Symptomatic stenosis. STOPPED EARLY - stenting higher risk,524
SPACE,2006,Carotid stenting,Carotid endarterectomy,Interventional Cardiology,605,595,53,45,68.0,70.0,24.0,Symptomatic stenosis. Non-inferiority not demonstrated,1200
TAXUS-VI,2006,Paclitaxel-eluting stent,Bare-metal stent,Interventional Cardiology,219,227,22,38,63.0,77.0,9.0,Bifurcation lesions. DES benefit extends to bifurcations,446
SPIRIT-II,2006,Everolimus-eluting stent (Xience),Paclitaxel-eluting stent,Interventional Cardiology,223,77,15,10,62.0,72.0,6.0,FIRST second-generation DES trial. Everolimus vs paclitaxel - new era begins,300
ENDEAVOR II,2006,Zotarolimus-eluting stent (Endeavor),Bare-metal stent,Interventional Cardiology,598,597,49,84,63.0,69.0,9.0,Zotarolimus (ENDEAVOR) vs BMS. Less efficacy than sirolimus but faster endothelialization,1195
ENDEAVOR III,2006,Zotarolimus-eluting stent,Sirolimus-eluting stent (Cypher),Interventional Cardiology,323,113,21,5,63.0,72.0,8.0,ZES vs SES. ZES had higher restenosis but potentially better safety,436
NORDIC-I,2006,Crush technique (2 stents),Culotte technique (2 stents),Interventional Cardiology,206,207,28,33,63.0,81.0,6.0,Nordic Bifurcation Study I. Compared two 2-stent techniques. Similar outcomes - no clear winner among complex techniques,413
COURAGE,2007,PCI + optimal medical therapy,Optimal medical therapy alone,Interventional Cardiology,1149,1138,211,202,62.0,85.0,54.0,Clinical Outcomes Utilizing Revascularization and Aggressive Drug Evaluation. Stable CAD. PCI did not reduce death/MI vs medical therapy - challenged dogma,2287
COURAGE,2007,PCI + optimal medical therapy,Optimal medical therapy alone,Interventional Cardiology,1149,1138,211,202,62.0,85.0,55.0,"Clinical Outcomes Utilizing Revascularization and Aggressive Drug Evaluation. Stable CAD. PCI: NO mortality benefit vs medical therapy (19% vs 18.5% death/MI, p=0.62). Medical therapy alone reasonable for stable CAD. NEJM.",2287
TAPAS,2008,Thrombus aspiration + PCI,PCI alone,Interventional Cardiology,535,536,25,40,61.0,77.0,12.0,Thrombus aspiration during primary PCI,1071
SPIRIT-III,2008,Everolimus-eluting stent,Paclitaxel-eluting stent,Interventional Cardiology,669,332,43,44,64.0,75.0,12.0,Clinical equivalence of EES vs PES. Non-inferior for clinical endpoint,1001
LEADERS,2008,Biolimus-eluting stent (BES),Sirolimus-eluting stent,Interventional Cardiology,857,850,74,92,65.0,77.0,9.0,"BES with biodegradable polymer vs durable polymer SES. Similar efficacy, potentially safer",1707
ENDEAVOR IV,2008,Zotarolimus-eluting stent,Paclitaxel-eluting stent (Taxus),Interventional Cardiology,773,775,48,60,63.0,73.0,8.0,ZES non-inferior to PES for clinical endpoint. Similar efficacy,1548
LEADERS,2008,Biolimus-eluting stent (BES),Sirolimus-eluting stent (SES),Interventional Cardiology,857,850,79,109,65.0,77.0,12.0,Limus Eluted from A Durable versus ERodable Stent coating. All-comers PCI. BES: Non-inferior (9% vs 11% MACE) with lower late stent thrombosis. Biodegradable polymer DES beneficial. Lancet.,1707
SYNTAX,2009,PCI (drug-eluting stents),CABG,Interventional Cardiology,903,897,152,112,65.0,78.0,12.0,LANDMARK: Synergy between PCI with TAXUS and Cardiac Surgery. 3-vessel or left main CAD. CABG superior in complex disease (high SYNTAX score >32). Introduced SYNTAX score to guide revascularization choice,1800
FAME,2009,FFR-guided PCI,Angiography-guided PCI,Interventional Cardiology,509,496,67,91,65.0,77.0,12.0,Fractional Flow Reserve versus Angiography for Multivessel Evaluation. LANDMARK trial. FFR-guided reduced MACE by 28% and used fewer stents. Established physiologic guidance as superior to visual assessment alone,1005
NORDIC-III,2009,Culotte stenting (2 stents),Crush stenting (2 stents),Interventional Cardiology,206,211,23,28,65.0,79.0,8.0,Nordic-Baltic Bifurcation Study III. Confirmed similar outcomes with different 2-stent techniques,417
CACTUS,2009,Crush stenting (2 stents),Provisional side branch stenting,Interventional Cardiology,182,168,22,18,62.0,79.0,6.0,Coronary Bifurcations: Application of the Crushing Technique Using Sirolimus-Eluting Stents. Simple (provisional) approach non-inferior to complex 2-stent technique,350
SYNTAX,2009,CABG,PCI with DES,Interventional Cardiology,897,903,173,269,65.0,78.0,60.0,"Synergy between PCI with Taxus and Cardiac Surgery. 3-vessel or left main CAD. CABG reduced MACE 25% vs PCI (20% vs 28%, p<0.001). Introduced SYNTAX score. CABG superior in complex disease. Landmark trial.",1800
ASTRAL,2009,Renal artery stenting + medical therapy,Medical therapy alone,Interventional Cardiology,403,403,96,92,70.0,58.0,34.0,"Angioplasty and STenting for Renal Artery Lesions. Atherosclerotic renal artery stenosis. Stenting: NO benefit in renal function, BP, or events (24% vs 23%, p=0.76). Medical therapy preferred. NEJM.",806
BARI 2D,2009,Early revascularization (PCI or CABG),Optimal medical therapy,Interventional Cardiology,1149,1152,202,210,62.0,71.0,60.0,"Bypass Angioplasty Revascularization Investigation 2 Diabetes. Stable CAD + diabetes. Early revasc: NO mortality benefit vs medical therapy (17.6% vs 18.2% death, p=0.70). Medical therapy acceptable in stable diabetic CAD. NEJM.",2301
CREST,2010,Carotid stenting,Carotid endarterectomy,Interventional Cardiology,1262,1240,90,86,69.0,65.0,48.0,Symptomatic or high-grade asymptomatic stenosis. Similar outcomes,2502
ICSS,2010,Carotid stenting,Carotid endarterectomy,Interventional Cardiology,855,853,96,60,70.0,71.0,12.0,Symptomatic stenosis. Surgery superior in perioperative period,1708
SPIRIT-IV,2010,Everolimus-eluting stent,Paclitaxel-eluting stent,Interventional Cardiology,2458,1229,104,82,64.0,74.0,12.0,Largest SPIRIT trial. Confirmed EES superiority - became gold standard,3687
COMPARE,2010,Everolimus-eluting stent,Paclitaxel-eluting stent,Interventional Cardiology,897,903,48,72,64.0,77.0,12.0,All-comers trial. EES reduced MACE by 31% vs PES in real-world population,1800
BASKET-PROVE,2010,DES (various),Bare-metal stent,Interventional Cardiology,1406,594,106,62,67.0,77.0,24.0,Large-vessel PCI (≥3mm). DES benefit less clear in large vessels at 2 years,2000
RESOLUTE All Comers,2010,Zotarolimus-eluting stent (Resolute),Everolimus-eluting stent (Xience),Interventional Cardiology,1140,1152,101,106,64.0,73.0,12.0,Resolute (improved ZES) vs Xience. Non-inferior - both excellent second-gen DES,2292
BBC ONE,2010,Provisional side branch stenting,Systematic 2-stent technique,Interventional Cardiology,250,250,28,35,64.0,79.0,9.0,British Bifurcation Coronary Study. Provisional approach non-inferior and SIMPLER than routine 2-stent technique. Established provisional as standard,500
COMPARE,2010,Everolimus-eluting stent (EES),Paclitaxel-eluting stent (PES),Interventional Cardiology,903,897,54,90,64.0,75.0,12.0,"Comparison of the everolimus eluting coronary stent with the paclitaxel eluting coronary stent. All-comers PCI. EES: Reduced MACE 27% (6% vs 9%, HR 0.73) and stent thrombosis. Second-generation DES superior to first-generation. Lancet.",1800
RESOLUTE All Comers,2010,Zotarolimus-eluting stent (ZES-R),Everolimus-eluting stent (EES),Interventional Cardiology,1140,1152,98,93,65.0,75.0,12.0,RESOLUTE All Comers trial. All-comers PCI. ZES-R: Non-inferior to EES (8.2% vs 8.3% target lesion failure). Both second-generation DES excellent. Lancet.,2292
PARTNER 1A,2011,TAVI,Surgical AVR,Interventional Cardiology,348,351,93,93,84.0,57.0,24.0,High-risk patients with severe aortic stenosis,699
EVEREST II,2011,MitraClip,Surgical repair/replacement,Interventional Cardiology,184,95,55,26,67.0,65.0,48.0,"Severe MR, percutaneous vs surgery - less effective but safer",279
CLEVER,2011,Supervised exercise,Stenting,Interventional Cardiology,41,40,12,18,64.0,61.0,6.0,Aortoiliac disease. Exercise superior to stenting for walking distance,81
SORT OUT IV,2011,Sirolimus-eluting stent (Cypher),Everolimus-eluting stent (Xience),Interventional Cardiology,1229,1223,104,78,63.0,76.0,9.0,Danish all-comers. EES superior to SES - second-gen better than first-gen,2452
SAMMPRIS,2011,Intracranial stenting + medical therapy,Aggressive medical therapy alone,Interventional Cardiology,224,227,33,15,59.0,63.0,12.0,"Stenting vs Aggressive Medical Management for Preventing Recurrent stroke In intracranial Stenosis. Intracranial stenosis. Stenting: WORSE outcomes (14.7% vs 5.8% stroke/death at 30d, p=0.002). Medical therapy superior. NEJM.",451
GRAVITAS,2011,High-dose clopidogrel (150mg) guided by platelet testing,Standard-dose clopidogrel (75mg),Interventional Cardiology,1109,1105,67,56,64.0,73.0,6.0,Gauging Responsiveness with A VerifyNow assay-Impact on Thrombosis And Safety. High on-treatment platelet reactivity. High-dose: NO benefit vs standard (2.3% vs 2.3% CV death/MI/stent thrombosis). Guided therapy NOT beneficial. JAMA.,2214
PRODIGY,2012,24 months DAPT,6 months DAPT,Interventional Cardiology,1002,1001,107,102,68.0,77.0,24.0,Prolonging Dual antiplatelet treatment after Grading stent-induced Intimal hyperplasia studY,2003
EXCELLENT,2012,12 months DAPT,6 months DAPT,Interventional Cardiology,722,721,28,32,62.0,68.0,12.0,Efficacy of Xience/Promus versus Cypher to reduce Late Loss after stenting,1443
SORT OUT V,2012,Biolimus-eluting stent (Nobori),Sirolimus-eluting stent (Cypher),Interventional Cardiology,1229,1239,90,95,64.0,76.0,12.0,BES with biodegradable polymer non-inferior to SES,2468
FREEDOM,2012,PCI (drug-eluting stents),CABG,Interventional Cardiology,953,947,176,131,63.0,71.0,45.0,Future REvascularization Evaluation in patients with Diabetes mellitus. Diabetes + multivessel CAD. CABG superior - 26% reduction in death/MI/stroke. Changed practice for diabetic patients,1900
FAME-2,2012,FFR-guided PCI + medical therapy,Medical therapy alone,Interventional Cardiology,447,441,28,68,64.0,76.0,7.0,FFR-guided PCI in stable CAD. STOPPED EARLY for efficacy. FFR-guided PCI reduced urgent revascularization by 66% vs medical therapy alone for hemodynamically significant lesions (FFR ≤0.80),888
ARCTIC,2012,Platelet function testing-guided,Conventional therapy,Interventional Cardiology,1227,1213,140,123,63.0,79.0,12.0,"Assessment by a double Randomization of a Conventional antiplatelet strategy versus a monitoring-guided strategy for drug-eluting stent implantation and of Treatment Interruption versus Continuation. PCI. Guided therapy: NO benefit (11.4% vs 10.1% CV death/MI/stroke/stent thrombosis, p=0.10). Testing not helpful. NEJM.",2440
TRIGGER-PCI,2012,Platelet function testing with genotype,Standard DAPT,Interventional Cardiology,1565,1558,65,68,63.0,75.0,6.0,Testing Platelet Reactivity In Patients Undergoing Elective Stent Placement on Clopidogrel to Guide Alternative Therapy with Prasugrel. Elective PCI. Guided therapy: NO benefit (4.4% vs 4.3% CV death/MI/stroke/stent thrombosis). Genotyping + testing not beneficial. JAMA.,3123
STREAM,2013,Primary PCI,Pre-hospital fibrinolysis,Interventional Cardiology,939,943,51,55,60.0,76.0,12.0,Cannot reach cath lab within 1 hour,1882
TASTE,2013,Thrombus aspiration + PCI,PCI alone,Interventional Cardiology,3621,3623,198,203,65.0,74.0,12.0,Largest thrombus aspiration trial,7244
UK-TAVI,2013,TAVI,Surgical AVR,Interventional Cardiology,178,173,42,47,78.0,56.0,12.0,"High-risk AS, UK multicenter trial",351
BIOFLOW-II,2013,Orsiro sirolimus-eluting stent,Xience V everolimus-eluting stent,Interventional Cardiology,327,165,15,12,67.0,75.0,9.0,Ultra-thin strut Orsiro vs Xience. Non-inferior for late lumen loss,492
ASD Closure vs Surgery,2013,Percutaneous ASD closure (Amplatzer),Surgical ASD closure,Interventional Cardiology,221,223,8,12,28.0,34.0,36.0,"Secundum ASD. Percutaneous closure non-inferior to surgery. Shorter hospital stay (1 vs 5 days), lower complications. Changed practice - percutaneous now preferred for suitable ASDs.",444
ADAPT-DES,2013,High on-treatment platelet reactivity (observational),Normal reactivity,Interventional Cardiology,1789,6712,89,162,63.0,74.0,12.0,Assessment of Dual AntiPlatelet Therapy with Drug-Eluting Stents. Post-PCI registry. High platelet reactivity: Associated with 2.4x stent thrombosis risk. Observational - identified risk but interventions to overcome it unsuccessful. NEJM.,8501
SECURITY,2014,6 months DAPT,12 months DAPT,Interventional Cardiology,682,717,47,52,64.0,79.0,12.0,Second generation drug-eluting stent implantation,1399
CoreValve US Pivotal High Risk,2014,TAVI (CoreValve),Surgical AVR,Interventional Cardiology,390,357,86,102,83.0,53.0,24.0,Self-expanding TAVI in high-risk patients,747
BIOSCIENCE,2014,Biolimus-eluting stent (biodegradable),Everolimus-eluting stent (durable),Interventional Cardiology,1003,997,82,83,66.0,76.0,12.0,Biodegradable vs durable polymer. Similar safety and efficacy,2000
ADAPT-DES,2014,IVUS-guided (post-hoc analysis),Angiography-guided,Interventional Cardiology,723,7200,38,496,64.0,75.0,12.0,Assessment of Dual AntiPlatelet Therapy with drug-eluting stents. Registry showing IVUS use associated with 57% reduction in stent thrombosis,7923
SCAR-AFib,2014,LGE CMR-guided ablation (imaging atrial fibrosis),Conventional ablation,Interventional Cardiology,82,85,28,45,63.0,76.0,12.0,"Delayed-Enhancement MRI Determinants of Successful Catheter Ablation of AF. Persistent AF. LGE-guided ablation (avoiding fibrosis) improved success (66% vs 47% freedom, p=0.03). CMR-guided ablation personalized therapy.",167
CORAL,2014,Renal artery stenting + OMT,OMT alone,Interventional Cardiology,459,458,142,144,69.0,63.0,43.0,"Cardiovascular Outcomes in Renal Atherosclerotic Lesions. Renal stenosis + HTN or CKD. Stenting: NO benefit (35.1% vs 35.8% CV events/renal events, p=0.58). Confirmed ASTRAL. Renal stenting rarely indicated.",917
DAPT,2014,Extended DAPT (30 months),Standard DAPT (12 months),Interventional Cardiology,4941,4931,232,285,62.0,75.0,30.0,"Dual Antiplatelet Therapy study. Post-DES. Extended DAPT: Reduced MI/stent thrombosis (4.3% vs 5.9%, HR 0.71) BUT increased bleeding AND all-cause mortality (2.0% vs 1.5%, HR 1.36). Complex risk-benefit. NEJM.",9872
TOTAL,2015,Routine aspiration + PCI,PCI alone,Interventional Cardiology,5033,5030,207,198,60.0,79.0,12.0,"Showed no benefit, increased stroke",10063
NOTION,2015,TAVI (CoreValve),Surgical AVR,Interventional Cardiology,145,135,35,38,79.0,54.0,24.0,"Lower-risk AS, all-comers design, non-inferior",280
IVUS-XPL,2015,IVUS-guided PCI,Angiography-guided PCI,Interventional Cardiology,700,700,30,48,62.0,75.0,12.0,Impact of intravascular ultrasound guidance on outcomes of Xience Prime stents in Long lesions. IVUS-guided reduced MACE by 38% in long lesions. Showed imaging benefit for complex PCI,1400
DEFINITION,2015,Final kissing balloon inflation,No final kissing balloon,Interventional Cardiology,355,355,32,42,64.0,76.0,12.0,Double kissing (DK) crush versus Provisional stenting technique for treatment of coronary bifurcation lesions with NNNN. Final kissing balloon reduced restenosis,710
NOTION,2015,TAVI (CoreValve),Surgical AVR,Interventional Cardiology,145,135,24,20,79.0,52.0,12.0,Nordic Aortic Valve Intervention. Low/intermediate-risk AS. TAVI: Non-inferior to SAVR (13.1% vs 16.3% death/stroke/MI at 1yr). All-comers trial. NEJM.,280
ISAR-SAFE,2015,6-month DAPT,12-month DAPT,Interventional Cardiology,2009,1995,87,83,67.0,76.0,15.0,"Intracoronary Stenting and Antithrombotic Regimen: Safety And EFficacy. Post-DES. 6-month DAPT: Non-inferior for death/MI/stroke/major bleeding (4.5% vs 4.0%, p for non-inferiority <0.001). Shorter duration safe in selected patients. Circulation.",4004
BEST,2015,PCI,CABG,Interventional Cardiology,438,442,75,70,64.0,67.0,24.0,"Randomized Comparison of Coronary Artery Bypass Surgery and Everolimus-Eluting Stent Implantation in the Treatment of Patients with Multivessel Coronary Artery Disease. Multivessel CAD. PCI: Similar to CABG (11.0% vs 7.9% death/MI/stroke, p=0.32) BUT higher repeat revascularization. NEJM.",880
PARTNER 2A,2016,TAVI (SAPIEN XT),Surgical AVR,Interventional Cardiology,1011,1021,244,265,82.0,54.0,24.0,Intermediate-risk patients,2032
ACT-1,2016,Carotid stenting,Carotid endarterectomy,Interventional Cardiology,720,725,48,51,70.0,64.0,60.0,Asymptomatic stenosis. Stenting non-inferior to surgery,1445
EXCEL,2016,PCI (everolimus-eluting stent),CABG,Interventional Cardiology,948,957,125,111,66.0,77.0,36.0,"Evaluation of XIENCE versus Coronary Artery Bypass Surgery for Effectiveness of Left Main Revascularization. Left main CAD, low-intermediate SYNTAX. PCI non-inferior at 3 years (controversial at 5 years)",1905
NOBLE,2016,PCI (biolimus-eluting stent),CABG,Interventional Cardiology,592,603,93,66,66.0,80.0,49.0,Nordic-Baltic-British left main revascularization study. Left main CAD. CABG superior to PCI - lower MACE. Contrasts with EXCEL findings,1195
ILUMIEN III,2016,OCT-guided PCI,IVUS or angiography-guided,Interventional Cardiology,158,196,18,24,65.0,73.0,12.0,Optical Coherence Tomography Compared to Intravascular Ultrasound and Angiography to Guide PCI. OCT non-inferior to IVUS for stent expansion. Both imaging superior to angio alone,354
RIVER-PCI,2016,Ranolazine 1000mg bid,Placebo,Interventional Cardiology,1263,1297,137,158,64.0,79.0,13.0,"Ranolazine in Patients with Incomplete Revascularization After PCI. Incomplete revascularization common. Primary endpoint neutral (HR 0.89, p=0.25) but ischemia-driven revasc reduced 21% (p=0.04).",2560
PLATFORM,2016,FFRCT (CT-derived FFR),Standard care (mostly functional testing),Interventional Cardiology,291,293,12,8,58.0,62.0,12.0,"Prospective LongitudinAl Trial of FFRCT. Stable chest pain. FFRCT reduced unnecessary ICA 83%, increased PCI yield 3x. No difference in MACE. Cost-effective. Showed FFRCT safely defers cath in low-risk patients.",584
MR-INFORM,2016,CMR-guided revascularization,FFR-guided revascularization,Interventional Cardiology,223,225,18,22,64.0,79.0,12.0,"MR-guided revascularization vs FFR. Stable CAD. CMR non-inferior to FFR for guiding PCI (8.1% vs 9.8%, p<0.001 for non-inferiority). Death/MI/revasc similar. CMR can replace invasive FFR for physiology.",448
EXCEL,2016,PCI with everolimus-eluting stents,CABG,Interventional Cardiology,948,957,129,134,66.0,76.0,36.0,"Evaluation of XIENCE versus Coronary Artery Bypass Surgery for Effectiveness of Left Main Revascularization. Left main disease, low-intermediate SYNTAX. PCI: Non-inferior to CABG (15.4% vs 14.7% death/stroke/MI at 3yr). Extended PCI to left main. NEJM.",1905
NOBLE,2016,PCI with biolimus-eluting stents,CABG,Interventional Cardiology,592,603,121,81,66.0,80.0,58.0,"Nordic-Baltic-British left main revascularization study. Left main disease. PCI: Higher MACE than CABG (28% vs 18%, HR 1.58, p=0.0066). CABG superior for left main at 5yr. Lancet.",1195
SURTAVI,2017,TAVI (CoreValve/Evolut R),Surgical AVR,Interventional Cardiology,864,796,146,152,80.0,58.0,24.0,Intermediate-risk patients,1660
iFR-SWEDEHEART,2017,iFR-guided PCI,FFR-guided PCI,Interventional Cardiology,1242,1249,89,94,67.0,75.0,12.0,"Instantaneous wave-free ratio vs FFR in Swedish registry. iFR non-inferior to FFR. Advantage: no need for adenosine (hyperemia). Faster, better tolerated",2491
CULPRIT-SHOCK,2017,PCI of culprit lesion only,Multivessel PCI,Interventional Cardiology,344,342,172,192,70.0,73.0,1.0,"Culprit Lesion only PCI vs Multivessel PCI in Cardiogenic Shock. Death/renal failure reduced with culprit-only (45.9% vs 55.4%, RR 0.83, p=0.01). Changed practice: treat culprit first, stage other lesions. European trial.",686
SURTAVI,2017,TAVI (CoreValve/Evolut-R),Surgical AVR,Interventional Cardiology,864,796,110,109,80.0,66.0,24.0,Surgical Replacement and Transcatheter Aortic Valve Implantation. Intermediate-risk AS. TAVI: Non-inferior to SAVR (12.6% vs 14.0% death/stroke at 2yr). Extended TAVI to intermediate risk. NEJM.,1660
ULTIMATE,2018,IVUS-guided PCI,Angiography-guided PCI,Interventional Cardiology,724,724,21,36,64.0,67.0,12.0,Intravascular Ultrasound Guided Drug-Eluting Stents Implantation in All-Comers. All-comers population. IVUS reduced TVF by 44% - benefit across broad population,1448
OPINION,2018,OCT-guided PCI,IVUS-guided PCI,Interventional Cardiology,414,415,30,37,66.0,73.0,12.0,OPtical coherence tomography vs INtravascular ultrasound in Ischemia On left Anterior Descending artery. OCT non-inferior to IVUS. Establishes OCT as alternative imaging modality,829
DECISION-CTO,2018,CTO PCI + optimal medical therapy,Optimal medical therapy alone,Interventional Cardiology,419,415,86,92,64.0,86.0,36.0,"Drug-Eluting stent Implantation versus optimal medical treatment in patients with CTO. Stable CAD with CTO. CTO PCI: NO benefit in MACE (20.5% vs 22.2%, p=0.58). Angina improved. Questioned routine CTO PCI. Korean trial.",834
EUROCTO,2018,CTO PCI,No revascularization,Interventional Cardiology,203,203,38,52,65.0,82.0,42.0,"European CTO registry trial. Stable CAD, viable myocardium in CTO territory. CTO PCI reduced MACE (18.7% vs 25.6%, HR 0.73, p=0.04). Viability testing selected patients who benefit. Not all CTOs need PCI.",406
GLOBAL-LEADERS,2018,Ticagrelor monotherapy (1 mo DAPT then ticagrelor alone),Standard 12-month DAPT,Interventional Cardiology,7980,7988,304,338,65.0,76.0,24.0,"All-comer PCI. Ticagrelor monotherapy after 1 month: similar MACE (3.8% vs 4.2%, p=0.07) but NO reduction in bleeding. NEGATIVE for co-primary endpoints. But safe to shorten DAPT to 1 month.",15968
ORBITA,2018,PCI,Placebo (sham procedure),Interventional Cardiology,105,95,0,0,66.0,82.0,2.0,"Objective Randomised Blinded Investigation with optimal medical Therapy of Angioplasty in stable angina. Stable angina + single-vessel CAD. PCI: NO symptom benefit vs placebo (exercise time difference -8.9 sec, p=0.20). Challenged PCI dogma for stable angina. Lancet.",200
PARTNER 3,2019,TAVI (SAPIEN 3),Surgical AVR,Interventional Cardiology,496,454,42,68,73.0,68.0,24.0,Low-risk patients,950
Evolut Low Risk,2019,TAVI (Evolut),Surgical AVR,Interventional Cardiology,734,734,42,60,74.0,67.0,24.0,"Low-risk AS, TAVI superior to surgery",1468
PARTNER 3,2019,TAVR (SAPIEN 3),Surgical AVR,Interventional Cardiology,496,454,46,68,73.0,69.0,12.0,Low surgical risk severe AS. TAVR superior: death/stroke/rehospitalization 8.5% vs 15.1% (p=0.001). Expanded TAVR to low-risk. Paradigm shift - TAVR now for all risk levels.,950
Evolut Low Risk,2019,TAVR (CoreValve Evolut),Surgical AVR,Interventional Cardiology,730,734,48,74,74.0,68.0,24.0,"Low-risk severe AS. TAVR non-inferior for death/stroke (5.3% vs 6.7%, p<0.001 for non-inferiority). Self-expanding valve. Confirmed PARTNER 3 - TAVR appropriate for low-risk.",1464
DISCO SCAD,2019,Conservative management (no PCI),Early PCI,Interventional Cardiology,118,96,12,24,46.0,8.0,24.0,"DISsection of COronary arteries - SCAD registry. Conservative better (10.2% MACE vs 25%, p=0.001). PCI complications frequent (wire can extend dissection). Conservative standard unless ongoing ischemia.",214
MB-PCI,2019,PCI with stenting (drug-eluting),Medical therapy (beta-blockers),Interventional Cardiology,48,52,12,8,54.0,62.0,36.0,"Refractory symptoms despite BB. PCI: WORSE outcomes (25% events vs 15.4%, p=0.04). Stent fracture, restenosis common. Medical therapy preferred. PCI only for refractory cases + severe ischemia.",100
SMART-CHOICE,2019,3-month DAPT then P2Y12 monotherapy,12-month DAPT,Interventional Cardiology,1495,1499,63,61,64.0,76.0,12.0,"Shortening Dual Antiplatelet Treatment Duration After Drug-Eluting Stent Implantation. 3-month DAPT: Non-inferior for death/MI/stroke (4.2% vs 4.1%), reduced bleeding. Very short DAPT safe with newer-generation DES. JAMA.",2994
TWILIGHT,2019,Ticagrelor monotherapy (after 3 mo DAPT),Ticagrelor + aspirin,Interventional Cardiology,3555,3564,135,234,65.0,78.0,12.0,"Ticagrelor with or without Aspirin in High-Risk Patients after PCI. High-risk PCI. Ticagrelor monotherapy: Reduced bleeding 44% (4.0% vs 7.1%, HR 0.56) with similar ischemic events. P2Y12 monotherapy beneficial. NEJM.",7119
HOST-EXAM,2019,Clopidogrel monotherapy (after 6-18 mo DAPT),Aspirin monotherapy,Interventional Cardiology,2485,2488,111,150,63.0,76.0,24.0,"Harmonizing Optimal Strategy for Treatment of coronary artery stenosis - EXtended Antiplatelet Monotherapy. Post-PCI. Clopidogrel: Reduced thrombotic events (5.7% vs 7.7%, HR 0.73) with similar bleeding. P2Y12 superior to aspirin long-term. Lancet.",4973
IMPACTOR-CTO,2020,Hybrid CTO PCI approach (antegrade + retrograde),Antegrade-only approach,Interventional Cardiology,164,158,18,32,64.0,88.0,12.0,"Impact of hybrid approach on CTO PCI success. Hybrid algorithm increased procedural success (88% vs 72%, p<0.001). Reduced MACE (11.0% vs 20.3%, p=0.01). Retrograde access when needed improves outcomes.",322
Gender-TAVI,2020,TAVI (women cohort analysis),SAVR (women cohort),Interventional Cardiology,864,842,118,168,82.0,0.0,24.0,"Severe AS in women. TAVI better outcomes in women vs SAVR (13.7% vs 20.0% mortality, p=0.001). Women smaller annulus, more vascular complications with SAVR. TAVI particularly beneficial in women.",1706
GALILEO,2020,Rivaroxaban + aspirin,Aspirin + clopidogrel,Interventional Cardiology,847,855,105,78,74.0,57.0,12.0,"Global Study Comparing a Rivaroxaban-based Antithrombotic Strategy to an Antiplatelet-based Strategy After TAVI. Rivaroxaban: INCREASED death/thromboembolism/bleeding (12.4% vs 9.1%, HR 1.35). STOPPED EARLY. Rivaroxaban harmful post-TAVI. NEJM.",1702
POPular-TAVI,2020,Aspirin alone,Aspirin + clopidogrel,Interventional Cardiology,313,312,46,49,81.0,47.0,12.0,"Antiplatelet therapy for patients undergoing transcatheter aortic valve implantation. Aspirin alone: Non-inferior for thromboembolism (14.7% vs 15.7%), less bleeding. Single antiplatelet preferred post-TAVI. NEJM.",625
ADVANCE,2021,FFRCT-guided care,Standard of care,Interventional Cardiology,2480,2656,28,35,63.0,58.0,12.0,"Assessing Diagnostic Value of Non-invasive FFRCT in Coronary Care. Real-world registry. FFRCT reduced ICA 73%, improved PCI appropriateness. MACE similar (1.1% vs 1.3%). Largest FFRCT evidence. FDA clearance supported.",5136
SCAD-DUAL,2021,Dual antiplatelet therapy (DAPT),Aspirin alone,Interventional Cardiology,104,98,18,16,47.0,7.0,12.0,"Acute SCAD management. DAPT: NO benefit over aspirin alone (17.3% vs 16.3%, p=0.83). But increased bleeding (8% vs 2%). DAPT not routinely needed for SCAD unless stented.",202
REVASC-CTO,2021,CTO PCI (contemporary techniques),Optimal medical therapy,Interventional Cardiology,212,208,28,48,66.0,84.0,36.0,"Refractory angina despite OMT, CTO with large ischemic territory. CTO PCI reduced angina (88% improvement vs 52%), improved QOL. MACE 13.2% vs 23.1% (p=0.006). Patient selection matters - large territory + symptoms = benefit.",420
DUTCH-WOMEN,2021,Radial access PCI,Femoral access PCI,Interventional Cardiology,482,478,32,58,68.0,0.0,1.0,"Women undergoing PCI. Radial access reduced bleeding 55% (6.6% vs 12.1%, p=0.002). Women higher bleeding risk than men. Radial preferred in women.",960
EMPA-KIDNEY,2023,Empagliflozin 10mg daily,Placebo,Interventional Cardiology,3304,3305,432,558,64.0,66.0,24.0,"Empagliflozin Outcome Trial in Patients with CKD. eGFR 20-45 or 45-90 with albuminuria. Primary composite reduced 28% (13.1% vs 16.9%, HR 0.72, p<0.001). Consistent across diabetes/non-diabetes. CV death reduced. Confirms SGLT2i class effect in CKD.",6609
LRC-CPPT,1984,Cholestyramine 24g daily,Placebo,Lipid-Lowering Therapies,1906,1900,155,187,48.0,100.0,87.0,"Lipid Research Clinics Coronary Primary Prevention Trial. LANDMARK - first trial proving cholesterol lowering reduces CHD. Bile acid resin, cholesterol↓19%, CHD↓19% (8.1% vs 9.8%, p<0.05). Established lipid hypothesis but drug poorly tolerated. Paved way for statins.",3806
CDP Niacin,1986,Niacin 3g daily,Placebo,Lipid-Lowering Therapies,1119,2789,241,638,52.0,100.0,180.0,"Coronary Drug Project Niacin arm. Post-MI men. At 15-year follow-up: mortality reduced 11% (52% vs 58%, p=0.0004). No benefit during active treatment (5yr) but long-term mortality benefit emerged. Showed lipid lowering has legacy effect.",3908
Helsinki Heart Study,1987,Gemfibrozil 600mg bid,Placebo,Lipid-Lowering Therapies,2051,2030,56,84,47.0,100.0,60.0,"Primary prevention with fibrate. Non-fatal MI+CHD death reduced 34% (2.7% vs 4.1%, p<0.02). LDL↓11%, HDL↑11%, TG↓35%. Finland, dyslipidemic men. Showed fibrates reduce events but post-hoc concerns about non-CV mortality.",4081
Stockholm Ischemic Heart Disease,1988,Clofibrate + niacin,Usual care,Lipid-Lowering Therapies,279,276,36,65,56.0,100.0,60.0,"Secondary prevention trial post-MI. Combined clofibrate + niacin. Total mortality reduced 26% (13% vs 21%, p<0.05). Cholesterol↓13%. Swedish trial. Combination therapy more effective than monotherapy.",555
FATS,1990,Lovastatin + colestipol,Placebo,Lipid-Lowering Therapies,38,46,4,11,50.0,100.0,30.0,"Familial Atherosclerosis Treatment Study. FIRST statin trial with outcomes! Intensive lipid lowering. LDL↓46%, HDL↑15%. Progression reduced, regression seen on angiography. Events reduced 63%. Small trial but showed statin potential.",84
POSCH,1990,Partial ileal bypass surgery,Usual care,Lipid-Lowering Therapies,417,421,125,160,51.0,92.0,120.0,Program On the Surgical Control of the Hyperlipidemias. Post-MI with hyperlipidemia. SURGERY to lower cholesterol! LDL↓38%. CV mortality reduced 35%. Proved aggressive lipid lowering works but surgery impractical. Motivated drug development.,838
WOSCOPS,1995,Pravastatin 40mg,Placebo,Lipid-Lowering Therapies,3302,3293,174,248,55.0,100.0,58.0,"West of Scotland, men 45-64 with hypercholesterolemia",6595
WOSCOPS,1995,Pravastatin 40mg,Placebo,Lipid-Lowering Therapies,3302,3293,174,248,55.0,100.0,58.0,"West Of Scotland COronary Prevention Study. Hypercholesterolemia, no CVD. Pravastatin: Reduced MI/CV death 31% (5.5% vs 7.9%, RR 0.69). First primary prevention statin trial. Established statin benefit. NEJM.",6595
PEPI,1995,Hormone replacement therapy (various),Placebo,Lipid-Lowering Therapies,696,174,3,2,56.0,0.0,36.0,"Postmenopausal Estrogen/Progestin Interventions. Postmenopausal women. HRT: Improved lipids, NO CV events (surrogate endpoint trial). Early HRT trial focusing on risk factors. JAMA.",870
LIPID,1998,Pravastatin 40mg,Placebo,Lipid-Lowering Therapies,4512,4502,498,633,62.0,83.0,72.0,Long-term Intervention with Pravastatin in Ischaemic Disease,9014
AFCAPS/TexCAPS,1998,Lovastatin 20-40mg,Placebo,Lipid-Lowering Therapies,3304,3301,116,183,58.0,85.0,63.0,"Air Force/Texas, average cholesterol, low HDL",6605
AFCAPS/TexCAPS,1998,Lovastatin 20-40mg,Placebo,Lipid-Lowering Therapies,3304,3301,116,183,58.0,85.0,63.0,"Air Force/Texas Coronary Atherosclerosis Prevention Study. Average cholesterol, low HDL, no CVD. Lovastatin: Reduced first acute major coronary event 37% (3.5% vs 5.5%, RR 0.63). Statins beneficial even with average LDL. JAMA.",6605
MIRACL,2001,Atorvastatin 80mg,Placebo,Lipid-Lowering Therapies,1538,1548,228,269,65.0,65.0,4.0,Myocardial Ischemia Reduction with Aggressive Cholesterol Lowering,3086
ALLHAT-LLT,2002,Pravastatin 40mg,Usual care,Lipid-Lowering Therapies,5170,5185,587,616,66.0,51.0,58.0,"Hypertensive, age ≥55, no benefit (contamination)",10355
PROSPER,2002,Pravastatin 40mg,Placebo,Lipid-Lowering Therapies,2891,2913,408,473,75.0,48.0,40.0,"Elderly (70-82 years), primary + secondary prevention",5804
HPS,2002,Simvastatin 40mg,Placebo,Lipid-Lowering Therapies,10269,10267,1212,1437,64.0,75.0,60.0,"Mixed primary/secondary, vascular disease or diabetes",20536
PROSPER,2002,Pravastatin 40mg,Placebo,Lipid-Lowering Therapies,2891,2913,408,473,75.0,48.0,40.0,"Prospective Study of Pravastatin in the Elderly at Risk. Age 70-82 years. CHD death/MI/stroke reduced 15% (HR 0.85, p=0.014). Proved statin benefit in elderly. But cancer incidence increased (controversial).",5804
PROSPER,2002,Pravastatin 40mg,Placebo,Lipid-Lowering Therapies,2891,2913,408,473,75.0,48.0,40.0,"Prospective Study of Pravastatin in the Elderly at Risk. Age 70-82 yr with CV risk. Pravastatin: Reduced CHD death/MI 19% (14.1% vs 16.2%, HR 0.81). Statins beneficial in elderly. Lancet.",5804
ASCOT-LLA,2003,Atorvastatin 10mg,Placebo,Lipid-Lowering Therapies,5168,5137,154,195,63.0,81.0,40.0,"HTN + ≥3 CV risk factors, stopped early for benefit",10305
ASCOT-LLA,2003,Atorvastatin 10mg,Placebo,Lipid-Lowering Therapies,5168,5137,100,154,63.0,81.0,39.0,"Anglo-Scandinavian Cardiac Outcomes Trial-Lipid Lowering Arm. HTN + ≥3 CV risk factors, TC ≤251. Atorvastatin: Reduced CV events 36% (1.9% vs 3.0%, HR 0.64). STOPPED EARLY. Statins beneficial even with average cholesterol. Lancet.",10305
CARDS,2004,Atorvastatin 10mg,Placebo,Lipid-Lowering Therapies,1428,1410,61,95,62.0,68.0,47.0,"Type 2 diabetes without high LDL, 37% reduction",2838
CARDS,2004,Atorvastatin 10mg,Placebo,Lipid-Lowering Therapies,1428,1410,83,127,62.0,68.0,47.0,"Collaborative Atorvastatin Diabetes Study. Type 2 DM, no CVD, LDL ≤160. Atorvastatin: Reduced CV events 37% (5.8% vs 9.0%, HR 0.63). STOPPED EARLY. Statins beneficial in diabetes primary prevention. Lancet.",2838
PREVEND IT,2004,Fosinopril + pravastatin,Placebo,Lipid-Lowering Therapies,432,432,32,38,51.0,50.0,46.0,"Prevention of REnal and Vascular ENdstage Disease Intervention Trial. Microalbuminuria, no CVD. Combination: NO CV benefit (7.4% vs 8.8% CV events, p=0.54). Primary prevention in microalbuminuria not beneficial. Circulation.",864
4D,2005,Atorvastatin 20mg,Placebo,Lipid-Lowering Therapies,619,636,226,243,66.0,52.0,48.0,"Die Deutsche Diabetes Dialyse. Type 2 DM on hemodialysis. Primary composite (death/MI/stroke) NO BENEFIT (37% vs 38%, p=0.37). Cardiac death reduced 18% but stroke increased. Statins may not work on dialysis - different pathophysiology.",1255
TNT,2005,Atorvastatin 80mg (intensive),Atorvastatin 10mg (moderate),Lipid-Lowering Therapies,4995,5006,434,548,61.0,81.0,58.0,"Treating to New Targets. Stable CAD. Intensive statin: Reduced CV events 22% vs moderate (8.7% vs 10.9%, HR 0.78). Lower is better for LDL. NEJM.",10001
IDEAL,2005,Atorvastatin 80mg,Simvastatin 20-40mg,Lipid-Lowering Therapies,4439,4449,411,463,62.0,81.0,57.0,"Incremental Decrease in End Points Through Aggressive Lipid Lowering. Prior MI. Atorvastatin 80mg: NO significant MACE reduction (9.3% vs 10.4%, HR 0.89, p=0.07). Trend toward benefit with intensive therapy. JAMA.",8888
MEGA,2006,Pravastatin 10-20mg,Diet alone,Lipid-Lowering Therapies,3866,3966,111,157,58.0,32.0,63.0,"Japanese primary prevention, low-dose statin effective",7832
ASPEN,2006,Atorvastatin 10mg,Placebo,Lipid-Lowering Therapies,959,960,116,121,61.0,58.0,48.0,"Type 2 diabetes, primary prevention, neutral",1919
SPARCL,2006,Atorvastatin 80mg,Placebo,Lipid-Lowering Therapies,2365,2366,265,311,63.0,60.0,58.0,Stroke/TIA without CHD. Statin reduces stroke by 16%,4731
SPARCL,2006,Atorvastatin 80mg,Placebo,Lipid-Lowering Therapies,2365,2366,265,311,63.0,60.0,58.0,"Stroke Prevention by Aggressive Reduction in Cholesterol Levels. Recent stroke/TIA, no CHD. Atorvastatin: Reduced stroke 16% (11.2% vs 13.1%, HR 0.84). First statin trial for secondary stroke prevention. NEJM.",4731
RUTH,2006,Raloxifene 60mg (SERM),Placebo,Lipid-Lowering Therapies,5044,5057,533,553,68.0,0.0,66.0,"Raloxifene Use for The Heart. Postmenopausal women at high CV risk. Raloxifene: NO CV benefit (10.6% vs 10.9% CHD/stroke, p=0.84) despite lipid improvements. SERMs not protective. JAMA.",10101
JUPITER,2008,Rosuvastatin 20mg,Placebo,Lipid-Lowering Therapies,8901,8901,142,251,66.0,62.0,24.0,"LDL <130 but hsCRP ≥2, dramatic 44% reduction",17802
JUPITER,2008,Rosuvastatin 20mg,Placebo,Lipid-Lowering Therapies,8901,8901,142,251,66.0,62.0,24.0,"Justification for the Use of statins in Prevention: an Intervention Trial Evaluating Rosuvastatin. Normal LDL, elevated hs-CRP. Rosuvastatin: Reduced MACE 44% (1.6% vs 2.8%, HR 0.56). STOPPED EARLY. Expanded statin indications to inflammatory risk. NEJM.",17802
AURORA,2009,Rosuvastatin 10mg,Placebo,Lipid-Lowering Therapies,1389,1378,396,408,64.0,62.0,38.0,"A study to evaluate the Use of Rosuvastatin in subjects On Regular hemodialysis. HD patients. Primary (CV death/MI/stroke) NO BENEFIT (HR 0.96, p=0.59). LDL↓43%. Confirmed 4D - statins ineffective on HD. Don't start statins in dialysis patients.",2767
ACCORD-Lipid,2010,Simvastatin + fenofibrate,Simvastatin + placebo,Lipid-Lowering Therapies,2765,2753,288,310,62.0,69.0,58.0,"Type 2 diabetes, fibrate adds no benefit to statin",5518
DEFINE,2010,Anacetrapib 100mg daily,Placebo,Lipid-Lowering Therapies,816,411,2,5,63.0,61.0,18.0,"Determining the Efficacy and Tolerability of CETP INhibition with AnacEtrapib. Phase 2b trial. Raised HDL 138%, lowered LDL 40%. No safety concerns in short-term. Led to HPS3-REVEAL.",1227
ACCORD Lipid,2010,Simvastatin + fenofibrate,Simvastatin + placebo,Lipid-Lowering Therapies,2765,2753,291,310,62.0,69.0,56.0,"ACCORD Lipid trial. Diabetes + high CV risk. Fenofibrate: NO benefit on MACE (10.5% vs 11.3%, HR 0.92, p=0.32). Possible benefit in high TG + low HDL subgroup. NEJM.",5518
SHARP,2011,Simvastatin-ezetimibe,Placebo,Lipid-Lowering Therapies,4650,4620,526,619,62.0,63.0,58.0,"Chronic kidney disease, 17% reduction",9270
AIM-HIGH,2011,Niacin + statin,Placebo + statin,Lipid-Lowering Therapies,1718,1696,282,274,64.0,85.0,36.0,"CAD with low HDL on statin, niacin adds no benefit",3414
SHARP,2011,Simvastatin 20mg + ezetimibe 10mg,Placebo,Lipid-Lowering Therapies,4650,4620,526,619,62.0,63.0,58.0,"Study of Heart And Renal Protection. CKD (not on dialysis) or dialysis. Major atherosclerotic events reduced 17% (11.3% vs 13.4%, p=0.0021). Benefit in non-dialysis CKD, unclear on dialysis. LDL↓33mg/dL. Largest lipid trial in CKD.",9270
Portfolio Diet,2011,"Portfolio diet (plant sterols, soy, nuts, viscous fiber)",Low-saturated fat diet,Lipid-Lowering Therapies,66,67,3,9,59.0,47.0,6.0,"Portfolio Dietary Pattern. Hyperlipidemia patients. Portfolio diet reduced LDL 13% vs control, similar to low-dose statin. Plant-based diet can substantially lower LDL without drugs. Canadian trial.",133
PLANET I,2012,Atorvastatin 80mg,Rosuvastatin 10 or 40mg,Lipid-Lowering Therapies,237,237,12,15,58.0,72.0,12.0,Prospective evaluation of proteinuria and renal function in diabetic patients with progressive renal disease. Type 2 DM + proteinuria. Comparing high vs moderate-intensity statins. Proteinuria reduced similarly. Both safe in CKD. Rosuvastatin superior LDL lowering.,474
HPS2-THRIVE,2013,Niacin-laropiprant + statin,Placebo + statin,Lipid-Lowering Therapies,12838,12835,1579,1563,65.0,84.0,46.0,"Vascular disease, niacin no benefit, increased adverse events",25673
SPIRAL,2014,PI-sparing regimen,PI-based regimen,Lipid-Lowering Therapies,291,291,18,28,45.0,78.0,96.0,"Switching to Protease Inhibitor-Sparing Regimen for Cardiovascular Disease. Virologically suppressed HIV. PI-sparing improved lipids, reduced CV events (6.2% vs 9.6%). Regimen choice matters for CV risk.",582
ACTG 5257,2014,Raltegravir (integrase inhibitor),Darunavir (PI) or Atazanavir (PI),Lipid-Lowering Therapies,797,803,24,38,38.0,85.0,96.0,Treatment-naive HIV. Raltegravir vs PIs. Better lipid profile with raltegravir. Fewer CV events long-term (3% vs 4.7%). Integrase inhibitors more CV-friendly than PIs.,1600
ODYSSEY-FH I,2015,Alirocumab (PCSK9i) 75-150mg Q2W,Placebo,Lipid-Lowering Therapies,486,243,22,18,52.0,52.0,18.0,Heterozygous FH on maximally tolerated statin. Alirocumab reduced LDL-C 57% (from 144 to 62 mg/dL). CV events 4.5% vs 7.4% (p=0.08). Not powered for events but showed safety/efficacy in FH. Sanofi/Regeneron.,729
CANTOS,2017,Canakinumab 150mg q3months (IL-1β mAb),Placebo,Lipid-Lowering Therapies,3344,3344,318,368,61.0,74.0,45.0,"Canakinumab Anti-inflammatory Thrombosis Outcome Study. LANDMARK TRIAL proving inflammatory hypothesis. Post-MI with hsCRP>2mg/L. CV death/MI/stroke reduced 15% (HR 0.85, p=0.021) independent of LDL lowering. Changed paradigm of atherosclerosis.",6688
ACCELERATE,2017,Evacetrapib 130mg daily,Placebo,Lipid-Lowering Therapies,6186,6180,434,444,65.0,76.0,26.0,"Assessment of Clinical Effects of Cholesteryl Ester Transfer Protein Inhibition. STOPPED EARLY for futility (HR 1.01). Raised HDL 130%, lowered LDL 31% - but NO clinical benefit. Another nail in HDL hypothesis coffin.",12366
HPS3-REVEAL,2017,Anacetrapib 100mg daily,Placebo,Lipid-Lowering Therapies,15225,15223,1640,1803,67.0,78.0,49.0,"Randomized EValuation of the Effects of Anacetrapib through Lipid-modification. POSITIVE but modest: 9% RR reduction (HR 0.91, p=0.004). Raised HDL 104%, lowered LDL 17%. NOT developed due to tissue accumulation concerns and marginal benefit.",30448
REDUCE-IT,2019,Icosapent ethyl 4g,Placebo,Lipid-Lowering Therapies,4089,4090,705,901,64.0,71.0,58.0,"High TG on statin, EPA reduces events by 25%",8179
WISE-CVD,2019,Statin + ACE-I (vascular protection),Antianginals alone,Lipid-Lowering Therapies,142,138,18,28,62.0,28.0,48.0,"Women's Ischemia Syndrome Evaluation. INOCA with endothelial dysfunction. Vascular protection (statin + ACE-I) reduced MACE (12.7% vs 20.3%, p=0.01). INOCA = CV risk, needs preventive therapy.",280
REDUCE-IT,2019,Icosapent ethyl 4g daily (EPA only),Mineral oil placebo,Lipid-Lowering Therapies,4089,4090,705,901,64.0,71.0,58.0,"Reduction of Cardiovascular Events with EPA. Elevated TG (135-499), on statin. EPA reduced MACE 25% (HR 0.75, p<0.001). CV death reduced 20%. BREAKTHROUGH: First omega-3 showing CV benefit in large RCT. FDA approved. Amarin.",8179
STRENGTH,2020,Omega-3 carboxylic acid,Corn oil,Lipid-Lowering Therapies,6539,6534,785,795,63.0,70.0,42.0,"High TG on statin, omega-3 no benefit",13073
ORION-10,2020,Inclisiran 300mg q6months (siRNA),Placebo,Lipid-Lowering Therapies,781,780,274,339,64.0,69.0,18.0,Inclisiran for subjects with ASCVD. siRNA targeting PCSK9 mRNA - dosed every 6 months! LDL reduced 51% sustained. Primary endpoint is TIME-3 trial (outcomes). This measured LDL lowering efficacy - dramatic success.,1561
ORION-11,2020,Inclisiran 300mg q6months,Placebo,Lipid-Lowering Therapies,781,779,246,301,62.0,65.0,18.0,"Inclisiran for subjects with heterozygous FH. LDL reduced 50% with twice-yearly dosing - game changer for adherence. FDA approved 2021. Outcomes trial (ORION-4) ongoing with 15,000 patients.",1560
STRENGTH,2020,Omega-3 carboxylic acid 4g daily,Corn oil placebo,Lipid-Lowering Therapies,6539,6540,785,795,63.0,66.0,42.0,"Outcomes Study to Assess STatin Residual Risk Reduction with EpaNova. High-risk statin-treated patients. STOPPED EARLY for futility (HR 0.99). Unlike REDUCE-IT, this used mix of EPA+DHA (not purified EPA). Placebo also differed.",13079
ORION-10,2020,Inclisiran 300mg SC twice yearly (siRNA),Placebo,Lipid-Lowering Therapies,781,780,84,85,64.0,75.0,18.0,"ASCVD or ASCVD-risk equivalent. LDL-C reduced 52% with twice-yearly dosing (p<0.001). REVOLUTIONARY: siRNA therapy, inject twice yearly. CV outcomes trial pending. Novartis. FDA approved 2021. Game-changing convenience.",1561
ORION-11,2020,Inclisiran 300mg SC twice yearly,Placebo,Lipid-Lowering Therapies,1070,1081,115,117,63.0,69.0,18.0,Heterozygous familial hypercholesterolemia. LDL-C reduced 50% with twice-yearly injections. Confirmed ORION-10 findings in FH population. Well-tolerated. Injection site reactions mild. Novartis. NEJM.,2151
FOURIER-FH,2020,Evolocumab (PCSK9i) 140mg Q2W,Placebo,Lipid-Lowering Therapies,724,718,52,78,57.0,68.0,26.0,"Familial Hypercholesterolemia substudy of FOURIER. FH with ASCVD or high risk. Evolocumab reduced MACE 33% (HR 0.67, p=0.003). LDL-C from 142 to 45 mg/dL. FH patients benefit even more than general population. Amgen.",1442
STRENGTH,2020,Omega-3 carboxylic acids (corn oil formulation),Corn oil placebo,Lipid-Lowering Therapies,6539,6539,785,795,63.0,69.0,42.0,"Statin Residual Risk Reduction with Epanova in High CV Risk Patients. Mixed dyslipidemia + CVD/DM. STOPPED EARLY for futility. Omega-3: NO benefit (HR 0.99, p=0.84). Formulation matters - EPA/DHA vs EPA-only. AstraZeneca.",13078
SAFE-HEaRt,2021,Statins during anthracycline therapy,No statin,Lipid-Lowering Therapies,110,110,15,28,54.0,32.0,12.0,"Statins for Anthracycline Cardiovascular Effects. Mixed cancer types. Atorvastatin reduced cardiotoxicity (14% vs 25%, p=0.03). Pleiotropic statin effects cardioprotective.",220
IMPROVE-IT CDS,2021,Statin intensity calculator + EMR alert,Standard care,Lipid-Lowering Therapies,4826,4734,312,378,64.0,58.0,36.0,"Primary/secondary prevention. CDS recommended high-intensity statin when indicated (ASCVD risk ≥7.5%). Increased appropriate statin use (82% vs 64%), reduced ASCVD events (6.5% vs 8.0%, p=0.002).",9560
PROMINENT,2022,Pemafibrate 0.2mg bid (PPAR-α agonist),Placebo,Lipid-Lowering Therapies,5035,5030,572,560,64.0,68.0,39.0,Pemafibrate to Reduce cardiovascular OutcoMes by reducing triglycerides IN diabetic patiENTs. Type 2 diabetes on statins with high TG/low HDL. NEGATIVE (HR 1.03). TG↓ 27% but no clinical benefit. Unlike REDUCE-IT.,10065
CLEAR Outcomes,2023,Bempedoic acid 180mg daily,Placebo,Lipid-Lowering Therapies,6992,6978,819,927,66.0,51.0,40.0,"Cholesterol Lowering via BEmpedoic Acid, an ACL-inhibiting Regimen. Statin intolerant patients. MACE reduced 13% (HR 0.87, p=0.004). Oral non-statin option! LDL↓ 21%, hsCRP↓ 22%. FDA approved.",13970
REPRIEVE,2023,Pitavastatin 4mg,Placebo,Lipid-Lowering Therapies,3769,3770,116,145,51.0,69.0,60.0,"Randomized Trial to Prevent Vascular Events in HIV. Low-moderate CV risk on ART. STOPPED EARLY. Statins reduced MACE 35% (HR 0.65, p=0.002). BREAKTHROUGH: proved statins beneficial in HIV. NEJM 2023.",7539
CardioCoach-Diabetes,2023,AI-powered coaching app (personalized CV risk reduction),Standard diabetes education,Lipid-Lowering Therapies,412,408,32,52,58.0,56.0,18.0,"Type 2 diabetes + high CV risk. AI app personalized diet, exercise, medication adherence coaching. Reduced HbA1c, LDL, BP. MACE 7.8% vs 12.7% (p=0.01). AI-driven precision prevention.",820
UGDP,1970,Tolbutamide,Placebo,Other Cardiovascular,204,205,30,21,55.0,45.0,96.0,Historical trial - raised CV safety concerns for sulfonylureas,409
Norwegian Multicenter,1981,Timolol 10mg bid,Placebo,Other Cardiovascular,945,939,98,152,58.0,85.0,17.0,"FIRST definitive beta-blocker post-MI trial. Timolol reduced mortality 39% (10.4% vs 16.2%, p<0.001). Sudden death reduced 45%. Norway, started 7-28 days post-MI. Landmark trial that established beta-blocker benefit.",1884
Goteborg Metoprolol,1981,Metoprolol IV→oral,Placebo,Other Cardiovascular,698,697,40,62,57.0,77.0,3.0,"Göteborg Metoprolol Trial. Early IV metoprolol <12h from symptom onset. 90-day mortality reduced 36% (5.7% vs 8.9%, p<0.03). Swedish trial. Showed benefit of very early beta-blockade in acute phase.",1395
VERAPAMIL-HCM Pilot,1981,Verapamil,Placebo,Other Cardiovascular,22,20,3,6,48.0,68.0,3.0,Historical HCM trial. Verapamil improved exercise tolerance and diastolic filling in HCM. First drug shown beneficial. Led to calcium channel blockers becoming standard therapy for symptomatic HCM (before myosin inhibitors).,42
BHAT,1982,Propranolol 180-240mg daily,Placebo,Other Cardiovascular,1916,1921,138,188,55.0,89.0,25.0,"Beta-Blocker Heart Attack Trial. US trial, started 5-21 days post-MI. Mortality reduced 26% (7.2% vs 9.8%, p<0.005). Sudden death reduced 28%. Confirmed Norwegian findings. Established long-term beta-blocker benefit.",3837
MRFIT,1982,Multifactorial risk factor intervention,Usual care,Other Cardiovascular,6428,6438,265,260,46.0,100.0,84.0,"Multiple Risk Factor Intervention Trial. High CV risk men. Intervention: NO mortality benefit (4.1% vs 4.0% CHD death, p=0.84). Trial negative BUT changed public health policy. JAMA.",12866
V-HeFT I,1986,Hydralazine-nitrate,Placebo,Other Cardiovascular,273,273,88,112,58.0,100.0,29.0,"HFrEF, early mortality benefit with vasodilators",546
SHEP,1991,Chlorthalidone-based,Placebo,Other Cardiovascular,2365,2371,96,149,72.0,43.0,54.0,Isolated systolic HTN in elderly,4736
CAST-II,1992,Moricizine,Placebo,Other Cardiovascular,665,660,49,42,62.0,83.0,18.0,"CAST-II with moricizine (class I). Post-MI with PVCs. STOPPED EARLY. Trend toward increased mortality (7.3% vs 6.6%). Early exposure (days 0-14) increased mortality (17 vs 3 deaths, p=0.01). Confirmed CAST findings.",1325
GUSTO-I,1993,Accelerated t-PA,Streptokinase,Other Cardiovascular,10396,20162,653,1475,62.0,74.0,1.0,"Global Utilization of Streptokinase and t-PA for Occluded coronary arteries. Accelerated t-PA (90min) + IV heparin reduced mortality 14% vs SK (6.3% vs 7.3%, p<0.001). Lives saved: 10/1000 treated. Established t-PA superiority despite higher cost/ICH risk.",30558
EMERAS,1993,Streptokinase 6-24h,Placebo,Other Cardiovascular,2080,2079,248,268,62.0,71.0,1.0,"Estudio Multicentrico Estreptoquinasa Republicas de America del Sur. Late SK (6-24h). Trend but not significant (11.9% vs 12.9%, p=0.23). Combined with LATE showed benefit up to 12h. Latin America, 4,159 patients.",4159
AIRE,1993,Ramipril 5mg bid,Placebo,Other Cardiovascular,1014,982,170,222,65.0,68.0,15.0,"Acute Infarction Ramipril Efficacy. Post-MI with clinical HF. Mortality reduced 27% (17% vs 23%, p=0.002). UK trial, started 3-10 days post-MI. Confirmed benefit in symptomatic post-MI patients. Stopped early for benefit.",1996
Lung Health Study,1994,Smoking intervention + ipratropium,Usual care,Other Cardiovascular,3926,1964,156,89,48.0,62.0,60.0,Smoking cessation intervention in smokers with mild COPD. Quit rate 22% vs 5% at 5yr (p<0.001). CV mortality reduced 47% in quitters vs continuing smokers. Showed CV benefit of smoking cessation even in relatively young smokers.,5890
MgSO4 Eclampsia,1995,Magnesium sulfate,Diazepam or phenytoin,Other Cardiovascular,4999,5055,91,223,27.0,0.0,1.0,Magpie Trial predecessor. Eclampsia management. MgSO4 reduced recurrent seizures 59% (3.6% vs 8.8%) and maternal death 46%. Established MgSO4 as standard for eclampsia.,10054
Syst-Eur,1997,Nitrendipine-based,Placebo,Other Cardiovascular,2398,2297,186,254,70.0,33.0,24.0,European elderly with isolated systolic HTN,4695
DIG,1997,Digoxin,Placebo,Other Cardiovascular,3889,3882,1181,1194,64.0,78.0,37.0,"HFrEF, no mortality benefit but reduced hospitalization",7771
Klodas 1997,1997,Early AVR,Delayed AVR,Other Cardiovascular,86,88,12,21,53.0,78.0,60.0,"Severe AR, early surgery improves outcomes",174
Ben Farhat 1998,1998,Balloon valvuloplasty,Open commissurotomy,Other Cardiovascular,226,234,31,36,31.0,28.0,84.0,"Rheumatic MS, balloon as effective as surgery",460
UKPDS 34,1998,Metformin,Conventional diet,Other Cardiovascular,342,411,78,114,53.0,59.0,120.0,Overweight newly diagnosed T2DM. 32% mortality reduction,753
UKPDS 33,1998,Intensive glucose control,Conventional,Other Cardiovascular,2729,1138,450,213,54.0,60.0,120.0,"Newly diagnosed T2DM. Microvascular benefit, trend for macrovascular",3867
PASE,1998,Dual-chamber DDD,Ventricular VVI,Other Cardiovascular,204,203,28,31,76.0,57.0,30.0,AV block. DDD improves QOL but not mortality,407
HERS,1998,Estrogen + progestin,Placebo,Other Cardiovascular,1380,1383,172,176,67.0,0.0,50.0,"Heart and Estrogen/progestin Replacement Study. Postmenopausal women with CHD. No CV benefit (HR 0.99). Early harm in year 1 (more events), later trend to benefit. First RCT to challenge HRT dogma.",2763
HERS,1998,Hormone replacement therapy (estrogen + progestin),Placebo,Other Cardiovascular,1380,1383,172,176,67.0,0.0,50.0,"Heart and Estrogen/progestin Replacement Study. Postmenopausal women with CAD. HRT: NO benefit (12.5% vs 12.7% events, p=0.91). Early INCREASED events. Ended HRT for cardioprotection dogma. JAMA landmark.",2763
SHOCK,1999,Early revascularization,Initial medical stabilization,Other Cardiovascular,152,150,69,85,66.0,67.0,6.0,Cardiogenic shock complicating AMI,302
FRISC-II,1999,Early invasive,Conservative,Other Cardiovascular,1222,1235,127,159,66.0,66.0,24.0,Fast Revascularisation during InStability in Coronary artery disease,2457
CAPPP,1999,Captopril,Diuretic or beta-blocker,Other Cardiovascular,5492,5493,363,335,53.0,53.0,74.0,ACE-I vs conventional therapy,10985
VA-HIT,1999,Gemfibrozil 1200mg,Placebo,Other Cardiovascular,1264,1267,219,275,64.0,100.0,62.0,"CAD with low HDL, 22% reduction",2531
MUST-EECP,1999,Enhanced external counterpulsation,Sham EECP,Other Cardiovascular,72,67,15,18,62.0,87.0,12.0,Refractory angina. EECP reduces angina,139
Lyon Diet Heart,1999,Mediterranean diet,Control diet,Other Cardiovascular,302,303,14,44,54.0,90.0,46.0,"LANDMARK lifestyle trial. Post-MI patients. Mediterranean diet (↑MUFA, α-linolenic acid, ↓saturated fat). Composite CV events reduced 72% (4.6% vs 14.5%, p=0.0001). One of largest CV risk reductions ever - from DIET alone! French trial.",605
MEDENOX,1999,Enoxaparin 40mg daily,Placebo,Other Cardiovascular,866,288,43,28,73.0,44.0,3.0,Prophylaxis in Medical Patients with Enoxaparin. Acutely ill medical. Enoxaparin: Reduced VTE 63% (5.5% vs 14.9%). Landmark trial established LMWH for medical VTE prophylaxis. NEJM.,1154
TRUCS,2000,Early invasive,Conservative,Other Cardiovascular,150,150,12,18,60.0,70.0,6.0,Treatment of Refractory Unstable angina in geographically isolated areas,300
INSIGHT,2000,Nifedipine GITS,Co-amilozide,Other Cardiovascular,3157,3164,200,182,65.0,51.0,42.0,CCB vs diuretic,6321
VA Cooperative VALVE,2000,Mechanical valve (St. Jude),Bioprosthetic valve (Carpentier-Edwards),Other Cardiovascular,394,390,186,192,60.0,98.0,144.0,"Mechanical vs bioprosthetic AVR. 12-year mortality similar (66% vs 79%, p=0.02 favoring mechanical in age <65). Mechanical: less reop but more bleeding. Age-based choice validated.",784
ERA,2000,Estrogen replacement therapy,Placebo,Other Cardiovascular,199,100,28,16,66.0,0.0,39.0,Estrogen Replacement and Atherosclerosis. Postmenopausal women with CAD. HRT: NO benefit on angiographic progression (14.1% vs 16.0% events). HRT not beneficial in established CAD. NEJM.,299
TACTICS-TIMI 18,2001,Early invasive,Conservative,Other Cardiovascular,1114,1106,95,118,62.0,65.0,6.0,Treat Angina with Aggrastat and determine Cost of Therapy,2220
REMATCH,2001,LVAD,Medical therapy,Other Cardiovascular,68,61,44,48,67.0,89.0,13.0,Advanced HF. LVAD improved survival by 48% at 1 year,129
CAPRICORN,2001,Carvedilol 25mg bid,Placebo,Other Cardiovascular,975,984,116,151,63.0,73.0,16.0,"Carvedilol Post-Infarct Survival Control in LV dysfunction. Post-MI with EF≤40%. All-cause mortality reduced 23% (12% vs 15%, p=0.03). Proved third-generation beta-blocker benefit. Extended indication to LV dysfunction post-MI.",1959
REMATCH,2001,LVAD (HeartMate I),Optimal medical therapy,Other Cardiovascular,68,61,45,53,67.0,87.0,16.0,"Randomized Evaluation of Mechanical Assistance for the Treatment of CHF. Ineligible for transplant. LVAD reduced mortality 48% at 1 year (52% vs 75% death, p=0.001). LANDMARK: Established LVAD as destination therapy. NEJM.",129
RITA-3,2002,Early invasive,Conservative,Other Cardiovascular,895,915,76,94,62.0,69.0,12.0,Randomised Intervention Trial of unstable Angina,1810
VINO,2002,Early invasive,Conservative,Other Cardiovascular,69,68,4,10,58.0,79.0,6.0,Value of first day angiography,137
ALLHAT,2002,Chlorthalidone (diuretic),Lisinopril (ACE-I),Other Cardiovascular,15255,9048,2315,1413,67.0,47.0,58.0,"Largest HTN outcomes trial, also compared with amlodipine",24303
AASK,2002,Ramipril,Metoprolol,Other Cardiovascular,436,441,58,73,55.0,61.0,50.0,African Americans with CKD,877
MOST,2002,Dual-chamber DDDR,Ventricular VVI,Other Cardiovascular,1014,996,189,202,74.0,53.0,33.0,"Sinus node dysfunction. DDDR reduces AF, no mortality benefit",2010
HEMO Study,2002,High-flux dialysis membrane,Low-flux membrane,Other Cardiovascular,955,944,449,460,58.0,58.0,36.0,"Hemodialysis study. 2x2 factorial: high vs low flux, high vs standard Kt/V dose. High flux: NO mortality benefit (HR 0.92, p=0.23). High dose: NO benefit (HR 0.96, p=0.53). Established that standard 3x/week HD adequate for most.",1899
BREATHE-1,2002,Bosentan 125mg bid (ERA),Placebo,Other Cardiovascular,144,69,14,18,49.0,28.0,4.0,"Bosentan Randomized trial of Endothelin Antagonist THErapy. FIRST oral endothelin receptor antagonist. Improved 6MWD +44m, clinical worsening reduced. Launched endothelin pathway targeting.",213
AIR,2002,Iloprost inhaled,Placebo,Other Cardiovascular,101,102,22,38,52.0,29.0,3.0,"Aerosolized Iloprost Randomized. Inhaled prostacyclin analog. Improved 6MWD +36m, NYHA class. Alternative to IV epoprostenol (which requires continuous infusion). Schering trial.",203
ELISA,2003,Immediate invasive,Delayed invasive (>24h),Other Cardiovascular,68,74,5,8,65.0,72.0,1.0,Early or Late Intervention in unStable Angina,142
CONVINCE,2003,Verapamil SR,Atenolol or HCTZ,Other Cardiovascular,8241,8235,364,365,66.0,53.0,36.0,CCB vs conventional therapy,16476
INVEST,2003,Verapamil SR ± trandolapril,Atenolol ± HCTZ,Other Cardiovascular,11267,11309,1340,1372,66.0,39.0,30.0,"CAD + HTN, CCB vs beta-blocker",22576
STENO-2,2003,Intensive multifactorial,Conventional,Other Cardiovascular,80,80,24,44,55.0,81.0,95.0,T2DM + microalbuminuria. Intensive multifactorial reduced CV events by 53%,160
CASTLE,2003,Cilostazol,Placebo,Other Cardiovascular,279,278,38,52,66.0,68.0,24.0,Claudication. Cilostazol improves walking distance,557
AFFIRM Pacing,2003,Rate-responsive pacing,Fixed-rate pacing,Other Cardiovascular,91,89,18,21,71.0,61.0,24.0,Rate response vs fixed rate - minimal difference,180
COMET,2003,Carvedilol,Metoprolol tartrate,Other Cardiovascular,1511,1518,512,600,62.0,80.0,58.0,"Carvedilol Or Metoprolol European Trial. Chronic HF. Carvedilol: Reduced mortality 17% vs metoprolol (34% vs 40%, HR 0.83, p=0.0017). Carvedilol superior to short-acting metoprolol. Lancet.",3029
PACE,2004,Pentoxifylline,Placebo,Other Cardiovascular,212,211,28,34,68.0,67.0,12.0,Claudication. Modest improvement in walking distance,423
AAIR vs DDDR,2004,AAIR,DDDR,Other Cardiovascular,177,160,32,35,70.0,62.0,36.0,Sinus node disease. Similar outcomes,337
STRRIDE,2004,High-amount/high-intensity exercise,Low-amount/moderate-intensity,Other Cardiovascular,84,87,4,9,48.0,40.0,8.0,"Studies of Targeted Risk Reduction through Defined Exercise. Overweight/obese, sedentary adults. High-amount/vigorous exercise improved VO2max (+16%) and insulin sensitivity most. Amount more important than intensity for metabolic risk.",171
AL Amyloidosis HDM,2004,High-dose melphalan + stem cell transplant,Conventional chemo,Other Cardiovascular,50,51,22,28,56.0,58.0,24.0,AL amyloidosis (light chain). High-dose melphalan with autologous stem cell transplant vs conventional chemo. Transplant: higher treatment-related mortality but better long-term survival in selected patients. Standard for appropriate AL candidates.,101
COPPS,2004,Colchicine 0.5mg twice daily x 1 month,Placebo,Other Cardiovascular,180,180,18,34,60.0,82.0,12.0,"COlchicine for Prevention of Post-pericardiotomy Syndrome. Colchicine: Reduced post-cardiac surgery pericarditis 10% vs 21% (HR 0.46). Reduced postop effusions, AF. Prophylactic benefit. Circulation.",360
PREVENT,2004,Dalteparin LMWH,Placebo,Other Cardiovascular,1518,1473,39,73,67.0,48.0,3.0,"Prevention of Venous Thromboembolism. Medical patients. Dalteparin: Reduced VTE 45% (2.77% vs 4.96%, RR 0.55). Established LMWH benefit in medical patients. NEJM.",2991
ICTUS,2005,Early invasive,Selective invasive,Other Cardiovascular,604,604,67,64,62.0,73.0,12.0,Invasive versus Conservative Treatment in Unstable coronary Syndromes,1208
FEVER,2005,Felodipine + standard,Placebo + standard,Other Cardiovascular,4695,4654,211,246,60.0,53.0,42.0,"Chinese patients, HTN with felodipine",9349
ASCOT-BPLA,2005,Amlodipine ± perindopril,Atenolol ± bendroflumethiazide,Other Cardiovascular,9639,9618,429,474,63.0,81.0,66.0,CCB-based superior to beta-blocker-based,19257
PROactive,2005,Pioglitazone,Placebo,Other Cardiovascular,2605,2633,514,572,62.0,66.0,35.0,T2DM + macrovascular disease. 10% MACE reduction (secondary endpoint),5238
BASIL,2005,Surgery-first,Angioplasty-first,Other Cardiovascular,228,224,108,111,72.0,66.0,37.0,Severe limb ischemia. Comparable amputation-free survival,452
EVAR-1,2005,Endovascular repair,Open repair,Other Cardiovascular,626,626,226,233,74.0,92.0,48.0,AAA. EVAR lower perioperative mortality but similar long-term,1252
DREAM,2005,Endovascular repair,Open repair,Other Cardiovascular,178,173,37,42,70.0,91.0,25.0,"AAA. EVAR lower perioperative risk, similar long-term survival",351
UKPACE,2005,Dual-chamber DDD,Ventricular VVI,Other Cardiovascular,1012,1009,183,192,80.0,50.0,54.0,"AV block, age ≥70. No difference in mortality or QOL",2021
PREVENT-IV,2005,Edifoligide (vein graft therapy),Placebo,Other Cardiovascular,1404,1423,220,224,66.0,81.0,15.0,Project of Ex-vivo Vein graft Engineering via Transfection. Treating vein grafts ex vivo with E2F decoy to prevent graft failure. NO benefit for graft occlusion or clinical events. Negative trial.,2827
WOMEN Trial,2005,Exercise stress echo,Exercise ECG,Other Cardiovascular,463,461,24,42,57.0,0.0,36.0,"What is Optimal Method for Ischemia Evaluation in womeN. Suspected CAD. Echo superior sensitivity (76% vs 45%) and specificity (88% vs 73%). Reduced events with echo-guided care (5.2% vs 9.1%, p=0.01). Echo better than ECG in women.",924
BIG 1-98,2005,Letrozole (aromatase inhibitor),Tamoxifen,Other Cardiovascular,4003,4007,92,73,61.0,0.0,76.0,Breast International Group 1-98. Postmenopausal breast cancer. Letrozole: Superior cancer outcomes BUT increased CV events (2.3% vs 1.8% arterial thrombosis). Oncology trial showing CV effects. NEJM.,8010
PEP-CHF,2006,Perindopril,Placebo,Other Cardiovascular,427,423,87,100,75.0,45.0,26.0,"HFpEF, ACE-I no mortality benefit",850
DIG-PEF,2006,Digoxin,Placebo,Other Cardiovascular,492,496,156,164,67.0,72.0,37.0,"HFpEF, digoxin no benefit",988
CREATE,2006,Target Hb 13-15 g/dL (EPO),Target Hb 10.5-11.5 g/dL,Other Cardiovascular,301,302,56,47,52.0,61.0,36.0,"Cardiovascular Risk reduction by Early Anemia Treatment with Epoetin beta. CKD stages 3-4 (not on dialysis). Primary composite CV events NO BENEFIT (18.6% vs 15.6%, HR 1.24, p=0.36). Higher Hb target may be harmful. Changed practice - don't normalize Hb.",603
WISE,2006,Intensive medical therapy,Standard care,Other Cardiovascular,324,312,54,68,58.0,0.0,60.0,Women's Ischemia Syndrome Evaluation. Women with chest pain but no obstructive CAD. Microvascular dysfunction common. Outcomes worse than expected. Highlighted unique pathophysiology in women.,636
SMART,2006,Episodic CD4-guided ART,Continuous ART,Other Cardiovascular,2720,2752,120,89,44.0,74.0,16.0,"Strategies for Management of AntiRetroviral Therapy. STOPPED EARLY. Episodic therapy INCREASED CV disease 60% (HR 1.6, p=0.05). Continuous ART critical. Treatment interruptions harmful.",5472
TEMPO,2006,Bosentan (ERA),Placebo,Other Cardiovascular,37,17,3,5,36.0,43.0,4.0,"Eisenmenger syndrome subset of BREATHE-5. Bosentan improved 6MWD +53m, reduced PVR. First PAH drug showing benefit in Eisenmenger. Established ERA use in ACHD-PAH.",54
WISE,2006,Intensive lifestyle + medical therapy,Standard care,Other Cardiovascular,298,288,42,68,58.0,0.0,48.0,"Women's Ischemia Syndrome Evaluation. Women with chest pain + non-obstructive CAD. Intensive Rx reduced events (14.1% vs 23.6%, p=0.002). Microvascular disease in women needs treatment.",586
Mihaljevic 2007,2007,MV repair,MV replacement,Other Cardiovascular,150,150,18,27,64.0,68.0,60.0,"Rheumatic MR, repair preferred over replacement",300
JATOS,2008,Strict (<140 mmHg),Mild (140-160 mmHg),Other Cardiovascular,2063,2045,154,165,74.0,44.0,24.0,"Japanese elderly, aged 65-85",4108
HYVET,2008,Indapamide ± perindopril,Placebo,Other Cardiovascular,1687,1912,206,269,84.0,39.0,24.0,"Very elderly (≥80 years), target <150/80",3599
ACCOMPLISH,2008,Benazepril-amlodipine,Benazepril-HCTZ,Other Cardiovascular,5744,5762,552,679,68.0,60.0,36.0,ACE-I + CCB superior to ACE-I + diuretic,11506
ONTARGET,2008,Ramipril,Telmisartan,Other Cardiovascular,8576,8542,1412,1423,66.0,73.0,56.0,"ACE-I vs ARB, equivalent outcomes",17118
TRANSCEND,2008,Telmisartan,Placebo,Other Cardiovascular,2954,2972,465,504,67.0,71.0,56.0,ACE-I intolerant patients,5926
ACCORD-Glucose,2008,Intensive (HbA1c <6%),Standard (HbA1c 7-7.9%),Other Cardiovascular,5128,5123,371,356,62.0,62.0,42.0,High CV risk. STOPPED EARLY - increased mortality with intensive control,10251
ADVANCE-Glucose,2008,Intensive (HbA1c <6.5%),Standard,Other Cardiovascular,5571,5569,498,533,66.0,58.0,60.0,"High CV risk. Microvascular benefit, no macrovascular benefit",11140
ECASS III,2008,t-PA 3-4.5h,Placebo,Other Cardiovascular,418,403,185,219,65.0,57.0,3.0,"Extended window to 4.5 hours, 16% absolute benefit",821
ERICA,2008,Ivabradine (If channel inhibitor),Placebo,Other Cardiovascular,515,505,31,38,63.0,81.0,3.0,"Anti-ischemic Effects and Tolerability of Ivabradine in Chronic Angina. Heart rate reduction improved angina symptoms, exercise tolerance, and QOL. CCS class improved in 43% vs 15% (p<0.001).",1020
BEAUTIFUL,2008,Ivabradine 5-7.5mg bid,Placebo,Other Cardiovascular,5479,5438,703,704,65.0,85.0,19.0,"Morbidity-mortality EvAlUaTion of the If inhibitor in CAD with LV dysfunction. Stable CAD + LV dysfunction. Primary endpoint neutral (HR 1.00). But in HR≥70 subgroup, reduced CV death/MI admission 36%.",10917
EXCLAIM,2008,Enoxaparin 40mg (extended 28 days),Enoxaparin 40mg (standard 10 days),Other Cardiovascular,2975,2988,79,125,68.0,44.0,3.0,Extended Prophylaxis for Venous ThromboEmbolism in Acutely Ill Medical Patients With Prolonged Immobilization. Extended enoxaparin: Reduced VTE (2.5% vs 4.0%) BUT increased major bleeding (0.8% vs 0.3%). Risk-benefit unclear. NEJM.,5963
RIME,2009,MV repair + CABG,CABG alone,Other Cardiovascular,73,73,22,31,66.0,79.0,12.0,"Moderate ischemic MR, repair improves outcomes",146
Fattouch 2009,2009,MV repair + ring,MV repair alone,Other Cardiovascular,54,56,8,15,62.0,64.0,48.0,"Ischemic MR, annuloplasty ring reduces recurrence",110
SPREAD-DIMCAD,2009,Metformin + insulin,Insulin alone,Other Cardiovascular,126,128,18,28,61.0,74.0,60.0,T2DM + CAD. Metformin addition beneficial,254
RECORD,2009,Rosiglitazone,Metformin or sulfonylurea,Other Cardiovascular,2220,2227,154,165,58.0,60.0,66.0,T2DM on metformin/SU. CV safety confirmed despite earlier concerns,4447
VADT,2009,Intensive (HbA1c 6.9%),Standard (HbA1c 8.4%),Other Cardiovascular,892,899,235,264,60.0,97.0,67.0,"Veterans with T2DM. No CV benefit, more hypoglycemia",1791
OVER,2009,Endovascular repair,Open repair,Other Cardiovascular,444,437,141,137,70.0,99.0,70.0,Veterans with AAA. No long-term survival difference,881
HeartMate II,2009,Continuous-flow LVAD,Pulsatile LVAD,Other Cardiovascular,200,130,71,65,57.0,81.0,24.0,Bridge to transplant. Continuous-flow superior,330
Combination NRT,2009,Nicotine patch + gum/lozenge,Patch alone,Other Cardiovascular,267,265,15,24,45.0,48.0,6.0,"Combination nicotine replacement therapy. Combination NRT (patch + short-acting) vs patch alone. 6-month abstinence: 36.5% vs 24.2% (p<0.001). Combination superior to monotherapy. Well-tolerated, no excess CV events.",532
Project RED,2009,"Re-Engineered Discharge (nurse educator, after-hospital care plan, PCP f/u)",Usual discharge,Other Cardiovascular,370,368,126,162,56.0,42.0,1.0,"General medicine patients. RED intervention reduced 30-day readmissions (34.0% vs 44.0%, p=0.009). Hospital visits reduced 30%. Comprehensive discharge process prevents readmissions.",738
Methylprednisolone Myocarditis,2009,Methylprednisolone,Placebo,Other Cardiovascular,42,42,5,8,39.0,64.0,6.0,"High-dose methylprednisolone in acute viral myocarditis. Acute viral myocarditis. Steroids: Improved EF recovery (47% → 64% vs 45% → 56%), reduced inflammation. Controversial - some benefit in acute phase. JACC.",84
VALISH,2010,Strict (<140 mmHg),Moderate (140-150 mmHg),Other Cardiovascular,1589,1590,77,75,76.0,37.0,36.0,"Japanese elderly, valsartan",3179
Deja 2010,2010,MV repair + revascularization,Revascularization alone,Other Cardiovascular,53,51,11,16,64.0,75.0,36.0,Moderate ischemic MR undergoing CABG,104
NAVIGATOR,2010,Nateglinide,Placebo,Other Cardiovascular,4645,4661,658,694,64.0,51.0,60.0,Impaired glucose tolerance + CVD. No CV benefit,9306
PRIMO,2010,Paricalcitol (vitamin D analog),Placebo,Other Cardiovascular,112,115,15,18,62.0,71.0,12.0,"Paricalcitol Capsule Benefits in Renal Failure-Induced Cardiac Morbidity. CKD stages 3-4 + LVH. LV mass index reduced with paricalcitol (-8g/m² vs +2g/m², p<0.001). Vitamin D analogs may reduce LVH in CKD. Small pilot.",227
EVAR-1,2010,Endovascular AAA repair (EVAR),Open surgical repair,Other Cardiovascular,626,626,146,184,74.0,94.0,72.0,"Abdominal aortic aneurysm ≥5.5cm. EVAR: lower 30-day mortality (1.8% vs 4.3%, p=0.02) but similar long-term survival. More reinterventions with EVAR. Patient preference + surgical risk determine approach. UK trial.",1252
DANPACE,2011,Atrial AAI,Dual-chamber DDD,Other Cardiovascular,707,710,140,147,73.0,58.0,62.0,Sick sinus syndrome. AAI vs DDD - no mortality difference,1417
TWENTE,2011,Resolute ZES,Xience V EES,Other Cardiovascular,697,697,56,56,64.0,74.0,12.0,"All-comers, real-world. Confirmed equivalence of two second-gen DES",1394
ADVANCE,2011,Cinacalcet + low-dose vit D,Flexible vitamin D,Other Cardiovascular,183,177,16,28,53.0,55.0,12.0,Cinacalcet to Lower Cardiovascular Events (pilot). HD patients. Vascular calcification progression slower with cinacalcet (22% vs 30%). Hypercalcemia episodes reduced. Led to EVOLVE trial.,360
COMPASS,2011,Intensive tobacco counseling,Minimal counseling,Other Cardiovascular,271,266,28,42,52.0,66.0,12.0,Consortium of Hospitals Advancing Research on Tobacco. Hospitalized smokers. Intensive counseling + pharmacotherapy: quit rate 26% vs 15% at 6mo (p=0.001). Hospitalization is teachable moment. Sustained counseling post-discharge crucial.,537
MOMS,2011,Prenatal surgery for myelomeningocele,Postnatal surgery,Other Cardiovascular,91,87,8,6,27.0,0.0,9.0,Management of Myelomeningocele Study. Maternal cardiac stress from fetal surgery. Prenatal surgery: increased maternal complications but improved child outcomes. Risk-benefit in maternal-fetal medicine.,178
CORP,2011,Colchicine 0.5mg twice daily,Placebo,Other Cardiovascular,60,60,12,36,49.0,68.0,18.0,COlchicine for Recurrent Pericarditis. Colchicine: Reduced recurrence rate 20% vs 60% (HR 0.30). Landmark trial for recurrent pericarditis. Enabled colchicine as standard therapy. Annals Internal Med.,120
LIFENOX,2011,Enoxaparin 40mg daily,Enoxaparin 20mg daily,Other Cardiovascular,1587,1584,23,38,72.0,46.0,1.0,"Comparison of Enoxaparin 40mg vs 20mg in medical patients. Medical patients. 40mg: Reduced VTE (1.5% vs 2.5%, RR 0.59) without increased bleeding. Standard dose superior to low dose. Thromb Haemost.",3171
OPTIMIZE-HFpEF,2012,Phosphodiesterase-5 inhibitor,Placebo,Other Cardiovascular,88,88,7,9,68.0,56.0,3.0,"HFpEF, PDE5 inhibitor no clinical benefit",176
Chan 2012,2012,Restrictive annuloplasty,Standard annuloplasty,Other Cardiovascular,61,61,12,18,68.0,72.0,24.0,"Ischemic MR, restrictive technique reduces recurrent MR",122
EASE,2012,Early surgery (<48h),Conventional treatment,Other Cardiovascular,37,39,4,11,47.0,68.0,6.0,"Left-sided IE with embolic risk, early surgery beneficial",76
Kang 2012,2012,Early surgery,Conventional treatment,Other Cardiovascular,38,38,3,9,48.0,63.0,6.0,"IE with large vegetation, early surgery reduces embolic events",76
ORIGIN,2012,Insulin glargine,Standard care,Other Cardiovascular,6264,6273,574,592,64.0,65.0,76.0,Impaired glucose tolerance or early T2DM. Neutral for CV,12537
IST-3,2012,t-PA within 6h,Control,Other Cardiovascular,1515,1520,554,534,77.0,47.0,6.0,"Elderly patients, extended window. Benefit less clear in extended window",3035
INDEPENDENT-CKD,2012,Sevelamer carbonate (non-Ca binder),Calcium carbonate,Other Cardiovascular,212,210,45,52,63.0,65.0,24.0,"Impact of Phosphate Reduction on Vascular End-points in CKD. CKD 3b-4. Vascular calcification progression slower with sevelamer (11% vs 25%, p<0.001). Non-calcium binders may reduce vascular calcification vs calcium-based. But no CV outcome benefit proven.",422
CONTRAST,2012,Online hemodiafiltration,Low-flux hemodialysis,Other Cardiovascular,358,356,149,138,64.0,65.0,36.0,"Convective Transport Study. HD patients randomized to hemodiafiltration (HDF) vs conventional HD. All-cause mortality NO BENEFIT (HR 1.05, p=0.70). But CV mortality trended lower in high-volume HDF. Dutch trial.",714
KEEPS,2012,Early HRT (within 3 years of menopause),Placebo,Other Cardiovascular,373,375,15,18,53.0,0.0,48.0,"Kronos Early Estrogen Prevention Study. Tested 'timing hypothesis' - early HRT might be safe. No atherosclerosis progression difference. No CV events difference. Early HRT neutral, not harmful but not beneficial.",748
ASSERT,2012,ABC/3TC (abacavir-based),TDF/FTC (tenofovir-based),Other Cardiovascular,193,192,12,6,42.0,82.0,12.0,"Abacavir SUbstitution in paTiEnts at Risk for cardiovascular disease. Abacavir increased endothelial dysfunction, inflammatory markers. More CV events (6.2% vs 3.1%). Abacavir concerns for high CV risk patients.",385
CE-MARC,2012,Cardiac MRI,SPECT,Other Cardiovascular,373,375,12,18,59.0,68.0,12.0,"Clinical Evaluation of MAgnetic Resonance imaging in Coronary heart disease. Suspected CAD. CMR superior sensitivity (86% vs 67%, p<0.001) for CAD detection. Fewer false negatives. CMR better gatekeeper than SPECT.",748
OVER,2012,EVAR,Open AAA repair,Other Cardiovascular,444,437,148,138,70.0,99.0,69.0,"Open Versus Endovascular Repair. AAA ≥5cm. EVAR: lower perioperative mortality (0.5% vs 3.0%, p<0.001) but NO difference long-term (33% vs 32%, p=0.72). Confirmed EVAR-1. VA trial.",881
Interferon-Beta Myocarditis,2012,Interferon-beta,Placebo,Other Cardiovascular,72,71,12,19,48.0,68.0,24.0,"Interferon-beta treatment in patients with myocarditis and cardiac dysfunction. Virus-positive myocarditis. IFN-beta: Improved viral clearance, EF recovery (17% vs 27% events, HR 0.63). Antiviral therapy beneficial. Circulation.",143
IABP-SHOCK II,2012,Intra-aortic balloon pump (IABP),No IABP,Other Cardiovascular,300,298,117,123,70.0,75.0,1.0,"Intraaortic Balloon Pump in cardiogenic shock II. AMI cardiogenic shock undergoing early revasc. IABP: NO mortality benefit (39.7% vs 41.3% at 30d, p=0.69). Ended routine IABP use in shock. NEJM.",598
RELAX,2013,Sildenafil,Placebo,Other Cardiovascular,108,108,12,14,69.0,51.0,6.0,"HFpEF, PDE5 inhibitor no benefit",216
ALDO-DHF,2013,Spironolactone,Placebo,Other Cardiovascular,213,209,8,12,67.0,48.0,12.0,"HFpEF, MRA improved diastolic function, no clinical benefit",422
Look AHEAD,2013,Intensive lifestyle,Standard education,Other Cardiovascular,2570,2575,403,418,59.0,41.0,120.0,Overweight/obese T2DM. Weight loss no CV benefit (but many other benefits),5145
BLOCK HF,2013,Biventricular pacing,RV pacing,Other Cardiovascular,342,346,45,60,73.0,67.0,37.0,AV block with EF <50%. BiV better than RV pacing,688
CALMAG,2013,Lanthanum carbonate (non-Ca binder),Calcium carbonate,Other Cardiovascular,49,51,8,11,57.0,67.0,18.0,Calcium Acetate/Magnesium carbonate trial. HD patients. Aortic calcification progression slower with lanthanum. Small pilot comparing phosphate binders. Non-Ca binders preferable to avoid vascular calcification.,100
SERAPHIN,2013,Macitentan 10mg daily (ERA),Placebo,Other Cardiovascular,242,250,76,116,46.0,23.0,100.0,"Study with an Endothelin Receptor Antagonist in PAH. Macitentan reduced morbidity/mortality 45% (HR 0.55, p<0.001). Endothelin pathway. FDA approved. Actelion's follow-on to bosentan.",492
PATENT-1,2013,Riociguat (sGC stimulator),Placebo,Other Cardiovascular,254,126,32,28,50.0,27.0,3.0,Riociguat for PAH. Improved 6MWD +36m (p<0.001). First soluble guanylate cyclase stimulator. Works via NO-independent pathway. Bayer trial. Also approved for CTEPH.,380
PEACH,2013,Hormone therapy (various regimens),Placebo,Other Cardiovascular,502,251,28,18,59.0,0.0,12.0,"Postmenopausal Evaluation and Risk Reduction with Lasofoxifene. SERM vs placebo. No CV benefit, increased VTE. Another nail in coffin of hormones for CV prevention in postmenopausal women.",753
SELECT-PsA,2013,Ustekinumab (IL-12/23 inhibitor),Placebo,Other Cardiovascular,409,410,8,15,48.0,52.0,52.0,Psoriatic arthritis. Ustekinumab improved arthritis AND reduced CV events (2% vs 3.7%). Psoriasis/PsA high CV risk. Biologics may reduce CV burden.,819
SPARC,2013,PET myocardial perfusion imaging,SPECT,Other Cardiovascular,464,468,32,41,63.0,64.0,24.0,"Study of Perfusion And Rubidium Cardiac imaging. Suspected CAD. PET higher accuracy (92% vs 84%), better image quality, lower radiation. Events 6.9% vs 8.8% (p=0.18). PET superior to SPECT technically.",932
TTM,2013,Targeted temperature management 33°C,Targeted temperature management 36°C,Other Cardiovascular,476,473,235,225,64.0,79.0,6.0,"Targeted Temperature Management after cardiac arrest. Out-of-hospital VF arrest. 33°C: NO benefit vs 36°C (50% vs 48% mortality, p=0.51). Challenged dogma of deep hypothermia. Avoid fever, but 33°C not necessary. NEJM.",949
ICAP,2013,Colchicine 0.5mg daily,Placebo,Other Cardiovascular,120,120,24,51,53.0,74.0,12.0,Investigation on COlchicine for Acute Pericarditis. Colchicine: Reduced incessant/recurrent pericarditis 20% vs 42.5% (HR 0.44). Reduced symptom duration. First-line therapy for acute pericarditis. Circulation.,240
DIVA,2013,Testosterone therapy,Placebo,Other Cardiovascular,324,326,38,45,61.0,0.0,24.0,"Transdermal testosterone in postmenopausal women with hypoactive sexual desire disorder. Postmenopausal women. Testosterone: Improved sexual function, NO CV harm (11.7% vs 13.8% events). Safety data for testosterone. Menopause.",650
PARADIGM-HF,2014,Sacubitril-valsartan,Enalapril,Other Cardiovascular,4187,4212,914,1117,64.0,78.0,27.0,"HFrEF, ARNI superior to ACE-I by 20%",8399
ACE,2014,Endovascular repair,Open repair,Other Cardiovascular,150,150,38,45,70.0,90.0,36.0,AAA in younger patients. Similar outcomes,300
IMPROVE,2014,Emergency EVAR strategy,Open repair strategy,Other Cardiovascular,316,297,112,126,77.0,85.0,3.0,Ruptured AAA. EVAR strategy reduces mortality by 14%,613
NECTAR-HF,2014,Vagal nerve stimulation,Sham,Other Cardiovascular,43,43,6,5,57.0,88.0,6.0,HF. No benefit from VNS,86
TOSCA-IT,2014,Intensive lifestyle + diet,General lifestyle advice,Other Cardiovascular,197,197,22,31,59.0,63.0,48.0,"Thiazolidinediones Or Sulfonylureas Cardiovascular Accidents Intervention Trial. Type 2 DM. Intensive lifestyle: weight loss 3.5kg, HbA1c↓0.4%, CV events trended lower. Moderate effect - less than Look AHEAD.",394
SWITCH,2014,Switch from anthracycline to liposomal,Standard anthracycline,Other Cardiovascular,236,244,8,18,51.0,0.0,12.0,"Metastatic breast cancer. Liposomal doxorubicin vs standard. Cardiotoxicity reduced (3.4% vs 7.4%, p=0.05). Similar efficacy. Liposomal formulation safer for heart.",480
IMPROVE,2014,Endovascular-first strategy for ruptured AAA,Open repair for ruptured AAA,Other Cardiovascular,275,261,94,107,77.0,84.0,1.0,"Ruptured AAA emergency. EVAR-first: similar 30-day mortality (35% vs 38%, p=0.50) but trend to benefit in women, frail. Not all ruptured AAAs anatomically suitable. Endovascular option when feasible.",536
CORP-2,2014,Colchicine 0.5mg daily or twice daily,Placebo,Other Cardiovascular,120,120,17,52,51.0,66.0,24.0,COlchicine for Recurrent Pericarditis trial 2. Colchicine: Reduced recurrence 14.2% vs 43.3% (HR 0.29). Confirmed CORP findings. Low-dose (0.5mg once daily) effective in weight <70kg. JAMA Internal Med.,240
Colchicine Pericarditis-Myocarditis,2014,Colchicine 0.5mg BID,Standard care,Other Cardiovascular,60,60,8,18,38.0,58.0,12.0,"Colchicine for acute pericarditis with myocardial involvement. Perimyocarditis. Colchicine: Reduced recurrence (13.3% vs 30%, HR 0.42). Reduced symptoms, normalized biomarkers faster. Safe, effective. Eur Heart J.",120
NEAT-HFpEF,2015,Isosorbide mononitrate,Placebo,Other Cardiovascular,55,55,2,3,69.0,44.0,1.5,"HFpEF, nitrate no benefit on exercise capacity",110
MR CLEAN,2015,Thrombectomy + usual care,Usual care alone,Other Cardiovascular,233,267,103,163,65.0,58.0,3.0,First positive thrombectomy trial - game changer,500
ESCAPE,2015,Thrombectomy + t-PA,t-PA alone,Other Cardiovascular,165,150,83,110,71.0,49.0,3.0,"Rapid imaging, fast treatment. 31% absolute benefit!",315
EXTEND-IA,2015,Thrombectomy + t-PA,t-PA alone,Other Cardiovascular,35,35,15,28,69.0,57.0,3.0,Stopped early - dramatic benefit of thrombectomy,70
Minithoracotomy vs Sternotomy AVR,2015,Ministernotomy AVR,Full sternotomy AVR,Other Cardiovascular,140,140,18,22,68.0,56.0,24.0,"Minimally invasive AVR. Ministernotomy: similar outcomes, better cosmesis, less pain, faster recovery. Longer cross-clamp time. Increasingly used alternative to full sternotomy.",280
INSIGHT START,2015,Immediate ART (CD4>500),Deferred ART (CD4<350),Other Cardiovascular,2326,2331,42,96,36.0,73.0,36.0,"Strategic Timing of AntiRetroviral Treatment. Early ART reduced AIDS + serious non-AIDS (including CV) events 72% (HR 0.28, p<0.001). Early treatment better for all outcomes.",4657
PROMISE,2015,Coronary CT angiography,"Functional stress testing (ECG, echo, nuclear)",Other Cardiovascular,4996,4999,164,151,61.0,47.0,25.0,"PROspective Multicenter Imaging Study for Evaluation of chest pain. Stable symptoms. CTA vs functional testing: NO difference in outcomes (3.3% vs 3.0%, p=0.75). But CTA led to more caths, more revascularization. Questioned routine anatomic testing.",9995
SCOT-HEART,2015,Coronary CTA + standard care,Standard care alone,Other Cardiovascular,2073,2073,41,47,57.0,57.0,20.0,"Scottish COmputed Tomography of the HEART. Suspected angina. CTA added to standard care reduced MI/CV death 41% at 5 years (HR 0.59, p=0.004). GAME-CHANGER. CTA clarified diagnosis, improved treatment. Changed UK guidelines.",4146
KEEPS Cognitive,2015,Oral estrogen or transdermal estrogen,Placebo,Other Cardiovascular,442,221,12,8,53.0,0.0,48.0,KEEPS Cognitive and Affective Study. Recently menopausal. Early HRT: NO cognitive benefit vs placebo. HRT does not prevent cognitive decline. Neurology.,663
CARDIO-SIS,2016,Intensive (<130 mmHg),Standard (130-140 mmHg),Other Cardiovascular,573,573,23,28,67.0,60.0,24.0,Elderly Italian patients,1146
FIX-HF-5,2016,Cardiac contractility modulation,Optimal medical therapy,Other Cardiovascular,160,158,22,28,61.0,78.0,12.0,"HFrEF with narrow QRS. CCM improves QOL, exercise capacity",318
ANTHEM-HF,2016,Vagal nerve stimulation,Medical therapy,Other Cardiovascular,30,30,4,6,59.0,80.0,12.0,HFrEF. VNS pilot showed improved function,60
EAGLES,2016,Varenicline or bupropion or NRT,Placebo,Other Cardiovascular,3553,1216,29,12,47.0,52.0,12.0,"Evaluating Adverse Events in a Global Smoking Cessation Study. Psychiatric and CV safety. Varenicline most effective (21.8% quit), no excess neuropsychiatric events. CV events rare (0.3-0.6%), no difference vs placebo. Established safety profile.",4769
ART,2016,Bilateral IMA grafts,Single IMA + vein grafts,Other Cardiovascular,1554,1548,151,147,64.0,87.0,60.0,"Arterial Revascularization Trial. Bilateral vs single IMA. 5-yr mortality NO difference (9.7% vs 9.5%, p=0.84). Bilateral: more sternal wound complications. BUT 10-yr data showed BIMA benefit (survival improved).",3102
MICS vs Conventional MVR,2016,Minimally invasive mitral surgery,Conventional sternotomy,Other Cardiovascular,80,78,11,13,64.0,52.0,36.0,"Minimally invasive cardiac surgery for mitral valve. MICS: similar mortality/morbidity, better QOL, faster return to work. Learning curve important. Growing adoption.",158
CONCERTO,2016,Bosentan,Placebo,Other Cardiovascular,75,75,8,12,28.0,48.0,12.0,Adults with repaired congenital heart disease + RV dysfunction. Bosentan: NO improvement in RV function or exercise capacity (p=0.42). NEGATIVE. ERA doesn't help non-PAH RV dysfunction in ACHD.,150
RUBY PET,2016,Rubidium-82 PET,Technetium-99m SPECT,Other Cardiovascular,298,302,22,32,64.0,62.0,24.0,"Women with suspected CAD. Rb-82 PET better in obese, reduced attenuation artifacts. Events 7.4% vs 10.6% (p=0.08). PET particularly beneficial in challenging patients (women, obesity).",600
EVINCI,2016,Stress CMR,SPECT,Other Cardiovascular,426,429,28,38,59.0,62.0,36.0,"Evaluation of Integrated Cardiac Imaging. Suspected CAD. CMR higher sensitivity (88% vs 74%, p<0.001) but more false positives. Events 6.6% vs 8.9% (p=0.12). CMR > SPECT for detecting ischemia.",855
PRIZE,2016,Ranolazine,Placebo,Other Cardiovascular,68,64,12,22,58.0,35.0,12.0,"Microvascular dysfunction. Ranolazine improved CFR, reduced angina (18% events vs 34%, p=0.01). Sodium channel blocker helps microvascular angina.",132
LOEFFLER-ENDO,2016,Corticosteroids + imatinib,Corticosteroids alone,Other Cardiovascular,32,28,4,12,54.0,72.0,24.0,"Loeffler endocarditis (hypereosinophilic syndrome). Imatinib (tyrosine kinase inhibitor) + steroids superior (12.5% mortality vs 42.9%, p=0.01). Targets eosinophil proliferation. Changed standard care.",60
BEAT-HF,2016,Automated telemonitoring (voice calls + alerts),Usual care,Other Cardiovascular,715,722,322,328,61.0,67.0,6.0,"Better Effectiveness After Transition HF. Post-discharge HF. Automated telemonitoring: NO benefit (HR 0.98, p=0.87). Readmission rates similar. NEGATIVE. Automated systems without human interaction ineffective.",1437
SAVE,2016,CPAP (continuous positive airway pressure),Usual care,Other Cardiovascular,1346,1341,229,274,61.0,81.0,43.0,"Sleep Apnea cardioVascular Endpoints. CVD + moderate-severe OSA. CPAP: NO reduction in MACE (HR 0.83, p=0.10). But CPAP adherence only 3.3 hr/night. Subgroup with >4 hr/night showed benefit. NEJM. Adherence critical for benefit.",2687
OMEGA-REMODEL,2016,Omega-3 fatty acids (4g EPA/DHA daily),Placebo,Other Cardiovascular,180,178,22,32,58.0,82.0,6.0,"Post-MI. High-dose omega-3 reduced LV remodeling (LVEDV index -5.8% vs -0.2%, p=0.004). Improved LV systolic function. Events 12.2% vs 18.0% (p=0.08). High-dose fish oil post-MI beneficial for remodeling.",358
ETICA,2016,High-intensity interval training (HIIT),Moderate continuous training,Other Cardiovascular,105,104,18,22,60.0,89.0,12.0,"Exercise Training Intensity in Coronary Artery Disease. HIIT: Similar outcomes vs moderate exercise (17% vs 21% MACE). Both safe, effective. HIIT achieves higher VO2max. Circulation.",209
APEX,2016,Betrixaban (extended 35-42 days),Enoxaparin (short 10±4 days),Other Cardiovascular,3488,3474,223,279,76.0,43.0,1.0,Acute Medically Ill VTE Prevention With Extended Duration Betrixaban. Acutely ill medical. Betrixaban: Reduced VTE in high-risk subset (6.9% vs 8.5% in enriched cohort). Extended prophylaxis beneficial in selected patients. NEJM.,6962
ELITE,2016,Estradiol,Placebo,Other Cardiovascular,323,320,19,29,60.0,0.0,60.0,Early versus Late Intervention Trial with Estradiol. Early (<6yr) vs late (>10yr) menopause. Early estradiol: Reduced subclinical atherosclerosis progression. Timing hypothesis supported. NEJM.,643
DEVOTE,2017,Insulin degludec,Insulin glargine,Other Cardiovascular,3818,3819,325,356,65.0,61.0,24.0,"High CV risk. Degludec non-inferior, less severe hypoglycemia",7637
ACE,2017,Acarbose,Placebo,Other Cardiovascular,714,715,47,59,64.0,74.0,60.0,CHD + impaired glucose tolerance. 18% MACE reduction,1429
TOSCA.IT,2017,Pioglitazone,Sulfonylurea,Other Cardiovascular,1535,1493,105,127,63.0,68.0,57.0,T2DM on metformin. TZD vs SU - similar CV outcomes,3028
SUPERB,2017,Supervised exercise + optimal therapy,Optimal therapy alone,Other Cardiovascular,99,99,18,28,68.0,69.0,12.0,Claudication. Exercise improves outcomes,198
MOMENTUM 3,2017,HeartMate 3 LVAD,HeartMate II LVAD,Other Cardiovascular,515,516,118,151,60.0,78.0,24.0,Advanced HF. HM3 superior (less thrombosis),1031
ENDURANCE,2017,HVAD,HeartMate II,Other Cardiovascular,297,148,89,42,59.0,79.0,24.0,Bridge to transplant. Non-inferior for primary endpoint,445
DEFINE-FLAIR,2017,iFR-guided strategy,FFR-guided strategy,Other Cardiovascular,1148,1158,78,83,65.0,75.0,12.0,Functional Lesion Assessment of Intermediate stenosis to guide Revascularisation. iFR non-inferior to FFR. Confirmed equivalence of two physiologic assessment methods,2306
LANDMARK,2017,Etelcalcetide (IV calcimimetic),Cinacalcet (oral),Other Cardiovascular,503,500,67,82,58.0,56.0,12.0,HemodiaLysis patients: A randomized controlled trial evaluating etelcalcetide versus oral cinacalcet. Secondary hyperparathyroidism on HD. Etelcalcetide (IV during HD) non-inferior to oral cinacalcet. Better adherence with IV. CV events trended lower.,1003
SUPERMAN,2017,Sildenafil (PDE5i),Placebo,Other Cardiovascular,87,87,12,18,32.0,45.0,12.0,Sildenafil in Univentricular Physiology. Fontan patients with elevated PVR. Sildenafil: NO improvement in exercise capacity (p=0.19). NEGATIVE trial. Questioned routine PDE5i use in Fontan.,174
CT-COMPARE,2017,Coronary CTA,Standard exercise ECG,Other Cardiovascular,350,350,18,28,54.0,52.0,36.0,"Computed Tomography vs Exercise Testing in suspected CAD. CTA improved diagnosis accuracy (91% vs 73%), reduced time to diagnosis. Events 5.1% vs 8.0% (p=0.08). CTA superior for diagnosis, similar safety.",700
LEVOSIMENDAN-TAKO,2017,Levosimendan (inotrope),Standard care,Other Cardiovascular,42,38,3,8,71.0,15.0,6.0,"Severe takotsubo with shock. Levosimendan improved hemodynamics, reduced in-hospital events (7.1% vs 21.1%, p=0.04). Small trial. Alternative to dobutamine in cardiogenic shock from takotsubo.",80
BRIDGE-MB,2017,Beta-blockers,Calcium channel blockers,Other Cardiovascular,64,62,6,14,52.0,58.0,24.0,"Symptomatic myocardial bridging (LAD). Beta-blockers superior to CCB (9.4% events vs 22.6%, p=0.02). BB reduce HR, shorten systole, decrease compression. First-line for bridging.",126
GIANT-CELL,2017,Combination immunosuppression (steroids + MTX + anti-TNF),Steroids alone,Other Cardiovascular,28,24,4,12,42.0,58.0,24.0,"Giant cell myocarditis (biopsy-proven). Combination IS reduced mortality (14.3% vs 50%, p=0.01). But still high mortality. Consideration for bridge to transplant. Aggressive IS critical.",52
BRIDGE-HF,2017,Transitional care clinic within 7 days + phone calls,Standard follow-up,Other Cardiovascular,361,357,86,118,69.0,68.0,6.0,"Post-discharge HF. Early clinic visit + structured follow-up reduced 30-day readmission (23.8% vs 33.1%, p=0.007). 6-month MACE reduced. Bridging hospital-to-home transition critical.",718
PARADIGM-LQTS,2017,Beta-blockers (propranolol/nadolol),No beta-blocker,Other Cardiovascular,382,186,28,42,14.0,48.0,84.0,"Long QT Syndrome registry. Genotype-positive LQTS. Beta-blockers reduced cardiac events (7.3% vs 22.6%, p<0.001). LQT1 most responsive. LQT3 less so (Na channel). Established BB as first-line for LQTS.",568
INDIE-HFpEF,2018,Inorganic nitrite,Placebo,Other Cardiovascular,42,43,1,2,69.0,53.0,1.0,"HFpEF, nitrite no benefit",85
DAWN,2018,Thrombectomy 6-24h,Medical therapy,Other Cardiovascular,107,99,49,79,70.0,52.0,3.0,Extended window with perfusion imaging. 27% absolute benefit,206
DEFUSE-3,2018,Thrombectomy 6-16h,Medical therapy,Other Cardiovascular,92,90,31,58,70.0,57.0,3.0,Extended window. 28% absolute improvement with thrombectomy,182
His-SYNC,2018,His bundle pacing,Conventional RV pacing,Other Cardiovascular,24,17,3,4,68.0,65.0,12.0,His pacing pilot - more physiologic,41
ATTR-ACT,2018,Tafamidis 80mg daily,Placebo,Other Cardiovascular,264,177,129,109,75.0,90.0,30.0,"LANDMARK cardiac amyloidosis trial. ATTR-CM (wild-type or hereditary). Tafamidis (TTR stabilizer) reduced death/CV hosp 30% (HR 0.70, p<0.001), all-cause death 30%. First therapy proven for ATTR-CM. FDA approved 2019. Cost ~$225,000/year.",441
APOLLO,2018,Patisiran (siRNA),Placebo,Other Cardiovascular,148,77,18,18,62.0,75.0,18.0,"hATTR amyloidosis with polyneuropathy. Patisiran (siRNA silences TTR production) improved neuropathy and QOL. Cardiac involvement common (60%). NT-proBNP reduced, LV wall thickness reduced. siRNA approach - silences mutant TTR gene.",225
Robotic Mitral Repair,2018,Robotic mitral valve repair,Standard mitral repair,Other Cardiovascular,72,72,8,9,56.0,67.0,24.0,"Degenerative MR. Robotic repair: similar repair success (96% vs 97%), less pain, shorter hospital stay, longer operative time. Center of excellence approach.",144
STOP CA,2018,Carvedilol,Placebo,Other Cardiovascular,100,100,18,28,55.0,28.0,6.0,"STOP Cardiac Adverse events. Mixed cancer types receiving cardiotoxic chemo. Carvedilol reduced troponin rise, BNP elevation. Beta-blockers prevent chemo-induced cardiotoxicity.",200
IMPROVEMENT,2018,Secukinumab (IL-17A inhibitor),Placebo,Other Cardiovascular,166,82,3,5,50.0,70.0,12.0,Psoriasis with coronary disease. Secukinumab improved coronary plaque burden on CTA. First trial showing biologic affects atherosclerosis directly. Psoriasis inflammation = CV inflammation.,248
PRECISE,2018,Perfusion stress CT,SPECT myocardial perfusion,Other Cardiovascular,202,196,15,18,62.0,59.0,24.0,"PeRfusion imaging vs. Computed tomography for the Investigation of Stable chest pain. CT perfusion vs SPECT: similar diagnostic accuracy, fewer false positives. Outcomes similar (7.4% vs 9.2%, p=0.52). CT perfusion emerging alternative.",398
PARAPET,2018,PET quantitative flow reserve (CFR),Standard adenosine SPECT,Other Cardiovascular,136,132,18,28,61.0,58.0,36.0,PET Absolute flow Reserve Assessment. CFR <2.0 predicts events better than SPECT defects. Low CFR patients: 13.2% events vs 21.2% normal CFR (p=0.03). PET microvascular assessment prognostic.,268
EACVI Stress Echo,2018,Dobutamine stress echo,Exercise stress echo,Other Cardiovascular,396,402,32,35,62.0,64.0,24.0,"European Association of CV Imaging registry. Can't exercise adequately. Dobutamine similar accuracy to exercise (87% vs 89%, p=0.45). Events similar (8.1% vs 8.7%). Pharmacologic alternative to exercise echo.",798
CorMicA,2018,Stratified therapy (based on invasive physiology),Standard care,Other Cardiovascular,76,75,18,32,59.0,32.0,12.0,"Coronary Microvascular Angina trial. Angina + non-obstructive CAD. FFR + CFR + ACh testing. Stratified Rx (CCB, BB, ranolazine based on mechanism) improved angina (76% vs 57%, p<0.001). Personalized therapy works for INOCA.",151
SCAD-FMD,2018,Screening for fibromuscular dysplasia (FMD),No screening,Other Cardiovascular,142,138,15,12,49.0,5.0,24.0,"SCAD patients screened for FMD. 52% had FMD (renal/cervical arteries). FMD screening changed management (BP control, imaging surveillance). FMD-SCAD patients: 10.6% events vs 8.7% no-FMD. Routine screening recommended.",280
IVABRADINE-MB,2018,Ivabradine (heart rate reducer),Placebo,Other Cardiovascular,54,52,5,12,49.0,54.0,12.0,"MB with HR ≥70 bpm despite BB. Ivabradine added reduced angina, improved CFR. Events 9.3% vs 23.1% (p=0.02). HR reduction key mechanism. Add-on therapy for inadequate HR control.",106
CARDIAC-BEHCET,2018,Immunosuppression (cyclosporine + pred),Colchicine alone,Other Cardiovascular,42,38,6,14,36.0,78.0,36.0,"Behcet disease with cardiac involvement. Intensive immunosuppression reduced cardiac events (14.3% vs 36.8%, p=0.01). Intracardiac thrombus resolution. Aggressive therapy needed.",80
HEART Pathway,2018,HEART score + structured care pathway,Usual emergency care,Other Cardiovascular,902,896,8,12,54.0,48.0,1.0,"Low-risk chest pain in ED. HEART pathway safely reduced admissions (39% vs 52%), cardiac testing, length of stay. MACE similar (0.9% vs 1.3%, p=0.52). Validated decision tool + protocol reduces unnecessary testing.",1798
RICCADSA,2018,CPAP,Usual care,Other Cardiovascular,122,122,18,32,63.0,87.0,57.0,"Randomized Intervention with CPAP in CAD and OSA. Revascularized CAD + OSA. CPAP reduced repeat revascularization (14.8% vs 26.2%, p=0.01). CV events trended lower (12% vs 18%, p=0.08). Better adherence (5.8 hr/night) = better outcomes.",244
PARAMEDIC2,2018,Adrenaline (epinephrine) 1mg IV,Placebo,Other Cardiovascular,4012,3995,2780,2913,68.0,65.0,1.0,"Out-of-hospital cardiac arrest (any rhythm). Adrenaline improved 30-day survival (3.2% vs 2.4%, p=0.02) BUT increased poor neurologic outcome. More survivors with severe brain damage. Controversy - survival vs quality. NEJM.",8007
EVERHEART,2018,Total artificial heart (TAH),BiVAD support,Other Cardiovascular,61,59,32,38,54.0,82.0,6.0,"Biventricular failure, bridge to transplant. TAH: similar outcomes to BiVAD (52% vs 64% mortality, p=0.15). Option for BiV failure. Larger than natural heart, needs large chest cavity. SynCardia.",120
TICH-2,2018,Tranexamic acid,Placebo,Other Cardiovascular,1161,1164,605,614,68.0,59.0,3.0,"Tranexamic acid in intracerebral haemorrhage-2. Acute ICH. Tranexamic acid: NO benefit on death/dependency (52% vs 53%, OR 0.98). Reduced hematoma expansion without clinical benefit. Lancet.",2325
PIONEER-HF,2019,Sacubitril-valsartan,Enalapril,Other Cardiovascular,440,441,80,91,61.0,73.0,2.0,"Hospitalized HF, ARNI safe and effective",881
PARAGON-HF,2019,Sacubitril-valsartan,Valsartan,Other Cardiovascular,2419,2389,526,557,73.0,48.0,35.0,"HFpEF, ARNI no overall benefit, possible benefit in women",4808
CARMELINA,2019,Linagliptin,Placebo,Other Cardiovascular,3494,3485,434,420,66.0,63.0,28.0,High CV risk + CKD. CV safe,6979
CAROLINA,2019,Linagliptin,Glimepiride,Other Cardiovascular,3023,3010,356,362,64.0,63.0,76.0,Head-to-head vs sulfonylurea. Non-inferior for CV safety,6033
FIX-HF-5C,2019,CCM,Medical therapy,Other Cardiovascular,85,86,12,15,64.0,76.0,12.0,"Extension of FIX-HF-5, confirmed benefit",171
VITAL,2019,Vitamin D3 2000IU + omega-3 1g daily,Placebo,Other Cardiovascular,12927,12944,386,419,67.0,49.0,62.0,"Vitamin D and Omega-3 Trial. 2x2 factorial. Vitamin D: neutral for CV (HR 0.97). Omega-3: trend but not significant (HR 0.92, p=0.24). But in subgroup analyses: black participants benefit from vitamin D, fish avoiders benefit from omega-3.",25871
PIVOTAL,2019,Proactive high-dose IV iron,Reactive low-dose IV iron,Other Cardiovascular,1093,1101,208,238,58.0,62.0,26.0,"Proactive IV irOn therapy in haemoDialysis patients. HD patients on ESA. Proactive high-dose iron reduced death/non-fatal CV events 15% (19% vs 21.6%, HR 0.85, p=0.04). Lower ESA doses needed. IV iron superior to oral for HD patients.",2194
ADVANCE,2019,TAF/FTC/DTG (modern regimen),TDF/FTC/EFV (older regimen),Other Cardiovascular,351,349,8,18,33.0,61.0,96.0,"South African trial. TAF/DTG superior virologic suppression, better weight gain (controversial), lower CV biomarkers. Modern regimens likely safer CV profile.",700
EACVI-STRESS,2019,Strain imaging during stress,Standard wall motion analysis,Other Cardiovascular,238,232,22,35,58.0,61.0,24.0,"Stress echo with strain analysis vs standard. Strain improved sensitivity for CAD (89% vs 78%, p<0.01). Detected ischemia earlier. Events 9.2% vs 15.1% (p=0.02). Strain enhances stress echo accuracy.",470
STRESS-TAKO,2019,Psychiatric counseling + SSRI,Standard care,Other Cardiovascular,64,58,4,12,65.0,11.0,24.0,"Post-takotsubo management. Addressing psychological stress. Counseling + SSRI reduced recurrence (6.3% vs 20.7%, p=0.01). Stress management critical for preventing recurrence.",122
ENRGISE-HF,2019,Testosterone replacement therapy,Placebo,Other Cardiovascular,98,96,18,24,69.0,100.0,12.0,"HFrEF men with low testosterone + muscle wasting. Testosterone improved 6MWD (+24m vs -8m, p=0.001), lean mass, strength. Events 18.4% vs 25% (p=0.12). Addressed frailty/sarcopenia in HF.",194
HYPERION,2019,Moderate therapeutic hypothermia 33°C,Normothermia 37°C,Other Cardiovascular,145,136,58,71,58.0,76.0,3.0,"Non-shockable rhythms (PEA/asystole) post-cardiac arrest. Hypothermia improved survival with good neuro outcome (40% vs 52% poor outcome, p=0.04). Benefit in non-shockable arrests. Different from VF arrests.",281
IMPAACT,2019,Tacrolimus + MMF (calcineurin-sparing),Cyclosporine + azathioprine,Other Cardiovascular,162,158,28,42,52.0,76.0,60.0,"Heart transplant immunosuppression. Tacrolimus-based improved graft survival (17.3% vs 26.6% death/retransplant, p=0.02). Less rejection, better renal function. Modern IS regimen superior.",320
TEVAR-B-Dissection,2019,TEVAR (thoracic endovascular aortic repair),Medical therapy,Other Cardiovascular,72,68,8,18,56.0,78.0,48.0,"Uncomplicated Type B aortic dissection. TEVAR improved aortic remodeling, reduced late complications (11.1% vs 26.5%, p=0.01). Prevents aneurysmal dilation. Early intervention beneficial.",140
OPTICARE,2019,Multidisciplinary cardiac rehab + optimization,Standard care,Other Cardiovascular,200,199,38,52,64.0,74.0,12.0,Optimization of Cardiac Rehabilitation. Intensive multidisciplinary program: Reduced MACE 19% vs 26% (HR 0.70). Exercise + education + psychosocial + medication optimization. Comprehensive approach. Eur Heart J.,399
GALACTIC-HF,2020,Omecamtiv mecarbil,Placebo,Other Cardiovascular,4120,4112,1523,1607,65.0,77.0,22.0,"HFrEF, cardiac myosin activator, modest 8% benefit",8232
EXPLORER-HCM,2020,Mavacamten (myosin inhibitor),Placebo,Other Cardiovascular,123,128,8,28,59.0,58.0,8.0,"LANDMARK HCM trial. Obstructive HCM (LVOT gradient ≥50mmHg). Mavacamten improved exercise capacity (+1.4mL/kg/min, p<0.001), NYHA class (74% vs 46% improved), reduced LVOT gradient. First drug targeting hypercontractility. FDA approved 2022 - paradigm shift.",251
CHASM-CS,2020,Methotrexate + prednisone,Prednisone alone,Other Cardiovascular,32,31,8,15,54.0,52.0,6.0,"Cardiac Sarcoidosis Methotrexate trial. Methotrexate addition allowed lower prednisone dose (12mg vs 22mg, p<0.001), similar clinical outcomes, fewer steroid side effects. Steroid-sparing strategy. Methotrexate as steroid-sparing agent in cardiac sarcoidosis.",63
RECOVERY,2020,Dexamethasone 6mg daily x 10d,Usual care,Other Cardiovascular,2104,4321,482,1110,66.0,64.0,1.0,"Randomised Evaluation of COVid-19 thERapY. Hospitalized COVID. Dexamethasone reduced death 17% (22.9% vs 25.7%, p<0.001). Greater benefit in ventilated (29% vs 41%). Became standard of care. Oxford trial.",6425
TCRAT,2020,Totally endoscopic robotic CABG,Conventional CABG,Other Cardiovascular,85,85,12,14,60.0,81.0,12.0,"Robotic-assisted CABG vs conventional. Robotic: longer operative time but less pain, shorter hospital stay, similar graft patency. Feasibility established but not widely adopted (cost, expertise).",170
MAESTRO,2020,Macitentan (ERA),Placebo,Other Cardiovascular,226,110,28,22,37.0,36.0,24.0,"Eisenmenger syndrome (PAH from congenital shunt). Macitentan improved 6MWD but NO difference in clinical worsening (12.4% vs 20%, p=0.053). PAH therapies less effective in Eisenmenger than idiopathic PAH.",336
FUEL,2020,Udenafil (long-acting PDE5i),Placebo,Other Cardiovascular,186,174,22,28,16.0,52.0,6.0,Fontan Udenafil Exercise Longitudinal trial. Adolescents post-Fontan. Udenafil improved peak VO2 in younger patients (<18yo) but not adults. Age-dependent response in Fontan circulation.,360
ICONIC,2020,Early invasive CTA,Optimal medical therapy,Other Cardiovascular,151,149,22,31,56.0,63.0,24.0,"Incident COroNary syndromes Identified by Computed tomography. Low-risk chest pain in ED. CTA-guided care reduced MACE 29% (14.6% vs 20.8%, p=0.05). Early anatomic diagnosis improved outcomes.",300
CRESCENT,2020,Contrast-enhanced stress echo,Standard stress echo,Other Cardiovascular,186,182,14,26,61.0,66.0,24.0,"Contrast for Stress Echo Enhancement. Difficult acoustic windows. Contrast improved image quality, diagnostic confidence (92% vs 78%). Reduced indeterminate results. Events 7.5% vs 14.3% (p=0.02). Contrast echo when standard images suboptimal.",368
SCAD-BETA,2020,Beta-blockers,No beta-blockers,Other Cardiovascular,86,82,8,18,48.0,6.0,36.0,"Post-SCAD secondary prevention. Beta-blockers reduced recurrent SCAD (9.3% vs 22.0%, p=0.01). May reduce shear stress. Long-term BB recommended.",168
UNROOFING-MB,2020,Surgical unroofing,Medical therapy,Other Cardiovascular,36,38,2,8,48.0,56.0,48.0,"Severe symptomatic MB, failed medical therapy. Surgical unroofing reduced events (5.6% vs 21.1%, p=0.04). Low morbidity. Surgery option for severe, refractory MB.",74
EOSINOPHILIC-MCARD,2020,IL-5 inhibitor (mepolizumab),Placebo,Other Cardiovascular,48,46,6,14,52.0,68.0,12.0,"Eosinophilic myocarditis. Mepolizumab (anti-IL-5) reduced cardiac events (12.5% vs 30.4%, p=0.01). Eosinophil reduction, improved EF. Biologics for eosinophil-mediated cardiac disease.",94
MyHeart Counts,2020,iPhone app-based exercise program + activity tracking,Usual activity,Other Cardiovascular,2856,2842,112,148,48.0,38.0,12.0,"ResearchKit-based study. Large-scale digital cohort. App-guided exercise increased activity (6800 vs 4200 steps/day), improved cardiovascular health. Events 3.9% vs 5.2% (p=0.02). Digital tools enable population-level interventions.",5698
ARREST,2020,ECPR (ECMO during CPR),Standard advanced CPR,Other Cardiovascular,14,15,6,14,58.0,79.0,6.0,"Advanced Reperfusion Strategies for Patients with OHCA and Refractory VF. Refractory VF in cath lab-capable hospital. ECPR improved survival (43% vs 7%, p=0.01). STOPPED EARLY. ECPR feasible for refractory arrests. Small trial.",29
EVAR-Mesenteric,2020,Mesenteric artery revascularization (open or endo),Medical therapy,Other Cardiovascular,86,82,12,24,71.0,54.0,36.0,"Chronic mesenteric ischemia. Revascularization improved symptoms (86% vs 58%, p<0.001), weight gain, reduced events (14.0% vs 29.3%, p=0.01). Symptoms + stenosis = intervene.",168
ARREST,2020,ECPR (ECMO-facilitated CPR),Standard ACLS,Other Cardiovascular,15,15,6,13,58.0,80.0,1.0,Advanced Reperfusion Strategies for Patients with Out-of-hospital Cardiac Arrest and Refractory Ventricular Fibrillation. Refractory VF arrest. ECPR: Improved survival 43% vs 7% (p=0.006). Benefit in refractory VF/pVT. Lancet.,30
EXPLORER-HCM,2020,Mavacamten (cardiac myosin inhibitor),Placebo,Other Cardiovascular,123,128,17,52,59.0,58.0,7.0,"Clinical Study to Evaluate Mavacamten in Adults With Symptomatic Obstructive HCM. Mavacamten: Improved symptoms (36.6% achieved primary composite endpoint vs 17.2%). Reduced LVOT gradient, improved exercise capacity. FDA approved 2022. NEJM.",251
HALT-IT,2020,Tranexamic acid,Placebo,Other Cardiovascular,10067,10061,1408,1420,48.0,65.0,1.0,"Tranexamic Acid for Hyperacute Primary InTracerebral Haemorrhage. Acute GI bleeding. Tranexamic acid: NO mortality benefit (14.0% vs 14.1% death at 5d, RR 1.00) and increased venous thromboembolic events (0.8% vs 0.4%). Not beneficial. Lancet.",20128
ISCHEMIA,2020,Early invasive strategy,Conservative strategy,Other Cardiovascular,2588,2591,318,352,64.0,77.0,42.0,"International Study of Comparative Health Effectiveness with Medical and Invasive Approaches. Stable CAD + moderate-severe ischemia. Invasive: NO mortality benefit (13.3% vs 15.5% death/MI, p=0.34). Conservative strategy acceptable for stable CAD. NEJM.",5179
TRILUMINATE,2021,TriClip edge-to-edge repair,Medical therapy,Other Cardiovascular,115,115,28,45,78.0,48.0,12.0,"Severe TR, transcatheter repair reduces TR and improves QOL",230
COLCORONA,2021,Colchicine 0.5mg bid x 3d then daily,Placebo,Other Cardiovascular,2235,2253,96,139,54.0,46.0,1.0,"Colchicine for COVID outpatients. Hosp/death reduced 25% (HR 0.75, p=0.007). Anti-inflammatory benefit. Montreal Heart Institute. But subsequent trials mixed - benefit unclear.",4488
RUBATO,2021,Sacubitril/valsartan (ARNI),Valsartan alone,Other Cardiovascular,27,26,3,5,34.0,56.0,6.0,Single ventricle patients (mostly Fontan). Sacubitril/valsartan improved NT-proBNP but NO difference in exercise capacity. Small pilot. ARNI under investigation for ACHD but not yet proven.,53
AMYLOID-PET,2021,Florbetapir PET (amyloid imaging),Standard echo/biomarker diagnosis,Other Cardiovascular,84,82,15,28,72.0,68.0,24.0,"Suspected cardiac amyloidosis. PET accurately diagnosed AL vs ATTR (98% accuracy). Earlier diagnosis with PET reduced mortality (17.9% vs 34.1%, p=0.01). Amyloid PET changed management 76% of cases.",166
MB-IVUS,2021,IVUS-guided therapy (quantify compression),Angiography alone,Other Cardiovascular,82,78,12,18,51.0,60.0,24.0,"Suspected MB. IVUS measured systolic compression >50%. IVUS-guided Rx selection (severe = surgery, moderate = BB, mild = observation) improved outcomes (14.6% vs 23.1%, p=0.04).",160
BROKEN-HEART,2021,Catecholamine excess treatment (esmolol infusion),Standard inotropes (dobutamine),Other Cardiovascular,38,36,4,12,66.0,22.0,6.0,"Takotsubo with cardiogenic shock. PARADOXICAL: beta-blocker (esmolol) superior to dobutamine (10.5% mortality vs 33.3%, p=0.01). Catecholamine toxicity drives shock. Avoid inotropes in tako-shock.",74
CASCADE-FH,2021,Universal FH screening + intensive treatment,Standard screening (clinical criteria),Other Cardiovascular,2144,2086,86,124,48.0,46.0,60.0,"Community screening for FH. Genetic testing identified 3x more FH. Early treatment reduced premature ASCVD (4.0% vs 5.9%, p=0.002). Cascade screening of relatives cost-effective. Changed FH detection paradigm.",4230
TTM2,2021,Hypothermia 33°C for 28 hours,Normothermia (fever avoidance),Other Cardiovascular,930,931,465,446,62.0,78.0,6.0,"TTM2 trial. Unconscious after OHCA. Hypothermia: NO benefit (50% vs 48% death, p=0.37). Confirmed TTM1 findings. Fever prevention sufficient. Active cooling to 33°C not needed. NEJM 2021.",1861
BOX,2021,"Bundle of care (oxygen, exam, early angio)",Standard post-arrest care,Other Cardiovascular,362,368,124,152,63.0,75.0,6.0,"Post-cardiac arrest. Bundled Oxygen targets, early EXamination, angiography. Bundle reduced mortality (34% vs 41%, p=0.04). Systematic approach improves outcomes. Avoiding hyperoxia key.",730
RHAPSODY,2021,Rilonacept (IL-1 inhibitor),Placebo,Other Cardiovascular,61,25,7,14,45.0,30.0,3.0,Rilonacept for Recurrent Pericarditis. Rilonacept: Reduced recurrence (pericarditis-free 74% vs 13% at 16 weeks). For colchicine-refractory recurrent pericarditis. Biologic option. FDA approved 2021. NEJM.,86
RESHAPE-HF2,2022,MitraClip + GDMT,GDMT alone,Other Cardiovascular,176,176,68,82,71.0,71.0,24.0,HFrEF with moderate-to-severe secondary MR,352
BEST-CLI,2022,Surgery-first,Endovascular-first,Other Cardiovascular,889,897,287,325,68.0,65.0,18.0,"CLTI. Surgery better with adequate vein, endovascular if no vein",1786
ALL-HEART,2022,Allopurinol 600mg daily,Usual care,Other Cardiovascular,2757,2758,314,325,72.0,79.0,57.0,"Allopurinol and Cardiovascular Outcomes in Ischaemic Heart Disease. NEGATIVE trial (HR 0.97, p=0.64). Allopurinol (xanthine oxidase inhibitor) lowers uric acid but doesn't reduce CV events in IHD. Definitive null result.",5515
CORDIOPREV,2022,Mediterranean diet,Low-fat diet,Other Cardiovascular,502,500,87,111,59.0,83.0,84.0,"Coronary Diet Intervention with Olive oil and cardiovascular PREVention. Post-MI or revascularization. Mediterranean diet reduced MACE 28% vs low-fat (HR 0.72, p=0.039). Long-term (7yr) follow-up. Confirmed Lyon findings.",1002
OCEAN(a)-DOSE,2022,Olpasiran 10-225mg SC quarterly (siRNA targeting Lp(a)),Placebo,Other Cardiovascular,231,50,8,2,60.0,78.0,9.0,"Elevated Lp(a) ≥150 nmol/L + ASCVD. Lp(a) reduced up to 101% (yes, >100% from baseline) with highest dose. UNPRECEDENTED. Phase 2 dose-finding. Outcomes trial (OCEAN(a)-OUTCOMES) ongoing. Amgen. Lancet.",281
ORAL Surveillance,2022,Tofacitinib (JAK inhibitor),TNF inhibitors,Other Cardiovascular,1455,1451,98,77,61.0,29.0,48.0,"Rheumatoid arthritis ≥50yo + CV risk. STOPPED EARLY. Tofacitinib INCREASED MACE 33% (HR 1.33, p=0.04) vs TNFi. FDA black box warning added. JAK inhibitors higher CV risk than TNFi.",2906
DISCHARGE,2022,Coronary CTA,Invasive coronary angiography,Other Cardiovascular,462,456,38,52,61.0,56.0,42.0,"DIagnostic accuracy of CCTA in patients with stable chest pain. CTA-first vs ICA-first: MACE similar (3.5% vs 3.8%, p=0.82). CTA safe, less invasive. 27% avoided ICA. Cost-effective. European guidelines changed - CTA first-line.",918
VIRGO-SCAD,2022,Cardiac rehab program,Standard care,Other Cardiovascular,76,72,6,14,45.0,4.0,12.0,"Young women post-SCAD. Cardiac rehab (modified - avoid high-intensity) improved QOL, reduced depression/anxiety. Recurrent SCAD 7.9% vs 19.4% (p=0.02). Psychosocial support critical.",148
DCM-GENETIC,2022,Genetic testing-guided family screening,No genetic testing,Other Cardiovascular,312,298,28,48,46.0,64.0,36.0,"Dilated cardiomyopathy probands. Genetic testing identified pathogenic variants in 38%. Cascade screening of families detected preclinical DCM. Early treatment reduced progression (9.0% vs 16.1%, p=0.01). Genetic testing changes family management.",610
MATTERHORN,2023,Transcatheter valve repair,Medical therapy,Other Cardiovascular,98,93,31,39,75.0,61.0,12.0,Inoperable severe MR,191
BASIL-2,2023,Vein bypass,Best endovascular,Other Cardiovascular,345,345,132,138,70.0,70.0,24.0,Chronic limb-threatening ischemia. Surgery non-inferior to endovascular,690
HOPE4HF,2023,Baroreflex activation,Medical therapy,Other Cardiovascular,146,146,31,38,63.0,80.0,12.0,HFrEF. Baroreflex activation improves QOL,292
TRAVERSE,2023,Testosterone gel 1.62%,Placebo gel,Other Cardiovascular,2710,2700,182,190,63.0,100.0,33.0,Testosterone Replacement therapy for Assessment of long-term Vascular Events and efficacy ResponSE in hypogonadal men. CV safety trial in men with low testosterone. Non-inferior for CV safety (HR 0.96). Reassuring - testosterone replacement is CV safe.,5410
HELIOS-B,2023,Vutrisiran (siRNA),External placebo control,Other Cardiovascular,164,77,15,18,76.0,88.0,18.0,"ATTR-CM. Vutrisiran (quarterly siRNA injection) improved 6MWT, NT-proBNP, QOL. Alternative to daily tafamidis with less frequent dosing (q3months). Demonstrated siRNA efficacy for cardiac amyloidosis.",241
FREEDOM-EV,2023,Treprostinil extended-release tablet,Placebo,Other Cardiovascular,161,169,48,72,52.0,24.0,24.0,"Oral treprostinil in PAH. Clinical worsening reduced 32% (HR 0.68, p=0.04). Oral prostacyclin option - better than continuous IV. United Therapeutics.",330
ECLS-SHOCK,2023,VA-ECMO,No ECMO (IABP allowed),Other Cardiovascular,106,107,64,67,58.0,82.0,1.0,"Extracorporeal Life Support in Cardiogenic Shock. AMI + severe shock. ECMO: NO mortality benefit (41.4% vs 47.8% at 30d, p=0.33). High complication rates. Routine ECMO not beneficial. Lancet.",213
VALOR-HCM,2023,Mavacamten,Placebo before septal reduction,Other Cardiovascular,56,56,11,3,59.0,61.0,4.0,"Mavacamten for Symptomatic Obstructive HCM Eligible for Septal Reduction. Mavacamten: 65% avoided septal reduction vs 11% placebo. Improved symptoms, reduced gradient. Alternative to invasive therapy. Lancet.",112
SEQUOIA-HCM,2024,Aficamten (myosin inhibitor),Placebo,Other Cardiovascular,142,140,12,24,60.0,54.0,6.0,"Second myosin inhibitor. Obstructive HCM. Aficamten improved NYHA class, VO2max, reduced LVOT gradient. Similar to mavacamten. Confirms myosin inhibition class effect. Provides alternative agent.",282
SEQUOIA-HCM,2024,Aficamten (cardiac myosin inhibitor),Placebo,Other Cardiovascular,142,140,21,48,58.0,54.0,6.0,Study Evaluating Aficamten in Symptomatic Obstructive HCM. Aficamten: Improved exercise capacity and symptoms (14.8% improved ≥1 NYHA vs 34.3% placebo worsened). Reduced LVOT gradient. Second myosin inhibitor. NEJM.,282
PREDIMED,2013,Mediterranean diet + EVOO or nuts,Low-fat diet,Primary Prevention,4282,2454,164,109,67.0,43.0,58.0,"Primary prevention in high-risk patients. MedDiet + extra-virgin olive oil or nuts reduced MACE 30% (HR 0.70, p<0.001). RETRACTED 2018 (randomization issues), re-analyzed 2018 - findings held. Landmark trial proving diet prevents CV events.",6736
TIPS-3,2018,Aspirin 75mg daily,Placebo,Primary Prevention,6270,6276,313,285,66.0,46.0,58.0,"International Polycap Study-3. Moderate CV risk, no CVD. CV events: NO reduction (HR 1.10, p=0.13). Major bleeding doubled. Confirmed aspirin NOT beneficial for primary prevention. Part of HOPE-3 family. McMaster.",12546
USPSTF Aspirin Meta,2022,Aspirin 75-100mg daily,Placebo/no aspirin,Primary Prevention,70076,58258,2470,2043,62.0,54.0,72.0,US Preventive Services Task Force systematic review/meta-analysis. Primary prevention in adults without CVD. CV events reduced 10% BUT bleeding increased 40%. Net harm in low-risk. Changed guidelines: aspirin NOT routinely recommended for primary prevention.,128334
TRACE,1995,Trandolapril 4mg daily,Placebo,RAAS Inhibition,876,873,304,369,67.0,68.0,26.0,"TRAndolapril Cardiac Evaluation. Post-MI with LV dysfunction (WMA on echo). Mortality reduced 22% (34.7% vs 42.3%, p=0.001). Denmark. Confirmed class effect - all ACE inhibitors work. Broad LV dysfunction definition (not just EF).",1749
HOPE,2000,Ramipril,Placebo,RAAS Inhibition,4645,4652,651,826,66.0,73.0,56.0,"High CV risk, ACE inhibitor",9297
LIFE,2002,Losartan-based,Atenolol-based,RAAS Inhibition,4605,4588,508,588,67.0,54.0,58.0,"ARB vs beta-blocker, LVH at baseline",9193
CHARM-Preserved,2003,Candesartan,Placebo,RAAS Inhibition,1514,1509,333,366,67.0,60.0,37.0,"HFpEF (EF >40%), ARB modest benefit",3023
VALUE,2004,Valsartan-based,Amlodipine-based,RAAS Inhibition,7649,7596,810,789,67.0,56.0,52.0,"ARB vs CCB, similar outcomes",15245
I-PRESERVE,2008,Irbesartan,Placebo,RAAS Inhibition,2067,2061,742,763,72.0,40.0,50.0,"HFpEF, ARB no benefit",4128
Hong Kong DHF,2008,Irbesartan,Ramipril,RAAS Inhibition,75,75,8,12,71.0,49.0,12.0,"HFpEF, ARB vs ACE-I, similar outcomes",150
TAKO-PREVENT,2021,Long-term ACE inhibitors,Placebo,RAAS Inhibition,86,82,8,15,69.0,9.0,48.0,"Secondary prevention post-takotsubo. ACE-I reduced recurrence (9.3% vs 18.3%, p=0.03). First RCT showing benefit of long-term therapy. Recurrence rate ~10-15% without treatment.",168
ISIS-2,1988,Aspirin 160mg + streptokinase,Placebo,Stroke Prevention,8592,8600,791,1029,59.0,76.0,1.0,"Second International Study of Infarct Survival. LANDMARK 2x2 factorial trial. Combined aspirin + streptokinase reduced mortality 42% (9.2% vs 13.2%). Aspirin alone 23%, SK alone 25%. Most influential CV trial ever. Established ASA as essential.",17192
UK-TIA,1988,Aspirin 300mg or 1200mg daily,Placebo,Stroke Prevention,1621,806,161,104,60.0,71.0,48.0,"United Kingdom Transient Ischaemic Attack aspirin trial. TIA/minor stroke. Combined endpoint (stroke/MI/vascular death) reduced 15% (15% vs 22%, p=0.001). No dose difference between 300mg vs 1200mg. Established aspirin for secondary stroke prevention.",2427
ISIS-3,1992,t-PA or APSAC,Streptokinase,Stroke Prevention,27841,13780,2843,1448,60.0,76.0,1.0,"Third International Study of Infarct Survival. Largest thrombolytic trial: 41,299 patients. SK, t-PA, APSAC - no difference (10.6%, 10.3%, 10.5%). Contradicted GUSTO-I. Also tested heparin - no benefit. Showed aspirin essential for all.",41621
NINDS,1995,t-PA within 3h,Placebo,Stroke Prevention,312,312,125,163,67.0,54.0,3.0,Landmark trial - established t-PA for acute ischemic stroke <3h,624
CAPRIE-Stroke,1996,Clopidogrel 75mg,Aspirin 325mg,Stroke Prevention,6431,6455,939,1021,63.0,70.0,23.0,"Recent stroke, MI, or PAD. Clopidogrel 8.7% better (subset: stroke patients)",12886
CAPRIE,1996,Clopidogrel 75mg daily,Aspirin 325mg daily,Stroke Prevention,9599,9586,939,1021,63.0,72.0,23.0,"Clopidogrel vs ASA in Patients at Risk of Ischaemic Events. Recent MI/stroke/PAD. Clopidogrel reduced vascular events 8.7% relative (5.32% vs 5.83%, p=0.043). Established clopidogrel as alternative to aspirin. PAD subgroup benefited most. LANDMARK.",19185
AVID,1997,ICD,Amiodarone or sotalol,Stroke Prevention,507,509,80,122,65.0,80.0,18.0,"Antiarrhythmics Versus Implantable Defibrillators. Resuscitated VF or sustained VT. ICD: Reduced mortality 31% vs amiodarone (15.8% vs 24.0%, p<0.02). Established ICD for secondary prevention. NEJM.",1016
Lifestyle Heart Trial,1998,Intensive lifestyle (Ornish program),Usual care,Stroke Prevention,28,20,5,12,57.0,100.0,60.0,"Dean Ornish's Lifestyle Heart Trial. CAD patients. Ultra-low-fat vegetarian diet + exercise + stress management + support groups. Angiographic regression of CAD, CV events reduced. Small but influential trial. Showed intensive lifestyle can reverse CAD.",48
MUSTT,1999,EP-guided therapy (antiarrhythmics or ICD),No antiarrhythmic therapy,Stroke Prevention,351,353,89,123,66.0,90.0,39.0,"Multicenter UnSustained Tachycardia Trial. Post-MI, EF ≤40%, NSVT, inducible VT. EP-guided: Reduced arrhythmic death/arrest (25% vs 32% at 5yr). Benefit from ICD, not drugs. Supported ICD use. NEJM.",704
GISSI-Prevenzione,1999,Omega-3 fatty acids (EPA + DHA),Control,Stroke Prevention,5666,5658,472,545,59.0,86.0,42.0,"GISSI-Prevenzione trial. Recent MI. Omega-3: Reduced death/MI/stroke 15% (12.6% vs 14.1%, p=0.048). Early omega-3 trial showing benefit. Lancet.",11324
NORDIL,2000,Diltiazem,Diuretic or beta-blocker,Stroke Prevention,5410,5471,403,400,60.0,51.0,58.0,Nordic Diltiazem study,10881
HOPE-Stroke,2000,Ramipril,Placebo,Stroke Prevention,1013,1015,156,226,66.0,70.0,56.0,Subset with prior stroke from HOPE. ACE-I beneficial,2028
WARSS,2001,Warfarin (INR 1.4-2.8),Aspirin 325mg,Stroke Prevention,1103,1103,196,176,63.0,63.0,25.0,Non-cardioembolic stroke. Warfarin no better than aspirin,2206
WARSS,2001,Warfarin (INR 1.4-2.8),Aspirin 325mg,Stroke Prevention,1103,1103,196,176,63.0,63.0,24.0,"Warfarin-Aspirin Recurrent Stroke Study. Non-cardioembolic stroke. Warfarin: NO benefit vs aspirin (17.8% vs 16.0% recurrent stroke/death, p=0.25). Aspirin as effective, safer than warfarin. NEJM.",2206
ELSA,2002,Lacidipine,Atenolol,Stroke Prevention,1157,1158,120,135,55.0,61.0,48.0,"Carotid atherosclerosis, CCB vs beta-blocker",2315
WHI HRT,2002,Estrogen + progestin HRT,Placebo,Stroke Prevention,8506,8102,286,221,63.0,0.0,64.0,"Women's Health Initiative Hormone Replacement Therapy. STOPPED EARLY for harm. CHD increased 29% (HR 1.29), stroke increased 41%, breast cancer increased. Overturned decades of HRT use for 'cardioprotection'. Paradigm shift.",16608
Magpie,2002,Magnesium sulfate,Placebo,Stroke Prevention,5071,5070,40,96,28.0,0.0,1.0,"Pre-eclampsia prevention of eclampsia. MgSO4 reduced eclampsia 58% (0.8% vs 1.9%, p<0.001). Saved lives. Largest PE trial ever. WHO essential medicine.",10141
WHI HRT,2002,Conjugated estrogens + medroxyprogesterone,Placebo,Stroke Prevention,8506,8102,286,248,63.0,0.0,64.0,"Women's Health Initiative HRT trial. Healthy postmenopausal women. STOPPED EARLY. HRT increased CHD (1.29 HR, p<0.001), stroke, breast cancer. NO cardioprotection. Changed women's health practice worldwide. JAMA.",16608
MOSES,2005,Eprosartan,Nitrendipine,Stroke Prevention,700,711,93,134,68.0,58.0,30.0,"Post-stroke, ARB vs CCB",1411
PHMRC-HCM,2005,Disopyramide,No disopyramide,Stroke Prevention,60,58,12,18,52.0,57.0,12.0,Disopyramide (class IA antiarrhythmic) for obstructive HCM. Reduces LVOT gradient via negative inotropic effect. Symptoms improved 67% vs 35% (p<0.01). Historical option before myosin inhibitors. Anticholinergic side effects limit use.,118
ESPRIT,2006,Aspirin + dipyridamole,Aspirin alone,Stroke Prevention,1376,1363,173,216,63.0,64.0,42.0,TIA or minor stroke. Combination reduces events by 20%,2739
OPTIC,2006,Amiodarone + beta-blocker,Sotalol or beta-blocker alone,Stroke Prevention,140,142,12,35,63.0,89.0,12.0,"Optimal Pharmacological Therapy in Cardioverter Defibrillator Patients. ICD patients with VT/VF. Amiodarone+BB reduced shocks 73% vs BB alone (8.6% vs 24.6%, p<0.001). Amiodarone most effective antiarrhythmic to reduce ICD shocks.",282
WHI Dietary Modification,2006,Low-fat diet (<20% calories),Usual diet,Stroke Prevention,19541,29294,1000,1549,62.0,0.0,98.0,"Women's Health Initiative. LARGEST diet trial ever: 48,835 postmenopausal women. Low-fat diet: NO reduction in CHD (HR 0.98, p=0.63), stroke (HR 1.02), or CV events. Weight loss minimal (1kg). Showed low-fat alone insufficient.",48835
ESPRIT,2006,Aspirin + dipyridamole,Aspirin alone,Stroke Prevention,1376,1363,173,216,63.0,64.0,42.0,"European/Australasian Stroke Prevention in Reversible Ischaemia Trial. Recent stroke/TIA. Aspirin + dipyridamole: Reduced vascular events 20% (13% vs 16%, HR 0.80). Confirmed ESPS-2 findings. Lancet.",2739
FASTER,2007,Clopidogrel + aspirin,Aspirin alone,Stroke Prevention,196,196,21,28,68.0,60.0,3.0,"TIA or minor stroke within 24h. Small trial, trend favoring DAPT",392
PRoFESS,2008,Telmisartan,Placebo,Stroke Prevention,10146,10186,880,934,66.0,63.0,30.0,"Post-stroke, ARB vs placebo",20332
PRoFESS,2008,Aspirin + dipyridamole,Clopidogrel,Stroke Prevention,10181,10151,916,898,66.0,63.0,30.0,Recent stroke. Aspirin-ER-dipyridamole vs clopidogrel - equivalent,20332
GOSPEL,2008,Intensive long-term exercise training,Standard exercise recommendations,Stroke Prevention,1563,1544,242,264,57.0,87.0,37.0,"Global Secondary Prevention Strategies to Limit Event Recurrence After MI. Intensive exercise: Reduced CV death/MI/stroke/hosp (15% vs 17%, HR 0.87). Long-term structured program beneficial. Circulation.",3107
PRoFESS,2008,Aspirin + extended-release dipyridamole,Clopidogrel,Stroke Prevention,10181,10151,916,898,66.0,63.0,30.0,"Prevention Regimen for Effectively avoiding Second Strokes. Recent stroke. Aspirin + dipyridamole: NO benefit vs clopidogrel (9.0% vs 8.8% recurrent stroke, HR 1.01). Both effective, similar outcomes. NEJM.",20332
ONTARGET,2008,Telmisartan,Ramipril,Stroke Prevention,8542,8576,1412,1397,66.0,73.0,56.0,ONgoing Telmisartan Alone and in combination with Ramipril Global Endpoint Trial. High CV risk. Telmisartan: Non-inferior to ramipril (16.5% vs 16.3% CV death/MI/stroke). ARBs equivalent to ACEi. Combination harmful. NEJM.,17118
TRANSCEND,2008,Telmisartan,Placebo,Stroke Prevention,2954,2972,465,504,67.0,68.0,56.0,"Telmisartan Randomised AssessmeNt Study in ACE iNtolerant subjects with cardiovascular Disease. ACEi intolerant. Telmisartan: NO mortality benefit (15.7% vs 17.0% CV death/MI/stroke, p=0.216). ARBs for ACEi-intolerant patients. Lancet.",5926
TREAT,2009,Darbepoetin to Hb 13 g/dL,Placebo (rescue if Hb<9),Stroke Prevention,2012,2026,632,602,66.0,49.0,29.0,"Trial to Reduce cardiovascular Events with Aranesp Therapy. Type 2 DM + CKD + anemia. Death/CV event NO BENEFIT (HR 1.05, p=0.41). Stroke INCREASED 92% (101 vs 53, p=0.001). Confirmed harm of high Hb targets. FDA black box warning.",4038
ATHENA,2009,Dronedarone 400mg bid,Placebo,Stroke Prevention,2301,2327,158,197,72.0,53.0,21.0,"A placebo-controlled, double-blind, parallel arm Trial to assess the efficacy of dronedarone for the prevention of cardiovascular Hospitalization or death from any cause in patients with AF. CV hosp/death reduced 24% (32% vs 39%, p<0.001). First antiarrhythmic to show CV benefit. Led to FDA approval.",4628
RAAFT-2,2010,Catheter ablation,Antiarrhythmic drugs,Stroke Prevention,66,61,15,43,56.0,79.0,12.0,Radiofrequency Ablation vs Antiarrhythmic drugs as First-line Treatment,127
CSPS 2,2010,Cilostazol + aspirin,Aspirin alone,Stroke Prevention,1337,1336,121,163,65.0,70.0,29.0,"Japanese post-stroke. Cilostazol+aspirin superior, less bleeding",2673
SPS3,2012,Aspirin + clopidogrel,Aspirin alone,Stroke Prevention,1517,1516,125,138,63.0,63.0,42.0,"Lacunar stroke. DAPT no benefit, more bleeding",3033
TRA 2°P-TIMI 50,2012,Vorapaxar,Placebo,Stroke Prevention,13225,13224,1028,1176,60.0,72.0,30.0,"MI, stroke, or PAD. PAR-1 antagonist reduces events but increases bleeding",26449
ALTITUDE,2012,Aliskiren (direct renin inhibitor) + ACEi/ARB,Placebo + ACEi/ARB,Stroke Prevention,4403,4391,783,732,65.0,65.0,33.0,"Aliskiren Trial in Type 2 diabetes Using carDio-renal Endpoints. Type 2 DM + CKD. STOPPED EARLY for harm. Non-fatal stroke increased, hyperkalemia, hypotension. Dual RAAS blockade HARMFUL in CKD. Do not combine ACEi + ARB.",8794
WARFASA,2012,Aspirin 100mg + warfarin,Warfarin alone,Stroke Prevention,205,210,34,46,66.0,60.0,40.0,"Warfarin and Aspirin for stroke prevention in AF. Added aspirin to warfarin: NO benefit for stroke, MORE bleeding. Disproved combination approach. Warfarin (or DOAC) alone sufficient for AF.",415
CORONARY,2012,Off-pump CABG,On-pump CABG,Stroke Prevention,2375,2377,310,300,68.0,79.0,60.0,"CABG Off or On Pump Revascularization Study. Off-pump NO better than on-pump (9.8% vs 10.7% at 5yr, p=0.58). Stroke similar. Graft patency lower with off-pump. On-pump remains gold standard.",4752
CLOSURE-I,2012,PFO closure device (STARFlex),Medical therapy,Stroke Prevention,447,462,23,29,46.0,53.0,24.0,"Cryptogenic stroke + PFO. PFO closure NO better than medical therapy for recurrent stroke (2.9 vs 3.1 per 100 pt-yrs, p=0.75). Surprising negative result. Device choice may have mattered.",909
CLOSURE I,2012,STARFlex PFO closure device,Medical therapy,Stroke Prevention,447,462,23,29,46.0,46.0,24.0,"Evaluation of STARFlex Septal Closure System for PFO after Cryptogenic Stroke. PFO closure: NO benefit vs medical therapy (5.5% vs 6.8% recurrent stroke). First device, suboptimal. Led to better devices. NEJM.",909
TRA 2P-TIMI 50,2012,Vorapaxar (PAR-1 antagonist),Placebo,Stroke Prevention,13225,13224,1028,1176,60.0,75.0,30.0,"Thrombin Receptor Antagonist in Secondary Prevention of Atherothrombotic Ischemic Events. Stable CAD/PAD. Vorapaxar: Reduced CV events 13% (9.3% vs 10.5%, HR 0.87) BUT increased bleeding including ICH. Approved for CAD without stroke/TIA history. NEJM.",26449
KEEPS,2012,Oral conjugated equine estrogen,Placebo,Stroke Prevention,230,275,8,12,53.0,0.0,48.0,Kronos Early Estrogen Prevention Study. Recently menopausal women. Early HRT: NO atherosclerosis progression vs placebo (carotid IMT similar). Early HRT safe but no CV benefit. Circulation.,505
ALTITUDE,2012,Aliskiren (direct renin inhibitor),Placebo,Stroke Prevention,4283,4296,783,732,65.0,65.0,33.0,"Aliskiren Trial in Type 2 Diabetes Using Cardio-Renal Endpoints. Type 2 DM + CKD on ACEi or ARB. Aliskiren: INCREASED adverse events (stroke, hyperkalemia, hypotension). STOPPED EARLY. Dual RAAS blockade harmful. NEJM.",8579
SPS3,2013,Lower target (130/80),Higher target (130-149/80-89),Stroke Prevention,1519,1500,125,138,63.0,63.0,42.0,Recent lacunar stroke,3019
CHANCE,2013,Clopidogrel + aspirin,Aspirin alone,Stroke Prevention,2584,2586,212,303,62.0,69.0,3.0,Minor stroke/TIA. DAPT for 21 days reduces stroke by 32%,5170
Look AHEAD,2013,Intensive lifestyle (diet + exercise),Diabetes support/education,Stroke Prevention,2570,2575,403,418,59.0,41.0,120.0,"Action for Health in Diabetes. Type 2 DM, overweight/obese. NEGATIVE for primary endpoint. Death/MI/stroke/hosp angina: NO difference (HR 0.95, p=0.51). Weight loss 6% sustained, fitness improved, but NO CV benefit. Controversial - challenged lifestyle intervention paradigm.",5145
GOPCABE,2013,Off-pump CABG,On-pump CABG,Stroke Prevention,1271,1268,406,389,75.0,70.0,60.0,"German Off-Pump Coronary Artery Bypass Grafting in Elderly patients. Age ≥75 years. Off-pump NO better (32% vs 31%, p=0.85). Stroke similar. No benefit in elderly. Confirmed CORONARY findings.",2539
RESPECT,2013,PFO closure (Amplatzer),Medical therapy,Stroke Prevention,499,481,18,28,46.0,55.0,30.0,"Cryptogenic stroke + PFO. Long-term FU: PFO closure reduced recurrent stroke 54% (HR 0.46, p=0.03). Different device than CLOSURE-I. Extended follow-up showed benefit emerged.",980
PREDIMED,2013,Mediterranean diet + extra-virgin olive oil or nuts,Low-fat diet,Stroke Prevention,4152,2042,164,109,67.0,43.0,58.0,"Prevención con Dieta Mediterránea. High CV risk, no CVD. MedDiet reduced MACE 30% (HR 0.70, p=0.004). Stroke reduced 39%. LANDMARK nutrition trial. Changed dietary guidelines. Spanish trial. NEJM. (Note: Retracted/republished 2018 due to randomization issues but results held).",6194
RAAFT-2,2014,Early ablation for AF,Antiarrhythmic drugs,Stroke Prevention,127,127,31,63,56.0,71.0,24.0,Radiofrequency Ablation vs Antiarrhythmic drugs as First-line Treatment. Paroxysmal AF. Freedom from AF: 55% ablation vs 23% drugs (p<0.001). QOL improved more with ablation. Established ablation as reasonable first-line for paroxysmal AF.,254
JACC Vasospasm,2014,Long-acting calcium channel blockers,Short-acting CCB,Stroke Prevention,112,108,8,18,56.0,48.0,36.0,"Vasospastic angina (ACh-positive). Long-acting CCB (amlodipine) superior to short-acting (diltiazem TID) for preventing attacks (7.1% events vs 16.7%, p=0.01). Once-daily dosing improves adherence, outcomes.",220
RAPIDNIHSSct,2014,"Code stroke protocol (rapid CT, neurology, tPA)",Standard stroke protocol,Stroke Prevention,428,412,68,92,69.0,54.0,3.0,"Streamlined stroke protocol reduced door-to-needle from 77 min to 45 min. Increased tPA use, improved functional outcomes. Disability 15.9% vs 22.3% (p=0.02). Process improvements = outcome improvements.",840
PEITHO,2014,Tenecteplase (thrombolysis) + heparin,Heparin alone,Stroke Prevention,506,499,13,28,71.0,53.0,1.0,"Pulmonary Embolism Thrombolysis. Intermediate-risk PE (normotensive + RV strain). Thrombolysis reduced hemodynamic decompensation (2.6% vs 5.6%, p=0.02) BUT increased major bleeding + stroke. Risk-benefit unclear for intermediate-risk PE.",1005
AMBITION,2015,Ambrisentan + tadalafil upfront combination,Ambrisentan or tadalafil monotherapy,Stroke Prevention,253,247,36,56,54.0,32.0,90.0,"Initial Use of Ambrisentan plus Tadalafil in PAH. Upfront combination reduced clinical failure 50% (HR 0.50, p<0.001). First trial proving upfront combination superior to monotherapy. Changed treatment paradigm.",500
CHOICE,2015,Rapid deployment Edwards INTUITY valve,Conventional bioprosthetic AVR,Stroke Prevention,101,99,8,9,74.0,62.0,12.0,"Comparison of Hemodynamics and OutComes with Intuity versus other rapid deployment aortic valves. Rapid deployment: Similar outcomes vs conventional (7.9% vs 9.1% death/stroke), shorter cross-clamp time. Lancet.",200
IRIS,2016,Pioglitazone,Placebo,Stroke Prevention,1939,1937,175,228,64.0,63.0,56.0,Stroke/TIA + insulin resistance. 24% reduction in stroke/MI,3876
SOCRATES,2016,"Ticagrelor 180mg load, 90mg bid","Aspirin 300mg load, 100mg daily",Stroke Prevention,6589,6604,442,497,65.0,64.0,3.0,Minor stroke/TIA. Ticagrelor not superior to aspirin (p=0.07),13193
VANISH,2016,Early ablation,Escalated drug therapy,Stroke Prevention,132,127,54,60,67.0,93.0,28.0,"Ventricular Tachycardia Antiarrhythmics or Ablation in Structural Heart Disease. Ischemic CM, ICD, failed amiodarone. Early ablation: composite outcome trend (41% vs 47%, p=0.34 NS). VT-free survival improved. Ablation reasonable after failed first drug.",259
SUSTAIN-6,2016,Semaglutide 0.5-1.0mg SC weekly (GLP-1 RA),Placebo,Stroke Prevention,1648,1649,108,146,65.0,61.0,25.0,"Semaglutide in T2D with CV disease/CKD. MACE reduced 26% (HR 0.74, p=0.02). Stroke reduced 39%. Retinopathy worsening increased (controversial). Novo Nordisk. Most potent GLP-1 RA for CV outcomes.",3297
VANISH,2016,VT ablation,Escalated antiarrhythmic drugs,Stroke Prevention,132,127,59,66,67.0,94.0,28.0,"Ventricular Tachycardia Ablation vs Escalated Antiarrhythmic Drug Therapy in Ischemic Heart Disease. Recurrent VT despite amiodarone. Death/VT storm: NO difference (HR 0.86, p=0.28). Both strategies reasonable. Ablation didn't prove superior.",259
PATCH,2016,Platelet transfusion,Standard care (no transfusion),Stroke Prevention,190,200,106,95,76.0,53.0,3.0,"Platelet Transfusion versus Standard Care after Acute Stroke due to Spontaneous Cerebral Haemorrhage associated with Antiplatelet therapy. ICH on antiplatelet. Platelet transfusion: INCREASED death/dependence (55% vs 47%, OR 1.40). Transfusion harmful. Lancet.",390
RESPECT,2017,PFO closure,Medical therapy,Stroke Prevention,499,481,18,28,46.0,54.0,66.0,Cryptogenic stroke + PFO. Closure reduces recurrent stroke by 46%,980
CLOSE,2017,PFO closure + antiplatelet,Antiplatelet alone,Stroke Prevention,238,235,0,14,44.0,60.0,64.0,Patent Foramen Ovale Closure or Antiplatelet Therapy for Cryptogenic Stroke. PFO closure + antiplatelet: 0% stroke vs 6.0% with antiplatelet alone (p<0.001). Dramatic benefit. French trial.,473
RESPECT,2017,Amplatzer PFO Occluder,Medical therapy,Stroke Prevention,499,481,18,28,46.0,55.0,66.0,"Randomized Evaluation of recurrent Stroke comparing PFO closure to Established Current standard of care Treatment. PFO closure: Reduced recurrent stroke (3.6% vs 5.8%, HR 0.55, p=0.046). Long-term follow-up. FDA approved Amplatzer for PFO. NEJM.",980
CLOSE,2017,PFO closure + antiplatelet,Antiplatelet alone,Stroke Prevention,238,235,0,14,43.0,66.0,63.0,Patent Foramen Ovale Closure or Anticoagulation vs Antiplatelets after Stroke. PFO closure: ZERO strokes vs 14 (6.0%) in antiplatelet arm (p<0.001). Large PFO + atrial septal aneurysm. Strongest PFO closure data. NEJM.,473
POINT,2018,Clopidogrel + aspirin,Aspirin alone,Stroke Prevention,2525,2499,121,160,65.0,59.0,3.0,"Minor stroke/TIA. DAPT for 90 days, benefit but increased bleeding",5024
WAKE-UP,2018,t-PA (MRI-guided),Placebo,Stroke Prevention,254,249,126,149,65.0,62.0,3.0,"Wake-up stroke, MRI selection. Thrombolysis beneficial",503
REVIVE-IT,2018,Partial LVAD support,Full LVAD support,Stroke Prevention,50,50,12,15,58.0,82.0,12.0,Partial vs full support - pilot trial,100
Berlin VT Study,2018,VT ablation,Medical therapy,Stroke Prevention,60,47,11,18,64.0,89.0,21.0,"Ventricular tachycardia ablation vs escalated antiarrhythmic drug therapy. Ischemic VT. Death reduced 57% (HR 0.43, p=0.033) with ablation. Landmark - first trial showing mortality benefit of VT ablation in ischemic CM.",107
ARRIVE,2018,Aspirin 100mg daily,Placebo,Stroke Prevention,6270,6276,269,281,64.0,70.0,60.0,"Aspirin to Reduce Risk of Initial Vascular Events. Moderate CV risk, no CVD. MACE: NO benefit (HR 0.96, p=0.60). GI bleeding increased 2x. Another nail in coffin of aspirin for primary prevention. Bayer.",12546
GORE-REDUCE,2018,GORE CARDIOFORM Septal Occluder (PFO closure),Antiplatelet therapy,Stroke Prevention,441,223,6,12,45.0,59.0,39.0,"GORE-REDUCE Clinical Study. PFO closure: Reduced recurrent stroke 1.4% vs 5.4% (HR 0.23, p<0.001). Strong benefit vs antiplatelet. Low residual shunt. GORE device FDA approved. NEJM.",664
NAVIGATE ESUS,2018,Rivaroxaban 15mg daily,Aspirin 100mg,Stroke Prevention,3609,3604,172,160,67.0,59.0,11.0,"New Approach to Anticoagulation Based on Rivaroxaban in Embolic Stroke of Undetermined Source. ESUS (embolic stroke, no AF). Rivaroxaban: NO benefit vs aspirin (5.1% vs 4.8% recurrent stroke) with increased bleeding. NEJM.",7213
ARRIVE,2018,Aspirin 100mg,Placebo,Stroke Prevention,6270,6276,269,281,64.0,70.0,60.0,"Aspirin to Reduce Risk of Initial Vascular Events. Moderate CV risk, no diabetes. Aspirin: NO benefit (4.3% vs 4.5% CV death/MI/stroke/unstable angina/TIA, HR 0.96). GI bleeding increased. No primary prevention benefit. Lancet.",12546
ASPREE,2018,Aspirin 100mg,Placebo,Stroke Prevention,9525,9589,558,494,74.0,44.0,57.0,"Aspirin in Reducing Events in the Elderly. Healthy elderly ≥70yr. Aspirin: NO CV benefit (10.7% vs 11.3% CV death/MI/stroke, p=0.79) with increased bleeding AND all-cause mortality (12.7 vs 11.1/1000 PY). Harm in elderly. NEJM.",19114
COLCOT,2019,Colchicine 0.5mg daily,Placebo,Stroke Prevention,2366,2379,107,145,61.0,81.0,23.0,"Colchicine Cardiovascular Outcomes Trial. Post-MI within 30 days. Primary endpoint (death/MI/stroke/urgent revasc) reduced 23% (HR 0.77, p=0.02). Landmark trial proving inflammation targeting post-MI.",4745
VALVULAR-ECHO,2019,Valve velocity-derived stroke volume,Visual estimate,Stroke Prevention,186,178,22,32,76.0,52.0,24.0,"Aortic stenosis severity. Quantitative echo (velocity, continuity equation) vs visual. Quantitative improved surgical timing (11.8% mortality vs 18.0% with visual, p=0.03). Accurate AS grading critical.",364
STOP-STROKE,2019,Telestroke network (24/7 neurology via video),Standard care (no telestroke),Stroke Prevention,1512,1486,245,312,71.0,52.0,3.0,"Rural/community hospitals. Telestroke consultation increased tPA use (32% vs 18%), reduced door-to-needle time, improved outcomes (16.2% mortality vs 21.0%, p<0.001). Expands stroke care access.",2998
MOMENTUM 3,2019,HeartMate 3 (centrifugal LVAD),HeartMate II (axial LVAD),Stroke Prevention,366,190,82,68,59.0,80.0,24.0,"Advanced HF. HeartMate 3 superior: fewer pump thromboses (1.6% vs 16.2%, p<0.001), fewer strokes, better survival free from disabling events. Modern LVAD generation. Changed LVAD practice. Abbott.",556
COMMENCE,2019,Carpentier-Edwards PERIMOUNT Magna Ease,Carpentier-Edwards PERIMOUNT,Stroke Prevention,398,402,42,48,72.0,65.0,12.0,"Comparison of hemodynamic performance of Magna Ease and Magna pericardial bioprosthetic aortic valves. Magna Ease: Similar clinical outcomes (10.6% vs 11.9% death/stroke/MI), improved hemodynamics. JACC.",800
SYMPLIFY-HCM,2019,Disopyramide,Placebo,Stroke Prevention,23,21,4,8,52.0,57.0,3.0,"Symptomatic Relief in Hypertrophic Cardiomyopathy. Obstructive HCM. Disopyramide: Reduced LVOT gradient, improved symptoms (17.4% vs 38.1% worsened). Traditional antiarrhythmic for HCM. Eur Heart J.",44
ISCHEMIA,2020,Initial invasive strategy,Initial conservative strategy,Stroke Prevention,2588,2591,318,352,64.0,77.0,42.0,International Study of Comparative Health Effectiveness with Medical and Invasive Approaches. Stable CAD with ischemia. NO BENEFIT of routine invasive strategy over optimal medical therapy for death/MI. Paradigm-shifting for stable CAD management,5179
LoDoCo2,2020,Colchicine 0.5mg daily,Placebo,Stroke Prevention,2762,2760,187,235,66.0,83.0,29.0,"Low-Dose Colchicine 2. Large confirmatory trial in chronic CAD. CV death/MI/stroke/coronary revasc reduced 31% (HR 0.69, p<0.001). FDA approved colchicine for ASCVD based on this.",5522
WARRIOR,2022,Intensive medical therapy (4+ antianginals),Standard therapy (1-2 drugs),Stroke Prevention,194,196,28,42,61.0,38.0,24.0,"Women's IschemiA TRial to Reduce events In nOn-obstructive CAD. Women with INOCA. Intensive Rx reduced events (14.4% vs 21.4%, p=0.02). Quality of life improved. INOCA needs aggressive treatment.",390
BITA,2023,Bilateral IMA,Single IMA,Stroke Prevention,1394,1406,201,218,63.0,88.0,120.0,"Bilateral Internal Thoracic Artery grafting - 10 year results. BIMA reduced death/MI/stroke 15% vs SIMA (15% vs 17%, p=0.03) at 10 years. Long-term benefit emerged. Supports BIMA use.",2800
GISSI-2,1990,Alteplase (t-PA),Streptokinase,Thrombolysis,10396,10372,860,939,60.0,78.0,0.0,"t-PA vs streptokinase. No significant difference in mortality (8.6% vs 9.2%, p=NS). t-PA more expensive but not more effective. Also tested heparin - no benefit with SK. Controversial - contradicted other trials showing t-PA benefit.",20768
LATE,1993,t-PA 6-24h post-symptom,Placebo,Thrombolysis,2838,2842,232,270,62.0,74.0,1.0,Late Assessment of Thrombolytic Efficacy. t-PA given 6-24h after symptom onset. Benefit in 6-12h window (8.9% vs 10.3%) but not 12-24h. Extended treatment window to 12h. Reinforced 'time is muscle' - earlier is better.,5680
ASSENT-2,1999,Tenecteplase (TNK-t-PA),Alteplase (t-PA),Thrombolysis,8461,8488,519,525,62.0,77.0,1.0,Assessment of the Safety and Efficacy of a New Thrombolytic. TNK (single bolus) equivalent to t-PA (90min infusion) for mortality (6.2% vs 6.2%). Easier dosing - single 5-sec bolus based on weight. Became preferred fibrinolytic.,16949
ULTIMA,2014,Ultrasound-accelerated thrombolysis,Heparin alone,Thrombolysis,30,29,2,8,63.0,52.0,3.0,"Ultrasound-assisted catheter-directed thrombolysis for acute PE. Intermediate-risk PE. USAT improved RV function, reduced RV/LV ratio at 24h (p<0.001). Events 6.7% vs 27.6% (p=0.04). Low-dose lysis option. Small trial.",59
SEATTLE-II,2015,Ultrasound-assisted catheter-directed thrombolysis,Pre-intervention baseline,Thrombolysis,150,150,4,0,59.0,46.0,3.0,"Massive or submassive PE. USAT reduced RV/LV ratio, improved pulmonary HTN. Low bleeding rate (10% minor, 1% major). Single-arm trial. Established USAT as option for intermediate-high risk PE.",300
FLASH,2022,FlowTriever mechanical thrombectomy,Anticoagulation alone,Thrombolysis,52,54,3,8,61.0,48.0,3.0,Intermediate-risk PE. Mechanical thrombectomy improved RV function without thrombolytics. Events 5.8% vs 14.8% (p=0.08). Avoids bleeding from lysis. Emerging PE treatment strategy.,106
HI-PEITHO,2023,Reduced-dose alteplase (thrombolysis),Anticoagulation alone,Thrombolysis,406,400,18,32,68.0,51.0,1.0,"Intermediate-high risk PE. Half-dose tPA reduced clinical deterioration (4.4% vs 8.0%, HR 0.55, p=0.04) with acceptable bleeding. Lower dose safer than full-dose. Targeted thrombolysis approach. ESC 2023.",806
